
Note: No compatibility mode selected!


Circuit: * spdx-license-identifier: agpl-3.0-only

Doing analysis at TEMP = 27.000000 and TNOM = 27.000000

Using SPARSE 1.3 as Direct Linear Solver
Operating point simulation skipped by 'uic',
  now using transient initial conditions.

No. of Data Rows : 2020
                    * spdx-license-identifier: agpl-3.0-only
                    Transient Analysis  Sat Oct  3 20:06:56  2026
--------------------------------------------------------------------------------
Index   time            v(xcell.q)      v(xcell.qb)     v(wl)           
--------------------------------------------------------------------------------
0	1.000000e-13	2.492163e+00	6.255867e-01	1.800000e-03	
1	1.541049e-13	2.439733e+00	5.815776e-01	2.773888e-03	
2	2.623147e-13	2.370668e+00	5.150052e-01	4.721665e-03	
3	4.787344e-13	2.311751e+00	4.323119e-01	8.617218e-03	
4	9.115736e-13	2.220996e+00	3.042484e-01	1.640833e-02	
5	1.777252e-12	2.093458e+00	1.428972e-01	3.199054e-02	
6	3.508609e-12	1.957980e+00	1.460302e-02	6.315497e-02	
7	6.971323e-12	1.857773e+00	-2.47249e-02	1.254838e-01	
8	1.000000e-11	1.831273e+00	-1.38078e-02	1.800000e-01	
9	1.069254e-11	1.827572e+00	-1.21982e-02	1.924658e-01	
10	1.207763e-11	1.821092e+00	-9.19467e-03	2.173973e-01	
11	1.484780e-11	1.812377e+00	-4.58041e-03	2.672604e-01	
12	2.038814e-11	1.804202e+00	1.102404e-03	3.669866e-01	
13	3.038814e-11	1.800629e+00	5.833974e-03	5.469866e-01	
14	4.038814e-11	1.800064e+00	6.377610e-03	7.269866e-01	
15	5.038814e-11	1.799834e+00	5.532233e-03	9.069866e-01	
16	6.038814e-11	1.799923e+00	5.076086e-03	1.086987e+00	
17	7.038814e-11	1.799909e+00	4.576684e-03	1.266987e+00	
18	8.038814e-11	1.799938e+00	4.220494e-03	1.446987e+00	
19	9.038814e-11	1.799940e+00	3.887721e-03	1.626987e+00	
20	1.000000e-10	1.799952e+00	3.629349e-03	1.800000e+00	
21	1.010000e-10	1.799442e+00	2.072217e-03	1.800000e+00	
22	1.030000e-10	1.799074e+00	3.455453e-04	1.800000e+00	
23	1.070000e-10	1.799568e+00	3.744787e-05	1.800000e+00	
24	1.150000e-10	1.799978e+00	2.762976e-05	1.800000e+00	
25	1.250000e-10	1.799994e+00	-1.32802e-05	1.800000e+00	
26	1.350000e-10	1.800004e+00	8.063862e-06	1.800000e+00	
27	1.450000e-10	1.799997e+00	-4.95478e-06	1.800000e+00	
28	1.550000e-10	1.800002e+00	3.051781e-06	1.800000e+00	
29	1.650000e-10	1.799999e+00	-1.87266e-06	1.800000e+00	
30	1.750000e-10	1.800001e+00	1.156504e-06	1.800000e+00	
31	1.850000e-10	1.800000e+00	-7.06710e-07	1.800000e+00	
32	1.950000e-10	1.800000e+00	4.393746e-07	1.800000e+00	
33	2.050000e-10	1.800000e+00	-2.65579e-07	1.800000e+00	
34	2.150000e-10	1.800000e+00	1.680415e-07	1.800000e+00	
35	2.250000e-10	1.800000e+00	-9.86782e-08	1.800000e+00	
36	2.350000e-10	1.800000e+00	6.538169e-08	1.800000e+00	
37	2.450000e-10	1.800000e+00	-3.55316e-08	1.800000e+00	
38	2.550000e-10	1.800000e+00	2.654031e-08	1.800000e+00	
39	2.650000e-10	1.800000e+00	-1.16401e-08	1.800000e+00	
40	2.750000e-10	1.800000e+00	1.184469e-08	1.800000e+00	
41	2.850000e-10	1.800000e+00	-2.60085e-09	1.800000e+00	
42	2.950000e-10	1.800000e+00	6.284613e-09	1.800000e+00	
43	3.050000e-10	1.800000e+00	8.191572e-10	1.800000e+00	
44	3.150000e-10	1.800000e+00	4.180963e-09	1.800000e+00	
45	3.250000e-10	1.800000e+00	2.113114e-09	1.800000e+00	
46	3.350000e-10	1.800000e+00	3.385050e-09	1.800000e+00	
47	3.450000e-10	1.800000e+00	2.602681e-09	1.800000e+00	
48	3.550000e-10	1.800000e+00	3.083917e-09	1.800000e+00	
49	3.650000e-10	1.800000e+00	2.787908e-09	1.800000e+00	
50	3.750000e-10	1.800000e+00	2.969983e-09	1.800000e+00	
51	3.850000e-10	1.800000e+00	2.857989e-09	1.800000e+00	
52	3.950000e-10	1.800000e+00	2.926877e-09	1.800000e+00	
53	4.050000e-10	1.800000e+00	2.884504e-09	1.800000e+00	
54	4.150000e-10	1.800000e+00	2.910567e-09	1.800000e+00	

Index   time            v(xcell.q)      v(xcell.qb)     v(wl)           
--------------------------------------------------------------------------------
55	4.250000e-10	1.800000e+00	2.894535e-09	1.800000e+00	
56	4.350000e-10	1.800000e+00	2.904397e-09	1.800000e+00	
57	4.450000e-10	1.800000e+00	2.898331e-09	1.800000e+00	
58	4.550000e-10	1.800000e+00	2.902062e-09	1.800000e+00	
59	4.650000e-10	1.800000e+00	2.899767e-09	1.800000e+00	
60	4.750000e-10	1.800000e+00	2.901179e-09	1.800000e+00	
61	4.850000e-10	1.800000e+00	2.900310e-09	1.800000e+00	
62	4.950000e-10	1.800000e+00	2.900844e-09	1.800000e+00	
63	5.050000e-10	1.800000e+00	2.900516e-09	1.800000e+00	
64	5.150000e-10	1.800000e+00	2.900718e-09	1.800000e+00	
65	5.250000e-10	1.800000e+00	2.900594e-09	1.800000e+00	
66	5.350000e-10	1.800000e+00	2.900670e-09	1.800000e+00	
67	5.450000e-10	1.800000e+00	2.900623e-09	1.800000e+00	
68	5.550000e-10	1.800000e+00	2.900652e-09	1.800000e+00	
69	5.650000e-10	1.800000e+00	2.900634e-09	1.800000e+00	
70	5.750000e-10	1.800000e+00	2.900645e-09	1.800000e+00	
71	5.850000e-10	1.800000e+00	2.900638e-09	1.800000e+00	
72	5.950000e-10	1.800000e+00	2.900643e-09	1.800000e+00	
73	6.050000e-10	1.800000e+00	2.900640e-09	1.800000e+00	
74	6.150000e-10	1.800000e+00	2.900642e-09	1.800000e+00	
75	6.250000e-10	1.800000e+00	2.900641e-09	1.800000e+00	
76	6.350000e-10	1.800000e+00	2.900641e-09	1.800000e+00	
77	6.450000e-10	1.800000e+00	2.900641e-09	1.800000e+00	
78	6.550000e-10	1.800000e+00	2.900641e-09	1.800000e+00	
79	6.650000e-10	1.800000e+00	2.900641e-09	1.800000e+00	
80	6.750000e-10	1.800000e+00	2.900641e-09	1.800000e+00	
81	6.850000e-10	1.800000e+00	2.900641e-09	1.800000e+00	
82	6.950000e-10	1.800000e+00	2.900641e-09	1.800000e+00	
83	7.050000e-10	1.800000e+00	2.900641e-09	1.800000e+00	
84	7.150000e-10	1.800000e+00	2.900641e-09	1.800000e+00	
85	7.250000e-10	1.800000e+00	2.900641e-09	1.800000e+00	
86	7.350000e-10	1.800000e+00	2.900641e-09	1.800000e+00	
87	7.450000e-10	1.800000e+00	2.900641e-09	1.800000e+00	
88	7.550000e-10	1.800000e+00	2.900641e-09	1.800000e+00	
89	7.650000e-10	1.800000e+00	2.900641e-09	1.800000e+00	
90	7.750000e-10	1.800000e+00	2.900641e-09	1.800000e+00	
91	7.850000e-10	1.800000e+00	2.900641e-09	1.800000e+00	
92	7.950000e-10	1.800000e+00	2.900641e-09	1.800000e+00	
93	8.050000e-10	1.800000e+00	2.900641e-09	1.800000e+00	
94	8.150000e-10	1.800000e+00	2.900641e-09	1.800000e+00	
95	8.250000e-10	1.800000e+00	2.900641e-09	1.800000e+00	
96	8.350000e-10	1.800000e+00	2.900641e-09	1.800000e+00	
97	8.450000e-10	1.800000e+00	2.900641e-09	1.800000e+00	
98	8.550000e-10	1.800000e+00	2.900641e-09	1.800000e+00	
99	8.650000e-10	1.800000e+00	2.900641e-09	1.800000e+00	
100	8.750000e-10	1.800000e+00	2.900641e-09	1.800000e+00	
101	8.850000e-10	1.800000e+00	2.900641e-09	1.800000e+00	
102	8.950000e-10	1.800000e+00	2.900641e-09	1.800000e+00	
103	9.050000e-10	1.800000e+00	2.900641e-09	1.800000e+00	
104	9.150000e-10	1.800000e+00	2.900641e-09	1.800000e+00	
105	9.250000e-10	1.800000e+00	2.900641e-09	1.800000e+00	
106	9.350000e-10	1.800000e+00	2.900641e-09	1.800000e+00	
107	9.450000e-10	1.800000e+00	2.900641e-09	1.800000e+00	
108	9.550000e-10	1.800000e+00	2.900641e-09	1.800000e+00	
109	9.650000e-10	1.800000e+00	2.900641e-09	1.800000e+00	
110	9.750000e-10	1.800000e+00	2.900641e-09	1.800000e+00	
111	9.850000e-10	1.800000e+00	2.900641e-09	1.800000e+00	
112	9.950000e-10	1.800000e+00	2.900641e-09	1.800000e+00	

Index   time            v(xcell.q)      v(xcell.qb)     v(wl)           
--------------------------------------------------------------------------------
113	1.005000e-09	1.800000e+00	2.900641e-09	1.800000e+00	
114	1.015000e-09	1.800000e+00	2.900641e-09	1.800000e+00	
115	1.025000e-09	1.800000e+00	2.900641e-09	1.800000e+00	
116	1.035000e-09	1.800000e+00	2.900641e-09	1.800000e+00	
117	1.045000e-09	1.800000e+00	2.900641e-09	1.800000e+00	
118	1.055000e-09	1.800000e+00	2.900641e-09	1.800000e+00	
119	1.065000e-09	1.800000e+00	2.900641e-09	1.800000e+00	
120	1.075000e-09	1.800000e+00	2.900641e-09	1.800000e+00	
121	1.085000e-09	1.800000e+00	2.900641e-09	1.800000e+00	
122	1.095000e-09	1.800000e+00	2.900641e-09	1.800000e+00	
123	1.105000e-09	1.800000e+00	2.900641e-09	1.800000e+00	
124	1.115000e-09	1.800000e+00	2.900641e-09	1.800000e+00	
125	1.125000e-09	1.800000e+00	2.900641e-09	1.800000e+00	
126	1.135000e-09	1.800000e+00	2.900641e-09	1.800000e+00	
127	1.145000e-09	1.800000e+00	2.900641e-09	1.800000e+00	
128	1.155000e-09	1.800000e+00	2.900641e-09	1.800000e+00	
129	1.165000e-09	1.800000e+00	2.900641e-09	1.800000e+00	
130	1.175000e-09	1.800000e+00	2.900641e-09	1.800000e+00	
131	1.185000e-09	1.800000e+00	2.900641e-09	1.800000e+00	
132	1.195000e-09	1.800000e+00	2.900641e-09	1.800000e+00	
133	1.205000e-09	1.800000e+00	2.900641e-09	1.800000e+00	
134	1.215000e-09	1.800000e+00	2.900641e-09	1.800000e+00	
135	1.225000e-09	1.800000e+00	2.900641e-09	1.800000e+00	
136	1.235000e-09	1.800000e+00	2.900641e-09	1.800000e+00	
137	1.245000e-09	1.800000e+00	2.900641e-09	1.800000e+00	
138	1.255000e-09	1.800000e+00	2.900641e-09	1.800000e+00	
139	1.265000e-09	1.800000e+00	2.900641e-09	1.800000e+00	
140	1.275000e-09	1.800000e+00	2.900641e-09	1.800000e+00	
141	1.285000e-09	1.800000e+00	2.900641e-09	1.800000e+00	
142	1.295000e-09	1.800000e+00	2.900641e-09	1.800000e+00	
143	1.305000e-09	1.800000e+00	2.900641e-09	1.800000e+00	
144	1.315000e-09	1.800000e+00	2.900641e-09	1.800000e+00	
145	1.325000e-09	1.800000e+00	2.900641e-09	1.800000e+00	
146	1.335000e-09	1.800000e+00	2.900641e-09	1.800000e+00	
147	1.345000e-09	1.800000e+00	2.900641e-09	1.800000e+00	
148	1.355000e-09	1.800000e+00	2.900641e-09	1.800000e+00	
149	1.365000e-09	1.800000e+00	2.900641e-09	1.800000e+00	
150	1.375000e-09	1.800000e+00	2.900641e-09	1.800000e+00	
151	1.385000e-09	1.800000e+00	2.900641e-09	1.800000e+00	
152	1.395000e-09	1.800000e+00	2.900641e-09	1.800000e+00	
153	1.405000e-09	1.800000e+00	2.900641e-09	1.800000e+00	
154	1.415000e-09	1.800000e+00	2.900641e-09	1.800000e+00	
155	1.425000e-09	1.800000e+00	2.900641e-09	1.800000e+00	
156	1.435000e-09	1.800000e+00	2.900641e-09	1.800000e+00	
157	1.445000e-09	1.800000e+00	2.900641e-09	1.800000e+00	
158	1.455000e-09	1.800000e+00	2.900641e-09	1.800000e+00	
159	1.465000e-09	1.800000e+00	2.900641e-09	1.800000e+00	
160	1.475000e-09	1.800000e+00	2.900641e-09	1.800000e+00	
161	1.485000e-09	1.800000e+00	2.900641e-09	1.800000e+00	
162	1.495000e-09	1.800000e+00	2.900641e-09	1.800000e+00	
163	1.505000e-09	1.800000e+00	2.900641e-09	1.800000e+00	
164	1.515000e-09	1.800000e+00	2.900641e-09	1.800000e+00	
165	1.525000e-09	1.800000e+00	2.900641e-09	1.800000e+00	
166	1.535000e-09	1.800000e+00	2.900641e-09	1.800000e+00	
167	1.545000e-09	1.800000e+00	2.900641e-09	1.800000e+00	
168	1.555000e-09	1.800000e+00	2.900641e-09	1.800000e+00	
169	1.565000e-09	1.800000e+00	2.900641e-09	1.800000e+00	
170	1.575000e-09	1.800000e+00	2.900641e-09	1.800000e+00	

Index   time            v(xcell.q)      v(xcell.qb)     v(wl)           
--------------------------------------------------------------------------------
171	1.585000e-09	1.800000e+00	2.900641e-09	1.800000e+00	
172	1.595000e-09	1.800000e+00	2.900641e-09	1.800000e+00	
173	1.605000e-09	1.800000e+00	2.900641e-09	1.800000e+00	
174	1.615000e-09	1.800000e+00	2.900641e-09	1.800000e+00	
175	1.625000e-09	1.800000e+00	2.900641e-09	1.800000e+00	
176	1.635000e-09	1.800000e+00	2.900641e-09	1.800000e+00	
177	1.645000e-09	1.800000e+00	2.900641e-09	1.800000e+00	
178	1.655000e-09	1.800000e+00	2.900641e-09	1.800000e+00	
179	1.665000e-09	1.800000e+00	2.900641e-09	1.800000e+00	
180	1.675000e-09	1.800000e+00	2.900641e-09	1.800000e+00	
181	1.685000e-09	1.800000e+00	2.900641e-09	1.800000e+00	
182	1.695000e-09	1.800000e+00	2.900641e-09	1.800000e+00	
183	1.705000e-09	1.800000e+00	2.900641e-09	1.800000e+00	
184	1.715000e-09	1.800000e+00	2.900641e-09	1.800000e+00	
185	1.725000e-09	1.800000e+00	2.900641e-09	1.800000e+00	
186	1.735000e-09	1.800000e+00	2.900641e-09	1.800000e+00	
187	1.745000e-09	1.800000e+00	2.900641e-09	1.800000e+00	
188	1.755000e-09	1.800000e+00	2.900641e-09	1.800000e+00	
189	1.765000e-09	1.800000e+00	2.900641e-09	1.800000e+00	
190	1.775000e-09	1.800000e+00	2.900641e-09	1.800000e+00	
191	1.785000e-09	1.800000e+00	2.900641e-09	1.800000e+00	
192	1.795000e-09	1.800000e+00	2.900641e-09	1.800000e+00	
193	1.805000e-09	1.800000e+00	2.900641e-09	1.800000e+00	
194	1.815000e-09	1.800000e+00	2.900641e-09	1.800000e+00	
195	1.825000e-09	1.800000e+00	2.900641e-09	1.800000e+00	
196	1.835000e-09	1.800000e+00	2.900641e-09	1.800000e+00	
197	1.845000e-09	1.800000e+00	2.900641e-09	1.800000e+00	
198	1.855000e-09	1.800000e+00	2.900641e-09	1.800000e+00	
199	1.865000e-09	1.800000e+00	2.900641e-09	1.800000e+00	
200	1.875000e-09	1.800000e+00	2.900641e-09	1.800000e+00	
201	1.885000e-09	1.800000e+00	2.900641e-09	1.800000e+00	
202	1.895000e-09	1.800000e+00	2.900641e-09	1.800000e+00	
203	1.905000e-09	1.800000e+00	2.900641e-09	1.800000e+00	
204	1.915000e-09	1.800000e+00	2.900641e-09	1.800000e+00	
205	1.925000e-09	1.800000e+00	2.900641e-09	1.800000e+00	
206	1.935000e-09	1.800000e+00	2.900641e-09	1.800000e+00	
207	1.945000e-09	1.800000e+00	2.900641e-09	1.800000e+00	
208	1.955000e-09	1.800000e+00	2.900641e-09	1.800000e+00	
209	1.965000e-09	1.800000e+00	2.900641e-09	1.800000e+00	
210	1.975000e-09	1.800000e+00	2.900641e-09	1.800000e+00	
211	1.985000e-09	1.800000e+00	2.900641e-09	1.800000e+00	
212	1.995000e-09	1.800000e+00	2.900641e-09	1.800000e+00	
213	2.000000e-09	1.800000e+00	2.900641e-09	1.800000e+00	
214	2.001000e-09	1.799486e+00	-1.54420e-03	1.782000e+00	
215	2.003000e-09	1.799099e+00	-3.28063e-03	1.746000e+00	
216	2.007000e-09	1.799551e+00	-3.68646e-03	1.674000e+00	
217	2.015000e-09	1.799931e+00	-3.91736e-03	1.530000e+00	
218	2.025000e-09	1.799935e+00	-4.28096e-03	1.350000e+00	
219	2.035000e-09	1.799936e+00	-4.63687e-03	1.170000e+00	
220	2.045000e-09	1.799916e+00	-5.10044e-03	9.900000e-01	
221	2.055000e-09	1.799902e+00	-5.64410e-03	8.100000e-01	
222	2.065000e-09	1.799871e+00	-6.35719e-03	6.300000e-01	
223	2.075000e-09	1.799936e+00	-6.73829e-03	4.500000e-01	
224	2.085000e-09	1.800612e+00	-3.55252e-03	2.700000e-01	
225	2.095000e-09	1.800609e+00	-1.51026e-04	9.000000e-02	
226	2.100000e-09	1.800179e+00	-1.04219e-04	0.000000e+00	
227	2.101000e-09	1.800152e+00	-8.44061e-05	0.000000e+00	
228	2.103000e-09	1.800106e+00	-5.33187e-05	0.000000e+00	

Index   time            v(xcell.q)      v(xcell.qb)     v(wl)           
--------------------------------------------------------------------------------
229	2.107000e-09	1.800048e+00	-2.23163e-05	0.000000e+00	
230	2.115000e-09	1.800006e+00	-3.02039e-06	0.000000e+00	
231	2.125000e-09	1.800000e+00	-3.66669e-08	0.000000e+00	
232	2.135000e-09	1.800000e+00	-7.79797e-09	0.000000e+00	
233	2.145000e-09	1.800000e+00	1.104947e-08	0.000000e+00	
234	2.155000e-09	1.800000e+00	3.324616e-09	0.000000e+00	
235	2.165000e-09	1.800000e+00	6.955449e-09	0.000000e+00	
236	2.175000e-09	1.800000e+00	5.263110e-09	0.000000e+00	
237	2.185000e-09	1.800000e+00	6.052217e-09	0.000000e+00	
238	2.195000e-09	1.800000e+00	5.684278e-09	0.000000e+00	
239	2.205000e-09	1.800000e+00	5.855838e-09	0.000000e+00	
240	2.215000e-09	1.800000e+00	5.775844e-09	0.000000e+00	
241	2.225000e-09	1.800000e+00	5.813143e-09	0.000000e+00	
242	2.235000e-09	1.800000e+00	5.795751e-09	0.000000e+00	
243	2.245000e-09	1.800000e+00	5.803861e-09	0.000000e+00	
244	2.255000e-09	1.800000e+00	5.800080e-09	0.000000e+00	
245	2.265000e-09	1.800000e+00	5.801843e-09	0.000000e+00	
246	2.275000e-09	1.800000e+00	5.801021e-09	0.000000e+00	
247	2.285000e-09	1.800000e+00	5.801404e-09	0.000000e+00	
248	2.295000e-09	1.800000e+00	5.801225e-09	0.000000e+00	
249	2.305000e-09	1.800000e+00	5.801309e-09	0.000000e+00	
250	2.315000e-09	1.800000e+00	5.801270e-09	0.000000e+00	
251	2.325000e-09	1.800000e+00	5.801288e-09	0.000000e+00	
252	2.335000e-09	1.800000e+00	5.801280e-09	0.000000e+00	
253	2.345000e-09	1.800000e+00	5.801283e-09	0.000000e+00	
254	2.355000e-09	1.800000e+00	5.801282e-09	0.000000e+00	
255	2.365000e-09	1.800000e+00	5.801282e-09	0.000000e+00	
256	2.375000e-09	1.800000e+00	5.801282e-09	0.000000e+00	
257	2.385000e-09	1.800000e+00	5.801282e-09	0.000000e+00	
258	2.395000e-09	1.800000e+00	5.801282e-09	0.000000e+00	
259	2.405000e-09	1.800000e+00	5.801282e-09	0.000000e+00	
260	2.415000e-09	1.800000e+00	5.801282e-09	0.000000e+00	
261	2.425000e-09	1.800000e+00	5.801282e-09	0.000000e+00	
262	2.435000e-09	1.800000e+00	5.801282e-09	0.000000e+00	
263	2.445000e-09	1.800000e+00	5.801282e-09	0.000000e+00	
264	2.455000e-09	1.800000e+00	5.801282e-09	0.000000e+00	
265	2.465000e-09	1.800000e+00	5.801282e-09	0.000000e+00	
266	2.475000e-09	1.800000e+00	5.801282e-09	0.000000e+00	
267	2.485000e-09	1.800000e+00	5.801282e-09	0.000000e+00	
268	2.495000e-09	1.800000e+00	5.801282e-09	0.000000e+00	
269	2.505000e-09	1.800000e+00	5.801282e-09	0.000000e+00	
270	2.515000e-09	1.800000e+00	5.801282e-09	0.000000e+00	
271	2.525000e-09	1.800000e+00	5.801282e-09	0.000000e+00	
272	2.535000e-09	1.800000e+00	5.801282e-09	0.000000e+00	
273	2.545000e-09	1.800000e+00	5.801282e-09	0.000000e+00	
274	2.555000e-09	1.800000e+00	5.801282e-09	0.000000e+00	
275	2.565000e-09	1.800000e+00	5.801282e-09	0.000000e+00	
276	2.575000e-09	1.800000e+00	5.801282e-09	0.000000e+00	
277	2.585000e-09	1.800000e+00	5.801282e-09	0.000000e+00	
278	2.595000e-09	1.800000e+00	5.801282e-09	0.000000e+00	
279	2.605000e-09	1.800000e+00	5.801282e-09	0.000000e+00	
280	2.615000e-09	1.800000e+00	5.801282e-09	0.000000e+00	
281	2.625000e-09	1.800000e+00	5.801282e-09	0.000000e+00	
282	2.635000e-09	1.800000e+00	5.801282e-09	0.000000e+00	
283	2.645000e-09	1.800000e+00	5.801282e-09	0.000000e+00	
284	2.655000e-09	1.800000e+00	5.801282e-09	0.000000e+00	
285	2.665000e-09	1.800000e+00	5.801282e-09	0.000000e+00	
286	2.675000e-09	1.800000e+00	5.801282e-09	0.000000e+00	

Index   time            v(xcell.q)      v(xcell.qb)     v(wl)           
--------------------------------------------------------------------------------
287	2.685000e-09	1.800000e+00	5.801282e-09	0.000000e+00	
288	2.695000e-09	1.800000e+00	5.801282e-09	0.000000e+00	
289	2.705000e-09	1.800000e+00	5.801282e-09	0.000000e+00	
290	2.715000e-09	1.800000e+00	5.801282e-09	0.000000e+00	
291	2.725000e-09	1.800000e+00	5.801282e-09	0.000000e+00	
292	2.735000e-09	1.800000e+00	5.801282e-09	0.000000e+00	
293	2.745000e-09	1.800000e+00	5.801282e-09	0.000000e+00	
294	2.755000e-09	1.800000e+00	5.801282e-09	0.000000e+00	
295	2.765000e-09	1.800000e+00	5.801282e-09	0.000000e+00	
296	2.775000e-09	1.800000e+00	5.801282e-09	0.000000e+00	
297	2.785000e-09	1.800000e+00	5.801282e-09	0.000000e+00	
298	2.795000e-09	1.800000e+00	5.801282e-09	0.000000e+00	
299	2.805000e-09	1.800000e+00	5.801282e-09	0.000000e+00	
300	2.815000e-09	1.800000e+00	5.801282e-09	0.000000e+00	
301	2.825000e-09	1.800000e+00	5.801282e-09	0.000000e+00	
302	2.835000e-09	1.800000e+00	5.801282e-09	0.000000e+00	
303	2.845000e-09	1.800000e+00	5.801282e-09	0.000000e+00	
304	2.855000e-09	1.800000e+00	5.801282e-09	0.000000e+00	
305	2.865000e-09	1.800000e+00	5.801282e-09	0.000000e+00	
306	2.875000e-09	1.800000e+00	5.801282e-09	0.000000e+00	
307	2.885000e-09	1.800000e+00	5.801282e-09	0.000000e+00	
308	2.895000e-09	1.800000e+00	5.801282e-09	0.000000e+00	
309	2.905000e-09	1.800000e+00	5.801282e-09	0.000000e+00	
310	2.915000e-09	1.800000e+00	5.801282e-09	0.000000e+00	
311	2.925000e-09	1.800000e+00	5.801282e-09	0.000000e+00	
312	2.935000e-09	1.800000e+00	5.801282e-09	0.000000e+00	
313	2.945000e-09	1.800000e+00	5.801282e-09	0.000000e+00	
314	2.955000e-09	1.800000e+00	5.801282e-09	0.000000e+00	
315	2.965000e-09	1.800000e+00	5.801282e-09	0.000000e+00	
316	2.975000e-09	1.800000e+00	5.801282e-09	0.000000e+00	
317	2.985000e-09	1.800000e+00	5.801282e-09	0.000000e+00	
318	2.995000e-09	1.800000e+00	5.801282e-09	0.000000e+00	
319	3.005000e-09	1.800000e+00	5.801282e-09	0.000000e+00	
320	3.015000e-09	1.800000e+00	5.801282e-09	0.000000e+00	
321	3.025000e-09	1.800000e+00	5.801282e-09	0.000000e+00	
322	3.035000e-09	1.800000e+00	5.801282e-09	0.000000e+00	
323	3.045000e-09	1.800000e+00	5.801282e-09	0.000000e+00	
324	3.055000e-09	1.800000e+00	5.801282e-09	0.000000e+00	
325	3.065000e-09	1.800000e+00	5.801282e-09	0.000000e+00	
326	3.075000e-09	1.800000e+00	5.801282e-09	0.000000e+00	
327	3.085000e-09	1.800000e+00	5.801282e-09	0.000000e+00	
328	3.095000e-09	1.800000e+00	5.801282e-09	0.000000e+00	
329	3.105000e-09	1.800000e+00	5.801282e-09	0.000000e+00	
330	3.115000e-09	1.800000e+00	5.801282e-09	0.000000e+00	
331	3.125000e-09	1.800000e+00	5.801282e-09	0.000000e+00	
332	3.135000e-09	1.800000e+00	5.801282e-09	0.000000e+00	
333	3.145000e-09	1.800000e+00	5.801282e-09	0.000000e+00	
334	3.155000e-09	1.800000e+00	5.801282e-09	0.000000e+00	
335	3.165000e-09	1.800000e+00	5.801282e-09	0.000000e+00	
336	3.175000e-09	1.800000e+00	5.801282e-09	0.000000e+00	
337	3.185000e-09	1.800000e+00	5.801282e-09	0.000000e+00	
338	3.195000e-09	1.800000e+00	5.801282e-09	0.000000e+00	
339	3.205000e-09	1.800000e+00	5.801282e-09	0.000000e+00	
340	3.215000e-09	1.800000e+00	5.801282e-09	0.000000e+00	
341	3.225000e-09	1.800000e+00	5.801282e-09	0.000000e+00	
342	3.235000e-09	1.800000e+00	5.801282e-09	0.000000e+00	
343	3.245000e-09	1.800000e+00	5.801282e-09	0.000000e+00	
344	3.255000e-09	1.800000e+00	5.801282e-09	0.000000e+00	

Index   time            v(xcell.q)      v(xcell.qb)     v(wl)           
--------------------------------------------------------------------------------
345	3.265000e-09	1.800000e+00	5.801282e-09	0.000000e+00	
346	3.275000e-09	1.800000e+00	5.801282e-09	0.000000e+00	
347	3.285000e-09	1.800000e+00	5.801282e-09	0.000000e+00	
348	3.295000e-09	1.800000e+00	5.801282e-09	0.000000e+00	
349	3.305000e-09	1.800000e+00	5.801282e-09	0.000000e+00	
350	3.315000e-09	1.800000e+00	5.801282e-09	0.000000e+00	
351	3.325000e-09	1.800000e+00	5.801282e-09	0.000000e+00	
352	3.335000e-09	1.800000e+00	5.801282e-09	0.000000e+00	
353	3.345000e-09	1.800000e+00	5.801282e-09	0.000000e+00	
354	3.355000e-09	1.800000e+00	5.801282e-09	0.000000e+00	
355	3.365000e-09	1.800000e+00	5.801282e-09	0.000000e+00	
356	3.375000e-09	1.800000e+00	5.801282e-09	0.000000e+00	
357	3.385000e-09	1.800000e+00	5.801282e-09	0.000000e+00	
358	3.395000e-09	1.800000e+00	5.801282e-09	0.000000e+00	
359	3.405000e-09	1.800000e+00	5.801282e-09	0.000000e+00	
360	3.415000e-09	1.800000e+00	5.801282e-09	0.000000e+00	
361	3.425000e-09	1.800000e+00	5.801282e-09	0.000000e+00	
362	3.435000e-09	1.800000e+00	5.801282e-09	0.000000e+00	
363	3.445000e-09	1.800000e+00	5.801282e-09	0.000000e+00	
364	3.455000e-09	1.800000e+00	5.801282e-09	0.000000e+00	
365	3.465000e-09	1.800000e+00	5.801282e-09	0.000000e+00	
366	3.475000e-09	1.800000e+00	5.801282e-09	0.000000e+00	
367	3.485000e-09	1.800000e+00	5.801282e-09	0.000000e+00	
368	3.495000e-09	1.800000e+00	5.801282e-09	0.000000e+00	
369	3.505000e-09	1.800000e+00	5.801282e-09	0.000000e+00	
370	3.515000e-09	1.800000e+00	5.801282e-09	0.000000e+00	
371	3.525000e-09	1.800000e+00	5.801282e-09	0.000000e+00	
372	3.535000e-09	1.800000e+00	5.801282e-09	0.000000e+00	
373	3.545000e-09	1.800000e+00	5.801282e-09	0.000000e+00	
374	3.555000e-09	1.800000e+00	5.801282e-09	0.000000e+00	
375	3.565000e-09	1.800000e+00	5.801282e-09	0.000000e+00	
376	3.575000e-09	1.800000e+00	5.801282e-09	0.000000e+00	
377	3.585000e-09	1.800000e+00	5.801282e-09	0.000000e+00	
378	3.595000e-09	1.800000e+00	5.801282e-09	0.000000e+00	
379	3.605000e-09	1.800000e+00	5.801282e-09	0.000000e+00	
380	3.615000e-09	1.800000e+00	5.801282e-09	0.000000e+00	
381	3.625000e-09	1.800000e+00	5.801282e-09	0.000000e+00	
382	3.635000e-09	1.800000e+00	5.801282e-09	0.000000e+00	
383	3.645000e-09	1.800000e+00	5.801282e-09	0.000000e+00	
384	3.655000e-09	1.800000e+00	5.801282e-09	0.000000e+00	
385	3.665000e-09	1.800000e+00	5.801282e-09	0.000000e+00	
386	3.675000e-09	1.800000e+00	5.801282e-09	0.000000e+00	
387	3.685000e-09	1.800000e+00	5.801282e-09	0.000000e+00	
388	3.695000e-09	1.800000e+00	5.801282e-09	0.000000e+00	
389	3.705000e-09	1.800000e+00	5.801282e-09	0.000000e+00	
390	3.715000e-09	1.800000e+00	5.801282e-09	0.000000e+00	
391	3.725000e-09	1.800000e+00	5.801282e-09	0.000000e+00	
392	3.735000e-09	1.800000e+00	5.801282e-09	0.000000e+00	
393	3.745000e-09	1.800000e+00	5.801282e-09	0.000000e+00	
394	3.755000e-09	1.800000e+00	5.801282e-09	0.000000e+00	
395	3.765000e-09	1.800000e+00	5.801282e-09	0.000000e+00	
396	3.775000e-09	1.800000e+00	5.801282e-09	0.000000e+00	
397	3.785000e-09	1.800000e+00	5.801282e-09	0.000000e+00	
398	3.795000e-09	1.800000e+00	5.801282e-09	0.000000e+00	
399	3.805000e-09	1.800000e+00	5.801282e-09	0.000000e+00	
400	3.815000e-09	1.800000e+00	5.801282e-09	0.000000e+00	
401	3.825000e-09	1.800000e+00	5.801282e-09	0.000000e+00	
402	3.835000e-09	1.800000e+00	5.801282e-09	0.000000e+00	

Index   time            v(xcell.q)      v(xcell.qb)     v(wl)           
--------------------------------------------------------------------------------
403	3.845000e-09	1.800000e+00	5.801282e-09	0.000000e+00	
404	3.855000e-09	1.800000e+00	5.801282e-09	0.000000e+00	
405	3.865000e-09	1.800000e+00	5.801282e-09	0.000000e+00	
406	3.875000e-09	1.800000e+00	5.801282e-09	0.000000e+00	
407	3.885000e-09	1.800000e+00	5.801282e-09	0.000000e+00	
408	3.895000e-09	1.800000e+00	5.801282e-09	0.000000e+00	
409	3.905000e-09	1.800000e+00	5.801282e-09	0.000000e+00	
410	3.915000e-09	1.800000e+00	5.801282e-09	0.000000e+00	
411	3.925000e-09	1.800000e+00	5.801282e-09	0.000000e+00	
412	3.935000e-09	1.800000e+00	5.801282e-09	0.000000e+00	
413	3.945000e-09	1.800000e+00	5.801282e-09	0.000000e+00	
414	3.955000e-09	1.800000e+00	5.801282e-09	0.000000e+00	
415	3.965000e-09	1.800000e+00	5.801282e-09	0.000000e+00	
416	3.975000e-09	1.800000e+00	5.801282e-09	0.000000e+00	
417	3.985000e-09	1.800000e+00	5.801282e-09	0.000000e+00	
418	3.995000e-09	1.800000e+00	5.801282e-09	0.000000e+00	
419	4.005000e-09	1.800000e+00	5.801282e-09	0.000000e+00	
420	4.015000e-09	1.800000e+00	5.801282e-09	0.000000e+00	
421	4.025000e-09	1.800000e+00	5.801282e-09	0.000000e+00	
422	4.035000e-09	1.800000e+00	5.801282e-09	0.000000e+00	
423	4.045000e-09	1.800000e+00	5.801282e-09	0.000000e+00	
424	4.055000e-09	1.800000e+00	5.801282e-09	0.000000e+00	
425	4.065000e-09	1.800000e+00	5.801282e-09	0.000000e+00	
426	4.075000e-09	1.800000e+00	5.801282e-09	0.000000e+00	
427	4.085000e-09	1.800000e+00	5.801282e-09	0.000000e+00	
428	4.095000e-09	1.800000e+00	5.801282e-09	0.000000e+00	
429	4.105000e-09	1.800000e+00	5.801282e-09	0.000000e+00	
430	4.115000e-09	1.800000e+00	5.801282e-09	0.000000e+00	
431	4.125000e-09	1.800000e+00	5.801282e-09	0.000000e+00	
432	4.135000e-09	1.800000e+00	5.801282e-09	0.000000e+00	
433	4.145000e-09	1.800000e+00	5.801282e-09	0.000000e+00	
434	4.155000e-09	1.800000e+00	5.801282e-09	0.000000e+00	
435	4.165000e-09	1.800000e+00	5.801282e-09	0.000000e+00	
436	4.175000e-09	1.800000e+00	5.801282e-09	0.000000e+00	
437	4.185000e-09	1.800000e+00	5.801282e-09	0.000000e+00	
438	4.195000e-09	1.800000e+00	5.801282e-09	0.000000e+00	
439	4.205000e-09	1.800000e+00	5.801282e-09	0.000000e+00	
440	4.215000e-09	1.800000e+00	5.801282e-09	0.000000e+00	
441	4.225000e-09	1.800000e+00	5.801282e-09	0.000000e+00	
442	4.235000e-09	1.800000e+00	5.801282e-09	0.000000e+00	
443	4.245000e-09	1.800000e+00	5.801282e-09	0.000000e+00	
444	4.255000e-09	1.800000e+00	5.801282e-09	0.000000e+00	
445	4.265000e-09	1.800000e+00	5.801282e-09	0.000000e+00	
446	4.275000e-09	1.800000e+00	5.801282e-09	0.000000e+00	
447	4.285000e-09	1.800000e+00	5.801282e-09	0.000000e+00	
448	4.295000e-09	1.800000e+00	5.801282e-09	0.000000e+00	
449	4.305000e-09	1.800000e+00	5.801282e-09	0.000000e+00	
450	4.315000e-09	1.800000e+00	5.801282e-09	0.000000e+00	
451	4.325000e-09	1.800000e+00	5.801282e-09	0.000000e+00	
452	4.335000e-09	1.800000e+00	5.801282e-09	0.000000e+00	
453	4.345000e-09	1.800000e+00	5.801282e-09	0.000000e+00	
454	4.355000e-09	1.800000e+00	5.801282e-09	0.000000e+00	
455	4.365000e-09	1.800000e+00	5.801282e-09	0.000000e+00	
456	4.375000e-09	1.800000e+00	5.801282e-09	0.000000e+00	
457	4.385000e-09	1.800000e+00	5.801282e-09	0.000000e+00	
458	4.395000e-09	1.800000e+00	5.801282e-09	0.000000e+00	
459	4.405000e-09	1.800000e+00	5.801282e-09	0.000000e+00	
460	4.415000e-09	1.800000e+00	5.801282e-09	0.000000e+00	

Index   time            v(xcell.q)      v(xcell.qb)     v(wl)           
--------------------------------------------------------------------------------
461	4.425000e-09	1.800000e+00	5.801282e-09	0.000000e+00	
462	4.435000e-09	1.800000e+00	5.801282e-09	0.000000e+00	
463	4.445000e-09	1.800000e+00	5.801282e-09	0.000000e+00	
464	4.455000e-09	1.800000e+00	5.801282e-09	0.000000e+00	
465	4.465000e-09	1.800000e+00	5.801282e-09	0.000000e+00	
466	4.475000e-09	1.800000e+00	5.801282e-09	0.000000e+00	
467	4.485000e-09	1.800000e+00	5.801282e-09	0.000000e+00	
468	4.495000e-09	1.800000e+00	5.801282e-09	0.000000e+00	
469	4.505000e-09	1.800000e+00	5.801282e-09	0.000000e+00	
470	4.515000e-09	1.800000e+00	5.801282e-09	0.000000e+00	
471	4.525000e-09	1.800000e+00	5.801282e-09	0.000000e+00	
472	4.535000e-09	1.800000e+00	5.801282e-09	0.000000e+00	
473	4.545000e-09	1.800000e+00	5.801282e-09	0.000000e+00	
474	4.555000e-09	1.800000e+00	5.801282e-09	0.000000e+00	
475	4.565000e-09	1.800000e+00	5.801282e-09	0.000000e+00	
476	4.575000e-09	1.800000e+00	5.801282e-09	0.000000e+00	
477	4.585000e-09	1.800000e+00	5.801282e-09	0.000000e+00	
478	4.595000e-09	1.800000e+00	5.801282e-09	0.000000e+00	
479	4.605000e-09	1.800000e+00	5.801282e-09	0.000000e+00	
480	4.615000e-09	1.800000e+00	5.801282e-09	0.000000e+00	
481	4.625000e-09	1.800000e+00	5.801282e-09	0.000000e+00	
482	4.635000e-09	1.800000e+00	5.801282e-09	0.000000e+00	
483	4.645000e-09	1.800000e+00	5.801282e-09	0.000000e+00	
484	4.655000e-09	1.800000e+00	5.801282e-09	0.000000e+00	
485	4.665000e-09	1.800000e+00	5.801282e-09	0.000000e+00	
486	4.675000e-09	1.800000e+00	5.801282e-09	0.000000e+00	
487	4.685000e-09	1.800000e+00	5.801282e-09	0.000000e+00	
488	4.695000e-09	1.800000e+00	5.801282e-09	0.000000e+00	
489	4.705000e-09	1.800000e+00	5.801282e-09	0.000000e+00	
490	4.715000e-09	1.800000e+00	5.801282e-09	0.000000e+00	
491	4.725000e-09	1.800000e+00	5.801282e-09	0.000000e+00	
492	4.735000e-09	1.800000e+00	5.801282e-09	0.000000e+00	
493	4.745000e-09	1.800000e+00	5.801282e-09	0.000000e+00	
494	4.755000e-09	1.800000e+00	5.801282e-09	0.000000e+00	
495	4.765000e-09	1.800000e+00	5.801282e-09	0.000000e+00	
496	4.775000e-09	1.800000e+00	5.801282e-09	0.000000e+00	
497	4.785000e-09	1.800000e+00	5.801282e-09	0.000000e+00	
498	4.795000e-09	1.800000e+00	5.801282e-09	0.000000e+00	
499	4.805000e-09	1.800000e+00	5.801282e-09	0.000000e+00	
500	4.815000e-09	1.800000e+00	5.801282e-09	0.000000e+00	
501	4.825000e-09	1.800000e+00	5.801282e-09	0.000000e+00	
502	4.835000e-09	1.800000e+00	5.801282e-09	0.000000e+00	
503	4.845000e-09	1.800000e+00	5.801282e-09	0.000000e+00	
504	4.855000e-09	1.800000e+00	5.801282e-09	0.000000e+00	
505	4.865000e-09	1.800000e+00	5.801282e-09	0.000000e+00	
506	4.875000e-09	1.800000e+00	5.801282e-09	0.000000e+00	
507	4.885000e-09	1.800000e+00	5.801282e-09	0.000000e+00	
508	4.895000e-09	1.800000e+00	5.801282e-09	0.000000e+00	
509	4.905000e-09	1.800000e+00	5.801282e-09	0.000000e+00	
510	4.915000e-09	1.800000e+00	5.801282e-09	0.000000e+00	
511	4.925000e-09	1.800000e+00	5.801282e-09	0.000000e+00	
512	4.935000e-09	1.800000e+00	5.801282e-09	0.000000e+00	
513	4.945000e-09	1.800000e+00	5.801282e-09	0.000000e+00	
514	4.955000e-09	1.800000e+00	5.801282e-09	0.000000e+00	
515	4.965000e-09	1.800000e+00	5.801282e-09	0.000000e+00	
516	4.975000e-09	1.800000e+00	5.801282e-09	0.000000e+00	
517	4.985000e-09	1.800000e+00	5.801282e-09	0.000000e+00	
518	4.995000e-09	1.800000e+00	5.801282e-09	0.000000e+00	

Index   time            v(xcell.q)      v(xcell.qb)     v(wl)           
--------------------------------------------------------------------------------
519	5.005000e-09	1.800000e+00	5.801282e-09	0.000000e+00	
520	5.015000e-09	1.800000e+00	5.801282e-09	0.000000e+00	
521	5.025000e-09	1.800000e+00	5.801282e-09	0.000000e+00	
522	5.035000e-09	1.800000e+00	5.801282e-09	0.000000e+00	
523	5.045000e-09	1.800000e+00	5.801282e-09	0.000000e+00	
524	5.055000e-09	1.800000e+00	5.801282e-09	0.000000e+00	
525	5.065000e-09	1.800000e+00	5.801282e-09	0.000000e+00	
526	5.075000e-09	1.800000e+00	5.801282e-09	0.000000e+00	
527	5.085000e-09	1.800000e+00	5.801282e-09	0.000000e+00	
528	5.095000e-09	1.800000e+00	5.801282e-09	0.000000e+00	
529	5.105000e-09	1.800000e+00	5.801282e-09	0.000000e+00	
530	5.115000e-09	1.800000e+00	5.801282e-09	0.000000e+00	
531	5.125000e-09	1.800000e+00	5.801282e-09	0.000000e+00	
532	5.135000e-09	1.800000e+00	5.801282e-09	0.000000e+00	
533	5.145000e-09	1.800000e+00	5.801282e-09	0.000000e+00	
534	5.155000e-09	1.800000e+00	5.801282e-09	0.000000e+00	
535	5.165000e-09	1.800000e+00	5.801282e-09	0.000000e+00	
536	5.175000e-09	1.800000e+00	5.801282e-09	0.000000e+00	
537	5.185000e-09	1.800000e+00	5.801282e-09	0.000000e+00	
538	5.195000e-09	1.800000e+00	5.801282e-09	0.000000e+00	
539	5.205000e-09	1.800000e+00	5.801282e-09	0.000000e+00	
540	5.215000e-09	1.800000e+00	5.801282e-09	0.000000e+00	
541	5.225000e-09	1.800000e+00	5.801282e-09	0.000000e+00	
542	5.235000e-09	1.800000e+00	5.801282e-09	0.000000e+00	
543	5.245000e-09	1.800000e+00	5.801282e-09	0.000000e+00	
544	5.255000e-09	1.800000e+00	5.801282e-09	0.000000e+00	
545	5.265000e-09	1.800000e+00	5.801282e-09	0.000000e+00	
546	5.275000e-09	1.800000e+00	5.801282e-09	0.000000e+00	
547	5.285000e-09	1.800000e+00	5.801282e-09	0.000000e+00	
548	5.295000e-09	1.800000e+00	5.801282e-09	0.000000e+00	
549	5.305000e-09	1.800000e+00	5.801282e-09	0.000000e+00	
550	5.315000e-09	1.800000e+00	5.801282e-09	0.000000e+00	
551	5.325000e-09	1.800000e+00	5.801282e-09	0.000000e+00	
552	5.335000e-09	1.800000e+00	5.801282e-09	0.000000e+00	
553	5.345000e-09	1.800000e+00	5.801282e-09	0.000000e+00	
554	5.355000e-09	1.800000e+00	5.801282e-09	0.000000e+00	
555	5.365000e-09	1.800000e+00	5.801282e-09	0.000000e+00	
556	5.375000e-09	1.800000e+00	5.801282e-09	0.000000e+00	
557	5.385000e-09	1.800000e+00	5.801282e-09	0.000000e+00	
558	5.395000e-09	1.800000e+00	5.801282e-09	0.000000e+00	
559	5.405000e-09	1.800000e+00	5.801282e-09	0.000000e+00	
560	5.415000e-09	1.800000e+00	5.801282e-09	0.000000e+00	
561	5.425000e-09	1.800000e+00	5.801282e-09	0.000000e+00	
562	5.435000e-09	1.800000e+00	5.801282e-09	0.000000e+00	
563	5.445000e-09	1.800000e+00	5.801282e-09	0.000000e+00	
564	5.455000e-09	1.800000e+00	5.801282e-09	0.000000e+00	
565	5.465000e-09	1.800000e+00	5.801282e-09	0.000000e+00	
566	5.475000e-09	1.800000e+00	5.801282e-09	0.000000e+00	
567	5.485000e-09	1.800000e+00	5.801282e-09	0.000000e+00	
568	5.495000e-09	1.800000e+00	5.801282e-09	0.000000e+00	
569	5.505000e-09	1.800000e+00	5.801282e-09	0.000000e+00	
570	5.515000e-09	1.800000e+00	5.801282e-09	0.000000e+00	
571	5.525000e-09	1.800000e+00	5.801282e-09	0.000000e+00	
572	5.535000e-09	1.800000e+00	5.801282e-09	0.000000e+00	
573	5.545000e-09	1.800000e+00	5.801282e-09	0.000000e+00	
574	5.555000e-09	1.800000e+00	5.801282e-09	0.000000e+00	
575	5.565000e-09	1.800000e+00	5.801282e-09	0.000000e+00	
576	5.575000e-09	1.800000e+00	5.801282e-09	0.000000e+00	

Index   time            v(xcell.q)      v(xcell.qb)     v(wl)           
--------------------------------------------------------------------------------
577	5.585000e-09	1.800000e+00	5.801282e-09	0.000000e+00	
578	5.595000e-09	1.800000e+00	5.801282e-09	0.000000e+00	
579	5.605000e-09	1.800000e+00	5.801282e-09	0.000000e+00	
580	5.615000e-09	1.800000e+00	5.801282e-09	0.000000e+00	
581	5.625000e-09	1.800000e+00	5.801282e-09	0.000000e+00	
582	5.635000e-09	1.800000e+00	5.801282e-09	0.000000e+00	
583	5.645000e-09	1.800000e+00	5.801282e-09	0.000000e+00	
584	5.655000e-09	1.800000e+00	5.801282e-09	0.000000e+00	
585	5.665000e-09	1.800000e+00	5.801282e-09	0.000000e+00	
586	5.675000e-09	1.800000e+00	5.801282e-09	0.000000e+00	
587	5.685000e-09	1.800000e+00	5.801282e-09	0.000000e+00	
588	5.695000e-09	1.800000e+00	5.801282e-09	0.000000e+00	
589	5.705000e-09	1.800000e+00	5.801282e-09	0.000000e+00	
590	5.715000e-09	1.800000e+00	5.801282e-09	0.000000e+00	
591	5.725000e-09	1.800000e+00	5.801282e-09	0.000000e+00	
592	5.735000e-09	1.800000e+00	5.801282e-09	0.000000e+00	
593	5.745000e-09	1.800000e+00	5.801282e-09	0.000000e+00	
594	5.755000e-09	1.800000e+00	5.801282e-09	0.000000e+00	
595	5.765000e-09	1.800000e+00	5.801282e-09	0.000000e+00	
596	5.775000e-09	1.800000e+00	5.801282e-09	0.000000e+00	
597	5.785000e-09	1.800000e+00	5.801282e-09	0.000000e+00	
598	5.795000e-09	1.800000e+00	5.801282e-09	0.000000e+00	
599	5.805000e-09	1.800000e+00	5.801282e-09	0.000000e+00	
600	5.815000e-09	1.800000e+00	5.801282e-09	0.000000e+00	
601	5.825000e-09	1.800000e+00	5.801282e-09	0.000000e+00	
602	5.835000e-09	1.800000e+00	5.801282e-09	0.000000e+00	
603	5.845000e-09	1.800000e+00	5.801282e-09	0.000000e+00	
604	5.855000e-09	1.800000e+00	5.801282e-09	0.000000e+00	
605	5.865000e-09	1.800000e+00	5.801282e-09	0.000000e+00	
606	5.875000e-09	1.800000e+00	5.801282e-09	0.000000e+00	
607	5.885000e-09	1.800000e+00	5.801282e-09	0.000000e+00	
608	5.895000e-09	1.800000e+00	5.801282e-09	0.000000e+00	
609	5.905000e-09	1.800000e+00	5.801282e-09	0.000000e+00	
610	5.915000e-09	1.800000e+00	5.801282e-09	0.000000e+00	
611	5.925000e-09	1.800000e+00	5.801282e-09	0.000000e+00	
612	5.935000e-09	1.800000e+00	5.801282e-09	0.000000e+00	
613	5.945000e-09	1.800000e+00	5.801282e-09	0.000000e+00	
614	5.955000e-09	1.800000e+00	5.801282e-09	0.000000e+00	
615	5.965000e-09	1.800000e+00	5.801282e-09	0.000000e+00	
616	5.975000e-09	1.800000e+00	5.801282e-09	0.000000e+00	
617	5.985000e-09	1.800000e+00	5.801282e-09	0.000000e+00	
618	5.995000e-09	1.800000e+00	5.801282e-09	0.000000e+00	
619	6.005000e-09	1.800000e+00	5.801282e-09	0.000000e+00	
620	6.015000e-09	1.800000e+00	5.801282e-09	0.000000e+00	
621	6.025000e-09	1.800000e+00	5.801282e-09	0.000000e+00	
622	6.035000e-09	1.800000e+00	5.801282e-09	0.000000e+00	
623	6.045000e-09	1.800000e+00	5.801282e-09	0.000000e+00	
624	6.055000e-09	1.800000e+00	5.801282e-09	0.000000e+00	
625	6.065000e-09	1.800000e+00	5.801282e-09	0.000000e+00	
626	6.075000e-09	1.800000e+00	5.801282e-09	0.000000e+00	
627	6.085000e-09	1.800000e+00	5.801282e-09	0.000000e+00	
628	6.095000e-09	1.800000e+00	5.801282e-09	0.000000e+00	
629	6.105000e-09	1.800000e+00	5.801282e-09	0.000000e+00	
630	6.115000e-09	1.800000e+00	5.801282e-09	0.000000e+00	
631	6.125000e-09	1.800000e+00	5.801282e-09	0.000000e+00	
632	6.135000e-09	1.800000e+00	5.801282e-09	0.000000e+00	
633	6.145000e-09	1.800000e+00	5.801282e-09	0.000000e+00	
634	6.155000e-09	1.800000e+00	5.801282e-09	0.000000e+00	

Index   time            v(xcell.q)      v(xcell.qb)     v(wl)           
--------------------------------------------------------------------------------
635	6.165000e-09	1.800000e+00	5.801282e-09	0.000000e+00	
636	6.175000e-09	1.800000e+00	5.801282e-09	0.000000e+00	
637	6.185000e-09	1.800000e+00	5.801282e-09	0.000000e+00	
638	6.195000e-09	1.800000e+00	5.801282e-09	0.000000e+00	
639	6.205000e-09	1.800000e+00	5.801282e-09	0.000000e+00	
640	6.215000e-09	1.800000e+00	5.801282e-09	0.000000e+00	
641	6.225000e-09	1.800000e+00	5.801282e-09	0.000000e+00	
642	6.235000e-09	1.800000e+00	5.801282e-09	0.000000e+00	
643	6.245000e-09	1.800000e+00	5.801282e-09	0.000000e+00	
644	6.255000e-09	1.800000e+00	5.801282e-09	0.000000e+00	
645	6.265000e-09	1.800000e+00	5.801282e-09	0.000000e+00	
646	6.275000e-09	1.800000e+00	5.801282e-09	0.000000e+00	
647	6.285000e-09	1.800000e+00	5.801282e-09	0.000000e+00	
648	6.295000e-09	1.800000e+00	5.801282e-09	0.000000e+00	
649	6.305000e-09	1.800000e+00	5.801282e-09	0.000000e+00	
650	6.315000e-09	1.800000e+00	5.801282e-09	0.000000e+00	
651	6.325000e-09	1.800000e+00	5.801282e-09	0.000000e+00	
652	6.335000e-09	1.800000e+00	5.801282e-09	0.000000e+00	
653	6.345000e-09	1.800000e+00	5.801282e-09	0.000000e+00	
654	6.355000e-09	1.800000e+00	5.801282e-09	0.000000e+00	
655	6.365000e-09	1.800000e+00	5.801282e-09	0.000000e+00	
656	6.375000e-09	1.800000e+00	5.801282e-09	0.000000e+00	
657	6.385000e-09	1.800000e+00	5.801282e-09	0.000000e+00	
658	6.395000e-09	1.800000e+00	5.801282e-09	0.000000e+00	
659	6.405000e-09	1.800000e+00	5.801282e-09	0.000000e+00	
660	6.415000e-09	1.800000e+00	5.801282e-09	0.000000e+00	
661	6.425000e-09	1.800000e+00	5.801282e-09	0.000000e+00	
662	6.435000e-09	1.800000e+00	5.801282e-09	0.000000e+00	
663	6.445000e-09	1.800000e+00	5.801282e-09	0.000000e+00	
664	6.455000e-09	1.800000e+00	5.801282e-09	0.000000e+00	
665	6.465000e-09	1.800000e+00	5.801282e-09	0.000000e+00	
666	6.475000e-09	1.800000e+00	5.801282e-09	0.000000e+00	
667	6.485000e-09	1.800000e+00	5.801282e-09	0.000000e+00	
668	6.495000e-09	1.800000e+00	5.801282e-09	0.000000e+00	
669	6.505000e-09	1.800000e+00	5.801282e-09	0.000000e+00	
670	6.515000e-09	1.800000e+00	5.801282e-09	0.000000e+00	
671	6.525000e-09	1.800000e+00	5.801282e-09	0.000000e+00	
672	6.535000e-09	1.800000e+00	5.801282e-09	0.000000e+00	
673	6.545000e-09	1.800000e+00	5.801282e-09	0.000000e+00	
674	6.555000e-09	1.800000e+00	5.801282e-09	0.000000e+00	
675	6.565000e-09	1.800000e+00	5.801282e-09	0.000000e+00	
676	6.575000e-09	1.800000e+00	5.801282e-09	0.000000e+00	
677	6.585000e-09	1.800000e+00	5.801282e-09	0.000000e+00	
678	6.595000e-09	1.800000e+00	5.801282e-09	0.000000e+00	
679	6.605000e-09	1.800000e+00	5.801282e-09	0.000000e+00	
680	6.615000e-09	1.800000e+00	5.801282e-09	0.000000e+00	
681	6.625000e-09	1.800000e+00	5.801282e-09	0.000000e+00	
682	6.635000e-09	1.800000e+00	5.801282e-09	0.000000e+00	
683	6.645000e-09	1.800000e+00	5.801282e-09	0.000000e+00	
684	6.655000e-09	1.800000e+00	5.801282e-09	0.000000e+00	
685	6.665000e-09	1.800000e+00	5.801282e-09	0.000000e+00	
686	6.675000e-09	1.800000e+00	5.801282e-09	0.000000e+00	
687	6.685000e-09	1.800000e+00	5.801282e-09	0.000000e+00	
688	6.695000e-09	1.800000e+00	5.801282e-09	0.000000e+00	
689	6.705000e-09	1.800000e+00	5.801282e-09	0.000000e+00	
690	6.715000e-09	1.800000e+00	5.801282e-09	0.000000e+00	
691	6.725000e-09	1.800000e+00	5.801282e-09	0.000000e+00	
692	6.735000e-09	1.800000e+00	5.801282e-09	0.000000e+00	

Index   time            v(xcell.q)      v(xcell.qb)     v(wl)           
--------------------------------------------------------------------------------
693	6.745000e-09	1.800000e+00	5.801282e-09	0.000000e+00	
694	6.755000e-09	1.800000e+00	5.801282e-09	0.000000e+00	
695	6.765000e-09	1.800000e+00	5.801282e-09	0.000000e+00	
696	6.775000e-09	1.800000e+00	5.801282e-09	0.000000e+00	
697	6.785000e-09	1.800000e+00	5.801282e-09	0.000000e+00	
698	6.795000e-09	1.800000e+00	5.801282e-09	0.000000e+00	
699	6.805000e-09	1.800000e+00	5.801282e-09	0.000000e+00	
700	6.815000e-09	1.800000e+00	5.801282e-09	0.000000e+00	
701	6.825000e-09	1.800000e+00	5.801282e-09	0.000000e+00	
702	6.835000e-09	1.800000e+00	5.801282e-09	0.000000e+00	
703	6.845000e-09	1.800000e+00	5.801282e-09	0.000000e+00	
704	6.855000e-09	1.800000e+00	5.801282e-09	0.000000e+00	
705	6.865000e-09	1.800000e+00	5.801282e-09	0.000000e+00	
706	6.875000e-09	1.800000e+00	5.801282e-09	0.000000e+00	
707	6.885000e-09	1.800000e+00	5.801282e-09	0.000000e+00	
708	6.895000e-09	1.800000e+00	5.801282e-09	0.000000e+00	
709	6.905000e-09	1.800000e+00	5.801282e-09	0.000000e+00	
710	6.915000e-09	1.800000e+00	5.801282e-09	0.000000e+00	
711	6.925000e-09	1.800000e+00	5.801282e-09	0.000000e+00	
712	6.935000e-09	1.800000e+00	5.801282e-09	0.000000e+00	
713	6.945000e-09	1.800000e+00	5.801282e-09	0.000000e+00	
714	6.955000e-09	1.800000e+00	5.801282e-09	0.000000e+00	
715	6.965000e-09	1.800000e+00	5.801282e-09	0.000000e+00	
716	6.975000e-09	1.800000e+00	5.801282e-09	0.000000e+00	
717	6.985000e-09	1.800000e+00	5.801282e-09	0.000000e+00	
718	6.995000e-09	1.800000e+00	5.801282e-09	0.000000e+00	
719	7.005000e-09	1.800000e+00	5.801282e-09	0.000000e+00	
720	7.015000e-09	1.800000e+00	5.801282e-09	0.000000e+00	
721	7.025000e-09	1.800000e+00	5.801282e-09	0.000000e+00	
722	7.035000e-09	1.800000e+00	5.801282e-09	0.000000e+00	
723	7.045000e-09	1.800000e+00	5.801282e-09	0.000000e+00	
724	7.055000e-09	1.800000e+00	5.801282e-09	0.000000e+00	
725	7.065000e-09	1.800000e+00	5.801282e-09	0.000000e+00	
726	7.075000e-09	1.800000e+00	5.801282e-09	0.000000e+00	
727	7.085000e-09	1.800000e+00	5.801282e-09	0.000000e+00	
728	7.095000e-09	1.800000e+00	5.801282e-09	0.000000e+00	
729	7.105000e-09	1.800000e+00	5.801282e-09	0.000000e+00	
730	7.115000e-09	1.800000e+00	5.801282e-09	0.000000e+00	
731	7.125000e-09	1.800000e+00	5.801282e-09	0.000000e+00	
732	7.135000e-09	1.800000e+00	5.801282e-09	0.000000e+00	
733	7.145000e-09	1.800000e+00	5.801282e-09	0.000000e+00	
734	7.155000e-09	1.800000e+00	5.801282e-09	0.000000e+00	
735	7.165000e-09	1.800000e+00	5.801282e-09	0.000000e+00	
736	7.175000e-09	1.800000e+00	5.801282e-09	0.000000e+00	
737	7.185000e-09	1.800000e+00	5.801282e-09	0.000000e+00	
738	7.195000e-09	1.800000e+00	5.801282e-09	0.000000e+00	
739	7.205000e-09	1.800000e+00	5.801282e-09	0.000000e+00	
740	7.215000e-09	1.800000e+00	5.801282e-09	0.000000e+00	
741	7.225000e-09	1.800000e+00	5.801282e-09	0.000000e+00	
742	7.235000e-09	1.800000e+00	5.801282e-09	0.000000e+00	
743	7.245000e-09	1.800000e+00	5.801282e-09	0.000000e+00	
744	7.255000e-09	1.800000e+00	5.801282e-09	0.000000e+00	
745	7.265000e-09	1.800000e+00	5.801282e-09	0.000000e+00	
746	7.275000e-09	1.800000e+00	5.801282e-09	0.000000e+00	
747	7.285000e-09	1.800000e+00	5.801282e-09	0.000000e+00	
748	7.295000e-09	1.800000e+00	5.801282e-09	0.000000e+00	
749	7.305000e-09	1.800000e+00	5.801282e-09	0.000000e+00	
750	7.315000e-09	1.800000e+00	5.801282e-09	0.000000e+00	

Index   time            v(xcell.q)      v(xcell.qb)     v(wl)           
--------------------------------------------------------------------------------
751	7.325000e-09	1.800000e+00	5.801282e-09	0.000000e+00	
752	7.335000e-09	1.800000e+00	5.801282e-09	0.000000e+00	
753	7.345000e-09	1.800000e+00	5.801282e-09	0.000000e+00	
754	7.355000e-09	1.800000e+00	5.801282e-09	0.000000e+00	
755	7.365000e-09	1.800000e+00	5.801282e-09	0.000000e+00	
756	7.375000e-09	1.800000e+00	5.801282e-09	0.000000e+00	
757	7.385000e-09	1.800000e+00	5.801282e-09	0.000000e+00	
758	7.395000e-09	1.800000e+00	5.801282e-09	0.000000e+00	
759	7.405000e-09	1.800000e+00	5.801282e-09	0.000000e+00	
760	7.415000e-09	1.800000e+00	5.801282e-09	0.000000e+00	
761	7.425000e-09	1.800000e+00	5.801282e-09	0.000000e+00	
762	7.435000e-09	1.800000e+00	5.801282e-09	0.000000e+00	
763	7.445000e-09	1.800000e+00	5.801282e-09	0.000000e+00	
764	7.455000e-09	1.800000e+00	5.801282e-09	0.000000e+00	
765	7.465000e-09	1.800000e+00	5.801282e-09	0.000000e+00	
766	7.475000e-09	1.800000e+00	5.801282e-09	0.000000e+00	
767	7.485000e-09	1.800000e+00	5.801282e-09	0.000000e+00	
768	7.495000e-09	1.800000e+00	5.801282e-09	0.000000e+00	
769	7.505000e-09	1.800000e+00	5.801282e-09	0.000000e+00	
770	7.515000e-09	1.800000e+00	5.801282e-09	0.000000e+00	
771	7.525000e-09	1.800000e+00	5.801282e-09	0.000000e+00	
772	7.535000e-09	1.800000e+00	5.801282e-09	0.000000e+00	
773	7.545000e-09	1.800000e+00	5.801282e-09	0.000000e+00	
774	7.555000e-09	1.800000e+00	5.801282e-09	0.000000e+00	
775	7.565000e-09	1.800000e+00	5.801282e-09	0.000000e+00	
776	7.575000e-09	1.800000e+00	5.801282e-09	0.000000e+00	
777	7.585000e-09	1.800000e+00	5.801282e-09	0.000000e+00	
778	7.595000e-09	1.800000e+00	5.801282e-09	0.000000e+00	
779	7.605000e-09	1.800000e+00	5.801282e-09	0.000000e+00	
780	7.615000e-09	1.800000e+00	5.801282e-09	0.000000e+00	
781	7.625000e-09	1.800000e+00	5.801282e-09	0.000000e+00	
782	7.635000e-09	1.800000e+00	5.801282e-09	0.000000e+00	
783	7.645000e-09	1.800000e+00	5.801282e-09	0.000000e+00	
784	7.655000e-09	1.800000e+00	5.801282e-09	0.000000e+00	
785	7.665000e-09	1.800000e+00	5.801282e-09	0.000000e+00	
786	7.675000e-09	1.800000e+00	5.801282e-09	0.000000e+00	
787	7.685000e-09	1.800000e+00	5.801282e-09	0.000000e+00	
788	7.695000e-09	1.800000e+00	5.801282e-09	0.000000e+00	
789	7.705000e-09	1.800000e+00	5.801282e-09	0.000000e+00	
790	7.715000e-09	1.800000e+00	5.801282e-09	0.000000e+00	
791	7.725000e-09	1.800000e+00	5.801282e-09	0.000000e+00	
792	7.735000e-09	1.800000e+00	5.801282e-09	0.000000e+00	
793	7.745000e-09	1.800000e+00	5.801282e-09	0.000000e+00	
794	7.755000e-09	1.800000e+00	5.801282e-09	0.000000e+00	
795	7.765000e-09	1.800000e+00	5.801282e-09	0.000000e+00	
796	7.775000e-09	1.800000e+00	5.801282e-09	0.000000e+00	
797	7.785000e-09	1.800000e+00	5.801282e-09	0.000000e+00	
798	7.795000e-09	1.800000e+00	5.801282e-09	0.000000e+00	
799	7.805000e-09	1.800000e+00	5.801282e-09	0.000000e+00	
800	7.815000e-09	1.800000e+00	5.801282e-09	0.000000e+00	
801	7.825000e-09	1.800000e+00	5.801282e-09	0.000000e+00	
802	7.835000e-09	1.800000e+00	5.801282e-09	0.000000e+00	
803	7.845000e-09	1.800000e+00	5.801282e-09	0.000000e+00	
804	7.855000e-09	1.800000e+00	5.801282e-09	0.000000e+00	
805	7.865000e-09	1.800000e+00	5.801282e-09	0.000000e+00	
806	7.875000e-09	1.800000e+00	5.801282e-09	0.000000e+00	
807	7.885000e-09	1.800000e+00	5.801282e-09	0.000000e+00	
808	7.895000e-09	1.800000e+00	5.801282e-09	0.000000e+00	

Index   time            v(xcell.q)      v(xcell.qb)     v(wl)           
--------------------------------------------------------------------------------
809	7.905000e-09	1.800000e+00	5.801282e-09	0.000000e+00	
810	7.915000e-09	1.800000e+00	5.801282e-09	0.000000e+00	
811	7.925000e-09	1.800000e+00	5.801282e-09	0.000000e+00	
812	7.935000e-09	1.800000e+00	5.801282e-09	0.000000e+00	
813	7.945000e-09	1.800000e+00	5.801282e-09	0.000000e+00	
814	7.955000e-09	1.800000e+00	5.801282e-09	0.000000e+00	
815	7.965000e-09	1.800000e+00	5.801282e-09	0.000000e+00	
816	7.975000e-09	1.800000e+00	5.801282e-09	0.000000e+00	
817	7.985000e-09	1.800000e+00	5.801282e-09	0.000000e+00	
818	7.995000e-09	1.800000e+00	5.801282e-09	0.000000e+00	
819	8.005000e-09	1.800000e+00	5.801282e-09	0.000000e+00	
820	8.015000e-09	1.800000e+00	5.801282e-09	0.000000e+00	
821	8.025000e-09	1.800000e+00	5.801282e-09	0.000000e+00	
822	8.035000e-09	1.800000e+00	5.801282e-09	0.000000e+00	
823	8.045000e-09	1.800000e+00	5.801282e-09	0.000000e+00	
824	8.055000e-09	1.800000e+00	5.801282e-09	0.000000e+00	
825	8.065000e-09	1.800000e+00	5.801282e-09	0.000000e+00	
826	8.075000e-09	1.800000e+00	5.801282e-09	0.000000e+00	
827	8.085000e-09	1.800000e+00	5.801282e-09	0.000000e+00	
828	8.095000e-09	1.800000e+00	5.801282e-09	0.000000e+00	
829	8.105000e-09	1.800000e+00	5.801282e-09	0.000000e+00	
830	8.115000e-09	1.800000e+00	5.801282e-09	0.000000e+00	
831	8.125000e-09	1.800000e+00	5.801282e-09	0.000000e+00	
832	8.135000e-09	1.800000e+00	5.801282e-09	0.000000e+00	
833	8.145000e-09	1.800000e+00	5.801282e-09	0.000000e+00	
834	8.155000e-09	1.800000e+00	5.801282e-09	0.000000e+00	
835	8.165000e-09	1.800000e+00	5.801282e-09	0.000000e+00	
836	8.175000e-09	1.800000e+00	5.801282e-09	0.000000e+00	
837	8.185000e-09	1.800000e+00	5.801282e-09	0.000000e+00	
838	8.195000e-09	1.800000e+00	5.801282e-09	0.000000e+00	
839	8.205000e-09	1.800000e+00	5.801282e-09	0.000000e+00	
840	8.215000e-09	1.800000e+00	5.801282e-09	0.000000e+00	
841	8.225000e-09	1.800000e+00	5.801282e-09	0.000000e+00	
842	8.235000e-09	1.800000e+00	5.801282e-09	0.000000e+00	
843	8.245000e-09	1.800000e+00	5.801282e-09	0.000000e+00	
844	8.255000e-09	1.800000e+00	5.801282e-09	0.000000e+00	
845	8.265000e-09	1.800000e+00	5.801282e-09	0.000000e+00	
846	8.275000e-09	1.800000e+00	5.801282e-09	0.000000e+00	
847	8.285000e-09	1.800000e+00	5.801282e-09	0.000000e+00	
848	8.295000e-09	1.800000e+00	5.801282e-09	0.000000e+00	
849	8.305000e-09	1.800000e+00	5.801282e-09	0.000000e+00	
850	8.315000e-09	1.800000e+00	5.801282e-09	0.000000e+00	
851	8.325000e-09	1.800000e+00	5.801282e-09	0.000000e+00	
852	8.335000e-09	1.800000e+00	5.801282e-09	0.000000e+00	
853	8.345000e-09	1.800000e+00	5.801282e-09	0.000000e+00	
854	8.355000e-09	1.800000e+00	5.801282e-09	0.000000e+00	
855	8.365000e-09	1.800000e+00	5.801282e-09	0.000000e+00	
856	8.375000e-09	1.800000e+00	5.801282e-09	0.000000e+00	
857	8.385000e-09	1.800000e+00	5.801282e-09	0.000000e+00	
858	8.395000e-09	1.800000e+00	5.801282e-09	0.000000e+00	
859	8.405000e-09	1.800000e+00	5.801282e-09	0.000000e+00	
860	8.415000e-09	1.800000e+00	5.801282e-09	0.000000e+00	
861	8.425000e-09	1.800000e+00	5.801282e-09	0.000000e+00	
862	8.435000e-09	1.800000e+00	5.801282e-09	0.000000e+00	
863	8.445000e-09	1.800000e+00	5.801282e-09	0.000000e+00	
864	8.455000e-09	1.800000e+00	5.801282e-09	0.000000e+00	
865	8.465000e-09	1.800000e+00	5.801282e-09	0.000000e+00	
866	8.475000e-09	1.800000e+00	5.801282e-09	0.000000e+00	

Index   time            v(xcell.q)      v(xcell.qb)     v(wl)           
--------------------------------------------------------------------------------
867	8.485000e-09	1.800000e+00	5.801282e-09	0.000000e+00	
868	8.495000e-09	1.800000e+00	5.801282e-09	0.000000e+00	
869	8.505000e-09	1.800000e+00	5.801282e-09	0.000000e+00	
870	8.515000e-09	1.800000e+00	5.801282e-09	0.000000e+00	
871	8.525000e-09	1.800000e+00	5.801282e-09	0.000000e+00	
872	8.535000e-09	1.800000e+00	5.801282e-09	0.000000e+00	
873	8.545000e-09	1.800000e+00	5.801282e-09	0.000000e+00	
874	8.555000e-09	1.800000e+00	5.801282e-09	0.000000e+00	
875	8.565000e-09	1.800000e+00	5.801282e-09	0.000000e+00	
876	8.575000e-09	1.800000e+00	5.801282e-09	0.000000e+00	
877	8.585000e-09	1.800000e+00	5.801282e-09	0.000000e+00	
878	8.595000e-09	1.800000e+00	5.801282e-09	0.000000e+00	
879	8.605000e-09	1.800000e+00	5.801282e-09	0.000000e+00	
880	8.615000e-09	1.800000e+00	5.801282e-09	0.000000e+00	
881	8.625000e-09	1.800000e+00	5.801282e-09	0.000000e+00	
882	8.635000e-09	1.800000e+00	5.801282e-09	0.000000e+00	
883	8.645000e-09	1.800000e+00	5.801282e-09	0.000000e+00	
884	8.655000e-09	1.800000e+00	5.801282e-09	0.000000e+00	
885	8.665000e-09	1.800000e+00	5.801282e-09	0.000000e+00	
886	8.675000e-09	1.800000e+00	5.801282e-09	0.000000e+00	
887	8.685000e-09	1.800000e+00	5.801282e-09	0.000000e+00	
888	8.695000e-09	1.800000e+00	5.801282e-09	0.000000e+00	
889	8.705000e-09	1.800000e+00	5.801282e-09	0.000000e+00	
890	8.715000e-09	1.800000e+00	5.801282e-09	0.000000e+00	
891	8.725000e-09	1.800000e+00	5.801282e-09	0.000000e+00	
892	8.735000e-09	1.800000e+00	5.801282e-09	0.000000e+00	
893	8.745000e-09	1.800000e+00	5.801282e-09	0.000000e+00	
894	8.755000e-09	1.800000e+00	5.801282e-09	0.000000e+00	
895	8.765000e-09	1.800000e+00	5.801282e-09	0.000000e+00	
896	8.775000e-09	1.800000e+00	5.801282e-09	0.000000e+00	
897	8.785000e-09	1.800000e+00	5.801282e-09	0.000000e+00	
898	8.795000e-09	1.800000e+00	5.801282e-09	0.000000e+00	
899	8.805000e-09	1.800000e+00	5.801282e-09	0.000000e+00	
900	8.815000e-09	1.800000e+00	5.801282e-09	0.000000e+00	
901	8.825000e-09	1.800000e+00	5.801282e-09	0.000000e+00	
902	8.835000e-09	1.800000e+00	5.801282e-09	0.000000e+00	
903	8.845000e-09	1.800000e+00	5.801282e-09	0.000000e+00	
904	8.855000e-09	1.800000e+00	5.801282e-09	0.000000e+00	
905	8.865000e-09	1.800000e+00	5.801282e-09	0.000000e+00	
906	8.875000e-09	1.800000e+00	5.801282e-09	0.000000e+00	
907	8.885000e-09	1.800000e+00	5.801282e-09	0.000000e+00	
908	8.895000e-09	1.800000e+00	5.801282e-09	0.000000e+00	
909	8.905000e-09	1.800000e+00	5.801282e-09	0.000000e+00	
910	8.915000e-09	1.800000e+00	5.801282e-09	0.000000e+00	
911	8.925000e-09	1.800000e+00	5.801282e-09	0.000000e+00	
912	8.935000e-09	1.800000e+00	5.801282e-09	0.000000e+00	
913	8.945000e-09	1.800000e+00	5.801282e-09	0.000000e+00	
914	8.955000e-09	1.800000e+00	5.801282e-09	0.000000e+00	
915	8.965000e-09	1.800000e+00	5.801282e-09	0.000000e+00	
916	8.975000e-09	1.800000e+00	5.801282e-09	0.000000e+00	
917	8.985000e-09	1.800000e+00	5.801282e-09	0.000000e+00	
918	8.995000e-09	1.800000e+00	5.801282e-09	0.000000e+00	
919	9.005000e-09	1.800000e+00	5.801282e-09	0.000000e+00	
920	9.015000e-09	1.800000e+00	5.801282e-09	0.000000e+00	
921	9.025000e-09	1.800000e+00	5.801282e-09	0.000000e+00	
922	9.035000e-09	1.800000e+00	5.801282e-09	0.000000e+00	
923	9.045000e-09	1.800000e+00	5.801282e-09	0.000000e+00	
924	9.055000e-09	1.800000e+00	5.801282e-09	0.000000e+00	

Index   time            v(xcell.q)      v(xcell.qb)     v(wl)           
--------------------------------------------------------------------------------
925	9.065000e-09	1.800000e+00	5.801282e-09	0.000000e+00	
926	9.075000e-09	1.800000e+00	5.801282e-09	0.000000e+00	
927	9.085000e-09	1.800000e+00	5.801282e-09	0.000000e+00	
928	9.095000e-09	1.800000e+00	5.801282e-09	0.000000e+00	
929	9.105000e-09	1.800000e+00	5.801282e-09	0.000000e+00	
930	9.115000e-09	1.800000e+00	5.801282e-09	0.000000e+00	
931	9.125000e-09	1.800000e+00	5.801282e-09	0.000000e+00	
932	9.135000e-09	1.800000e+00	5.801282e-09	0.000000e+00	
933	9.145000e-09	1.800000e+00	5.801282e-09	0.000000e+00	
934	9.155000e-09	1.800000e+00	5.801282e-09	0.000000e+00	
935	9.165000e-09	1.800000e+00	5.801282e-09	0.000000e+00	
936	9.175000e-09	1.800000e+00	5.801282e-09	0.000000e+00	
937	9.185000e-09	1.800000e+00	5.801282e-09	0.000000e+00	
938	9.195000e-09	1.800000e+00	5.801282e-09	0.000000e+00	
939	9.205000e-09	1.800000e+00	5.801282e-09	0.000000e+00	
940	9.215000e-09	1.800000e+00	5.801282e-09	0.000000e+00	
941	9.225000e-09	1.800000e+00	5.801282e-09	0.000000e+00	
942	9.235000e-09	1.800000e+00	5.801282e-09	0.000000e+00	
943	9.245000e-09	1.800000e+00	5.801282e-09	0.000000e+00	
944	9.255000e-09	1.800000e+00	5.801282e-09	0.000000e+00	
945	9.265000e-09	1.800000e+00	5.801282e-09	0.000000e+00	
946	9.275000e-09	1.800000e+00	5.801282e-09	0.000000e+00	
947	9.285000e-09	1.800000e+00	5.801282e-09	0.000000e+00	
948	9.295000e-09	1.800000e+00	5.801282e-09	0.000000e+00	
949	9.305000e-09	1.800000e+00	5.801282e-09	0.000000e+00	
950	9.315000e-09	1.800000e+00	5.801282e-09	0.000000e+00	
951	9.325000e-09	1.800000e+00	5.801282e-09	0.000000e+00	
952	9.335000e-09	1.800000e+00	5.801282e-09	0.000000e+00	
953	9.345000e-09	1.800000e+00	5.801282e-09	0.000000e+00	
954	9.355000e-09	1.800000e+00	5.801282e-09	0.000000e+00	
955	9.365000e-09	1.800000e+00	5.801282e-09	0.000000e+00	
956	9.375000e-09	1.800000e+00	5.801282e-09	0.000000e+00	
957	9.385000e-09	1.800000e+00	5.801282e-09	0.000000e+00	
958	9.395000e-09	1.800000e+00	5.801282e-09	0.000000e+00	
959	9.405000e-09	1.800000e+00	5.801282e-09	0.000000e+00	
960	9.415000e-09	1.800000e+00	5.801282e-09	0.000000e+00	
961	9.425000e-09	1.800000e+00	5.801282e-09	0.000000e+00	
962	9.435000e-09	1.800000e+00	5.801282e-09	0.000000e+00	
963	9.445000e-09	1.800000e+00	5.801282e-09	0.000000e+00	
964	9.455000e-09	1.800000e+00	5.801282e-09	0.000000e+00	
965	9.465000e-09	1.800000e+00	5.801282e-09	0.000000e+00	
966	9.475000e-09	1.800000e+00	5.801282e-09	0.000000e+00	
967	9.485000e-09	1.800000e+00	5.801282e-09	0.000000e+00	
968	9.495000e-09	1.800000e+00	5.801282e-09	0.000000e+00	
969	9.505000e-09	1.800000e+00	5.801282e-09	0.000000e+00	
970	9.515000e-09	1.800000e+00	5.801282e-09	0.000000e+00	
971	9.525000e-09	1.800000e+00	5.801282e-09	0.000000e+00	
972	9.535000e-09	1.800000e+00	5.801282e-09	0.000000e+00	
973	9.545000e-09	1.800000e+00	5.801282e-09	0.000000e+00	
974	9.555000e-09	1.800000e+00	5.801282e-09	0.000000e+00	
975	9.565000e-09	1.800000e+00	5.801282e-09	0.000000e+00	
976	9.575000e-09	1.800000e+00	5.801282e-09	0.000000e+00	
977	9.585000e-09	1.800000e+00	5.801282e-09	0.000000e+00	
978	9.595000e-09	1.800000e+00	5.801282e-09	0.000000e+00	
979	9.605000e-09	1.800000e+00	5.801282e-09	0.000000e+00	
980	9.615000e-09	1.800000e+00	5.801282e-09	0.000000e+00	
981	9.625000e-09	1.800000e+00	5.801282e-09	0.000000e+00	
982	9.635000e-09	1.800000e+00	5.801282e-09	0.000000e+00	

Index   time            v(xcell.q)      v(xcell.qb)     v(wl)           
--------------------------------------------------------------------------------
983	9.645000e-09	1.800000e+00	5.801282e-09	0.000000e+00	
984	9.655000e-09	1.800000e+00	5.801282e-09	0.000000e+00	
985	9.665000e-09	1.800000e+00	5.801282e-09	0.000000e+00	
986	9.675000e-09	1.800000e+00	5.801282e-09	0.000000e+00	
987	9.685000e-09	1.800000e+00	5.801282e-09	0.000000e+00	
988	9.695000e-09	1.800000e+00	5.801282e-09	0.000000e+00	
989	9.705000e-09	1.800000e+00	5.801282e-09	0.000000e+00	
990	9.715000e-09	1.800000e+00	5.801282e-09	0.000000e+00	
991	9.725000e-09	1.800000e+00	5.801282e-09	0.000000e+00	
992	9.735000e-09	1.800000e+00	5.801282e-09	0.000000e+00	
993	9.745000e-09	1.800000e+00	5.801282e-09	0.000000e+00	
994	9.755000e-09	1.800000e+00	5.801282e-09	0.000000e+00	
995	9.765000e-09	1.800000e+00	5.801282e-09	0.000000e+00	
996	9.775000e-09	1.800000e+00	5.801282e-09	0.000000e+00	
997	9.785000e-09	1.800000e+00	5.801282e-09	0.000000e+00	
998	9.795000e-09	1.800000e+00	5.801282e-09	0.000000e+00	
999	9.805000e-09	1.800000e+00	5.801282e-09	0.000000e+00	
1000	9.815000e-09	1.800000e+00	5.801282e-09	0.000000e+00	
1001	9.825000e-09	1.800000e+00	5.801282e-09	0.000000e+00	
1002	9.835000e-09	1.800000e+00	5.801282e-09	0.000000e+00	
1003	9.845000e-09	1.800000e+00	5.801282e-09	0.000000e+00	
1004	9.855000e-09	1.800000e+00	5.801282e-09	0.000000e+00	
1005	9.865000e-09	1.800000e+00	5.801282e-09	0.000000e+00	
1006	9.875000e-09	1.800000e+00	5.801282e-09	0.000000e+00	
1007	9.885000e-09	1.800000e+00	5.801282e-09	0.000000e+00	
1008	9.895000e-09	1.800000e+00	5.801282e-09	0.000000e+00	
1009	9.905000e-09	1.800000e+00	5.801282e-09	0.000000e+00	
1010	9.915000e-09	1.800000e+00	5.801282e-09	0.000000e+00	
1011	9.925000e-09	1.800000e+00	5.801282e-09	0.000000e+00	
1012	9.935000e-09	1.800000e+00	5.801282e-09	0.000000e+00	
1013	9.945000e-09	1.800000e+00	5.801282e-09	0.000000e+00	
1014	9.955000e-09	1.800000e+00	5.801282e-09	0.000000e+00	
1015	9.965000e-09	1.800000e+00	5.801282e-09	0.000000e+00	
1016	9.975000e-09	1.800000e+00	5.801282e-09	0.000000e+00	
1017	9.985000e-09	1.800000e+00	5.801282e-09	0.000000e+00	
1018	9.995000e-09	1.800000e+00	5.801282e-09	0.000000e+00	
1019	1.000500e-08	1.800000e+00	5.801282e-09	0.000000e+00	
1020	1.001500e-08	1.800000e+00	5.801282e-09	0.000000e+00	
1021	1.002500e-08	1.800000e+00	5.801282e-09	0.000000e+00	
1022	1.003500e-08	1.800000e+00	5.801282e-09	0.000000e+00	
1023	1.004500e-08	1.800000e+00	5.801282e-09	0.000000e+00	
1024	1.005500e-08	1.800000e+00	5.801282e-09	0.000000e+00	
1025	1.006500e-08	1.800000e+00	5.801282e-09	0.000000e+00	
1026	1.007500e-08	1.800000e+00	5.801282e-09	0.000000e+00	
1027	1.008500e-08	1.800000e+00	5.801282e-09	0.000000e+00	
1028	1.009500e-08	1.800000e+00	5.801282e-09	0.000000e+00	
1029	1.010500e-08	1.800000e+00	5.801282e-09	0.000000e+00	
1030	1.011500e-08	1.800000e+00	5.801282e-09	0.000000e+00	
1031	1.012500e-08	1.800000e+00	5.801282e-09	0.000000e+00	
1032	1.013500e-08	1.800000e+00	5.801282e-09	0.000000e+00	
1033	1.014500e-08	1.800000e+00	5.801282e-09	0.000000e+00	
1034	1.015500e-08	1.800000e+00	5.801282e-09	0.000000e+00	
1035	1.016500e-08	1.800000e+00	5.801282e-09	0.000000e+00	
1036	1.017500e-08	1.800000e+00	5.801282e-09	0.000000e+00	
1037	1.018500e-08	1.800000e+00	5.801282e-09	0.000000e+00	
1038	1.019500e-08	1.800000e+00	5.801282e-09	0.000000e+00	
1039	1.020500e-08	1.800000e+00	5.801282e-09	0.000000e+00	
1040	1.021500e-08	1.800000e+00	5.801282e-09	0.000000e+00	

Index   time            v(xcell.q)      v(xcell.qb)     v(wl)           
--------------------------------------------------------------------------------
1041	1.022500e-08	1.800000e+00	5.801282e-09	0.000000e+00	
1042	1.023500e-08	1.800000e+00	5.801282e-09	0.000000e+00	
1043	1.024500e-08	1.800000e+00	5.801282e-09	0.000000e+00	
1044	1.025500e-08	1.800000e+00	5.801282e-09	0.000000e+00	
1045	1.026500e-08	1.800000e+00	5.801282e-09	0.000000e+00	
1046	1.027500e-08	1.800000e+00	5.801282e-09	0.000000e+00	
1047	1.028500e-08	1.800000e+00	5.801282e-09	0.000000e+00	
1048	1.029500e-08	1.800000e+00	5.801282e-09	0.000000e+00	
1049	1.030500e-08	1.800000e+00	5.801282e-09	0.000000e+00	
1050	1.031500e-08	1.800000e+00	5.801282e-09	0.000000e+00	
1051	1.032500e-08	1.800000e+00	5.801282e-09	0.000000e+00	
1052	1.033500e-08	1.800000e+00	5.801282e-09	0.000000e+00	
1053	1.034500e-08	1.800000e+00	5.801282e-09	0.000000e+00	
1054	1.035500e-08	1.800000e+00	5.801282e-09	0.000000e+00	
1055	1.036500e-08	1.800000e+00	5.801282e-09	0.000000e+00	
1056	1.037500e-08	1.800000e+00	5.801282e-09	0.000000e+00	
1057	1.038500e-08	1.800000e+00	5.801282e-09	0.000000e+00	
1058	1.039500e-08	1.800000e+00	5.801282e-09	0.000000e+00	
1059	1.040500e-08	1.800000e+00	5.801282e-09	0.000000e+00	
1060	1.041500e-08	1.800000e+00	5.801282e-09	0.000000e+00	
1061	1.042500e-08	1.800000e+00	5.801282e-09	0.000000e+00	
1062	1.043500e-08	1.800000e+00	5.801282e-09	0.000000e+00	
1063	1.044500e-08	1.800000e+00	5.801282e-09	0.000000e+00	
1064	1.045500e-08	1.800000e+00	5.801282e-09	0.000000e+00	
1065	1.046500e-08	1.800000e+00	5.801282e-09	0.000000e+00	
1066	1.047500e-08	1.800000e+00	5.801282e-09	0.000000e+00	
1067	1.048500e-08	1.800000e+00	5.801282e-09	0.000000e+00	
1068	1.049500e-08	1.800000e+00	5.801282e-09	0.000000e+00	
1069	1.050500e-08	1.800000e+00	5.801282e-09	0.000000e+00	
1070	1.051500e-08	1.800000e+00	5.801282e-09	0.000000e+00	
1071	1.052500e-08	1.800000e+00	5.801282e-09	0.000000e+00	
1072	1.053500e-08	1.800000e+00	5.801282e-09	0.000000e+00	
1073	1.054500e-08	1.800000e+00	5.801282e-09	0.000000e+00	
1074	1.055500e-08	1.800000e+00	5.801282e-09	0.000000e+00	
1075	1.056500e-08	1.800000e+00	5.801282e-09	0.000000e+00	
1076	1.057500e-08	1.800000e+00	5.801282e-09	0.000000e+00	
1077	1.058500e-08	1.800000e+00	5.801282e-09	0.000000e+00	
1078	1.059500e-08	1.800000e+00	5.801282e-09	0.000000e+00	
1079	1.060500e-08	1.800000e+00	5.801282e-09	0.000000e+00	
1080	1.061500e-08	1.800000e+00	5.801282e-09	0.000000e+00	
1081	1.062500e-08	1.800000e+00	5.801282e-09	0.000000e+00	
1082	1.063500e-08	1.800000e+00	5.801282e-09	0.000000e+00	
1083	1.064500e-08	1.800000e+00	5.801282e-09	0.000000e+00	
1084	1.065500e-08	1.800000e+00	5.801282e-09	0.000000e+00	
1085	1.066500e-08	1.800000e+00	5.801282e-09	0.000000e+00	
1086	1.067500e-08	1.800000e+00	5.801282e-09	0.000000e+00	
1087	1.068500e-08	1.800000e+00	5.801282e-09	0.000000e+00	
1088	1.069500e-08	1.800000e+00	5.801282e-09	0.000000e+00	
1089	1.070500e-08	1.800000e+00	5.801282e-09	0.000000e+00	
1090	1.071500e-08	1.800000e+00	5.801282e-09	0.000000e+00	
1091	1.072500e-08	1.800000e+00	5.801282e-09	0.000000e+00	
1092	1.073500e-08	1.800000e+00	5.801282e-09	0.000000e+00	
1093	1.074500e-08	1.800000e+00	5.801282e-09	0.000000e+00	
1094	1.075500e-08	1.800000e+00	5.801282e-09	0.000000e+00	
1095	1.076500e-08	1.800000e+00	5.801282e-09	0.000000e+00	
1096	1.077500e-08	1.800000e+00	5.801282e-09	0.000000e+00	
1097	1.078500e-08	1.800000e+00	5.801282e-09	0.000000e+00	
1098	1.079500e-08	1.800000e+00	5.801282e-09	0.000000e+00	

Index   time            v(xcell.q)      v(xcell.qb)     v(wl)           
--------------------------------------------------------------------------------
1099	1.080500e-08	1.800000e+00	5.801282e-09	0.000000e+00	
1100	1.081500e-08	1.800000e+00	5.801282e-09	0.000000e+00	
1101	1.082500e-08	1.800000e+00	5.801282e-09	0.000000e+00	
1102	1.083500e-08	1.800000e+00	5.801282e-09	0.000000e+00	
1103	1.084500e-08	1.800000e+00	5.801282e-09	0.000000e+00	
1104	1.085500e-08	1.800000e+00	5.801282e-09	0.000000e+00	
1105	1.086500e-08	1.800000e+00	5.801282e-09	0.000000e+00	
1106	1.087500e-08	1.800000e+00	5.801282e-09	0.000000e+00	
1107	1.088500e-08	1.800000e+00	5.801282e-09	0.000000e+00	
1108	1.089500e-08	1.800000e+00	5.801282e-09	0.000000e+00	
1109	1.090500e-08	1.800000e+00	5.801282e-09	0.000000e+00	
1110	1.091500e-08	1.800000e+00	5.801282e-09	0.000000e+00	
1111	1.092500e-08	1.800000e+00	5.801282e-09	0.000000e+00	
1112	1.093500e-08	1.800000e+00	5.801282e-09	0.000000e+00	
1113	1.094500e-08	1.800000e+00	5.801282e-09	0.000000e+00	
1114	1.095500e-08	1.800000e+00	5.801282e-09	0.000000e+00	
1115	1.096500e-08	1.800000e+00	5.801282e-09	0.000000e+00	
1116	1.097500e-08	1.800000e+00	5.801282e-09	0.000000e+00	
1117	1.098500e-08	1.800000e+00	5.801282e-09	0.000000e+00	
1118	1.099500e-08	1.800000e+00	5.801282e-09	0.000000e+00	
1119	1.100500e-08	1.800000e+00	5.801282e-09	0.000000e+00	
1120	1.101500e-08	1.800000e+00	5.801282e-09	0.000000e+00	
1121	1.102500e-08	1.800000e+00	5.801282e-09	0.000000e+00	
1122	1.103500e-08	1.800000e+00	5.801282e-09	0.000000e+00	
1123	1.104500e-08	1.800000e+00	5.801282e-09	0.000000e+00	
1124	1.105500e-08	1.800000e+00	5.801282e-09	0.000000e+00	
1125	1.106500e-08	1.800000e+00	5.801282e-09	0.000000e+00	
1126	1.107500e-08	1.800000e+00	5.801282e-09	0.000000e+00	
1127	1.108500e-08	1.800000e+00	5.801282e-09	0.000000e+00	
1128	1.109500e-08	1.800000e+00	5.801282e-09	0.000000e+00	
1129	1.110500e-08	1.800000e+00	5.801282e-09	0.000000e+00	
1130	1.111500e-08	1.800000e+00	5.801282e-09	0.000000e+00	
1131	1.112500e-08	1.800000e+00	5.801282e-09	0.000000e+00	
1132	1.113500e-08	1.800000e+00	5.801282e-09	0.000000e+00	
1133	1.114500e-08	1.800000e+00	5.801282e-09	0.000000e+00	
1134	1.115500e-08	1.800000e+00	5.801282e-09	0.000000e+00	
1135	1.116500e-08	1.800000e+00	5.801282e-09	0.000000e+00	
1136	1.117500e-08	1.800000e+00	5.801282e-09	0.000000e+00	
1137	1.118500e-08	1.800000e+00	5.801282e-09	0.000000e+00	
1138	1.119500e-08	1.800000e+00	5.801282e-09	0.000000e+00	
1139	1.120500e-08	1.800000e+00	5.801282e-09	0.000000e+00	
1140	1.121500e-08	1.800000e+00	5.801282e-09	0.000000e+00	
1141	1.122500e-08	1.800000e+00	5.801282e-09	0.000000e+00	
1142	1.123500e-08	1.800000e+00	5.801282e-09	0.000000e+00	
1143	1.124500e-08	1.800000e+00	5.801282e-09	0.000000e+00	
1144	1.125500e-08	1.800000e+00	5.801282e-09	0.000000e+00	
1145	1.126500e-08	1.800000e+00	5.801282e-09	0.000000e+00	
1146	1.127500e-08	1.800000e+00	5.801282e-09	0.000000e+00	
1147	1.128500e-08	1.800000e+00	5.801282e-09	0.000000e+00	
1148	1.129500e-08	1.800000e+00	5.801282e-09	0.000000e+00	
1149	1.130500e-08	1.800000e+00	5.801282e-09	0.000000e+00	
1150	1.131500e-08	1.800000e+00	5.801282e-09	0.000000e+00	
1151	1.132500e-08	1.800000e+00	5.801282e-09	0.000000e+00	
1152	1.133500e-08	1.800000e+00	5.801282e-09	0.000000e+00	
1153	1.134500e-08	1.800000e+00	5.801282e-09	0.000000e+00	
1154	1.135500e-08	1.800000e+00	5.801282e-09	0.000000e+00	
1155	1.136500e-08	1.800000e+00	5.801282e-09	0.000000e+00	
1156	1.137500e-08	1.800000e+00	5.801282e-09	0.000000e+00	

Index   time            v(xcell.q)      v(xcell.qb)     v(wl)           
--------------------------------------------------------------------------------
1157	1.138500e-08	1.800000e+00	5.801282e-09	0.000000e+00	
1158	1.139500e-08	1.800000e+00	5.801282e-09	0.000000e+00	
1159	1.140500e-08	1.800000e+00	5.801282e-09	0.000000e+00	
1160	1.141500e-08	1.800000e+00	5.801282e-09	0.000000e+00	
1161	1.142500e-08	1.800000e+00	5.801282e-09	0.000000e+00	
1162	1.143500e-08	1.800000e+00	5.801282e-09	0.000000e+00	
1163	1.144500e-08	1.800000e+00	5.801282e-09	0.000000e+00	
1164	1.145500e-08	1.800000e+00	5.801282e-09	0.000000e+00	
1165	1.146500e-08	1.800000e+00	5.801282e-09	0.000000e+00	
1166	1.147500e-08	1.800000e+00	5.801282e-09	0.000000e+00	
1167	1.148500e-08	1.800000e+00	5.801282e-09	0.000000e+00	
1168	1.149500e-08	1.800000e+00	5.801282e-09	0.000000e+00	
1169	1.150500e-08	1.800000e+00	5.801282e-09	0.000000e+00	
1170	1.151500e-08	1.800000e+00	5.801282e-09	0.000000e+00	
1171	1.152500e-08	1.800000e+00	5.801282e-09	0.000000e+00	
1172	1.153500e-08	1.800000e+00	5.801282e-09	0.000000e+00	
1173	1.154500e-08	1.800000e+00	5.801282e-09	0.000000e+00	
1174	1.155500e-08	1.800000e+00	5.801282e-09	0.000000e+00	
1175	1.156500e-08	1.800000e+00	5.801282e-09	0.000000e+00	
1176	1.157500e-08	1.800000e+00	5.801282e-09	0.000000e+00	
1177	1.158500e-08	1.800000e+00	5.801282e-09	0.000000e+00	
1178	1.159500e-08	1.800000e+00	5.801282e-09	0.000000e+00	
1179	1.160500e-08	1.800000e+00	5.801282e-09	0.000000e+00	
1180	1.161500e-08	1.800000e+00	5.801282e-09	0.000000e+00	
1181	1.162500e-08	1.800000e+00	5.801282e-09	0.000000e+00	
1182	1.163500e-08	1.800000e+00	5.801282e-09	0.000000e+00	
1183	1.164500e-08	1.800000e+00	5.801282e-09	0.000000e+00	
1184	1.165500e-08	1.800000e+00	5.801282e-09	0.000000e+00	
1185	1.166500e-08	1.800000e+00	5.801282e-09	0.000000e+00	
1186	1.167500e-08	1.800000e+00	5.801282e-09	0.000000e+00	
1187	1.168500e-08	1.800000e+00	5.801282e-09	0.000000e+00	
1188	1.169500e-08	1.800000e+00	5.801282e-09	0.000000e+00	
1189	1.170500e-08	1.800000e+00	5.801282e-09	0.000000e+00	
1190	1.171500e-08	1.800000e+00	5.801282e-09	0.000000e+00	
1191	1.172500e-08	1.800000e+00	5.801282e-09	0.000000e+00	
1192	1.173500e-08	1.800000e+00	5.801282e-09	0.000000e+00	
1193	1.174500e-08	1.800000e+00	5.801282e-09	0.000000e+00	
1194	1.175500e-08	1.800000e+00	5.801282e-09	0.000000e+00	
1195	1.176500e-08	1.800000e+00	5.801282e-09	0.000000e+00	
1196	1.177500e-08	1.800000e+00	5.801282e-09	0.000000e+00	
1197	1.178500e-08	1.800000e+00	5.801282e-09	0.000000e+00	
1198	1.179500e-08	1.800000e+00	5.801282e-09	0.000000e+00	
1199	1.180500e-08	1.800000e+00	5.801282e-09	0.000000e+00	
1200	1.181500e-08	1.800000e+00	5.801282e-09	0.000000e+00	
1201	1.182500e-08	1.800000e+00	5.801282e-09	0.000000e+00	
1202	1.183500e-08	1.800000e+00	5.801282e-09	0.000000e+00	
1203	1.184500e-08	1.800000e+00	5.801282e-09	0.000000e+00	
1204	1.185500e-08	1.800000e+00	5.801282e-09	0.000000e+00	
1205	1.186500e-08	1.800000e+00	5.801282e-09	0.000000e+00	
1206	1.187500e-08	1.800000e+00	5.801282e-09	0.000000e+00	
1207	1.188500e-08	1.800000e+00	5.801282e-09	0.000000e+00	
1208	1.189500e-08	1.800000e+00	5.801282e-09	0.000000e+00	
1209	1.190500e-08	1.800000e+00	5.801282e-09	0.000000e+00	
1210	1.191500e-08	1.800000e+00	5.801282e-09	0.000000e+00	
1211	1.192500e-08	1.800000e+00	5.801282e-09	0.000000e+00	
1212	1.193500e-08	1.800000e+00	5.801282e-09	0.000000e+00	
1213	1.194500e-08	1.800000e+00	5.801282e-09	0.000000e+00	
1214	1.195500e-08	1.800000e+00	5.801282e-09	0.000000e+00	

Index   time            v(xcell.q)      v(xcell.qb)     v(wl)           
--------------------------------------------------------------------------------
1215	1.196500e-08	1.800000e+00	5.801282e-09	0.000000e+00	
1216	1.197500e-08	1.800000e+00	5.801282e-09	0.000000e+00	
1217	1.198500e-08	1.800000e+00	5.801282e-09	0.000000e+00	
1218	1.199500e-08	1.800000e+00	5.801282e-09	0.000000e+00	
1219	1.200500e-08	1.800000e+00	5.801282e-09	0.000000e+00	
1220	1.201500e-08	1.800000e+00	5.801282e-09	0.000000e+00	
1221	1.202500e-08	1.800000e+00	5.801282e-09	0.000000e+00	
1222	1.203500e-08	1.800000e+00	5.801282e-09	0.000000e+00	
1223	1.204500e-08	1.800000e+00	5.801282e-09	0.000000e+00	
1224	1.205500e-08	1.800000e+00	5.801282e-09	0.000000e+00	
1225	1.206500e-08	1.800000e+00	5.801282e-09	0.000000e+00	
1226	1.207500e-08	1.800000e+00	5.801282e-09	0.000000e+00	
1227	1.208500e-08	1.800000e+00	5.801282e-09	0.000000e+00	
1228	1.209500e-08	1.800000e+00	5.801282e-09	0.000000e+00	
1229	1.210500e-08	1.800000e+00	5.801282e-09	0.000000e+00	
1230	1.211500e-08	1.800000e+00	5.801282e-09	0.000000e+00	
1231	1.212500e-08	1.800000e+00	5.801282e-09	0.000000e+00	
1232	1.213500e-08	1.800000e+00	5.801282e-09	0.000000e+00	
1233	1.214500e-08	1.800000e+00	5.801282e-09	0.000000e+00	
1234	1.215500e-08	1.800000e+00	5.801282e-09	0.000000e+00	
1235	1.216500e-08	1.800000e+00	5.801282e-09	0.000000e+00	
1236	1.217500e-08	1.800000e+00	5.801282e-09	0.000000e+00	
1237	1.218500e-08	1.800000e+00	5.801282e-09	0.000000e+00	
1238	1.219500e-08	1.800000e+00	5.801282e-09	0.000000e+00	
1239	1.220500e-08	1.800000e+00	5.801282e-09	0.000000e+00	
1240	1.221500e-08	1.800000e+00	5.801282e-09	0.000000e+00	
1241	1.222500e-08	1.800000e+00	5.801282e-09	0.000000e+00	
1242	1.223500e-08	1.800000e+00	5.801282e-09	0.000000e+00	
1243	1.224500e-08	1.800000e+00	5.801282e-09	0.000000e+00	
1244	1.225500e-08	1.800000e+00	5.801282e-09	0.000000e+00	
1245	1.226500e-08	1.800000e+00	5.801282e-09	0.000000e+00	
1246	1.227500e-08	1.800000e+00	5.801282e-09	0.000000e+00	
1247	1.228500e-08	1.800000e+00	5.801282e-09	0.000000e+00	
1248	1.229500e-08	1.800000e+00	5.801282e-09	0.000000e+00	
1249	1.230500e-08	1.800000e+00	5.801282e-09	0.000000e+00	
1250	1.231500e-08	1.800000e+00	5.801282e-09	0.000000e+00	
1251	1.232500e-08	1.800000e+00	5.801282e-09	0.000000e+00	
1252	1.233500e-08	1.800000e+00	5.801282e-09	0.000000e+00	
1253	1.234500e-08	1.800000e+00	5.801282e-09	0.000000e+00	
1254	1.235500e-08	1.800000e+00	5.801282e-09	0.000000e+00	
1255	1.236500e-08	1.800000e+00	5.801282e-09	0.000000e+00	
1256	1.237500e-08	1.800000e+00	5.801282e-09	0.000000e+00	
1257	1.238500e-08	1.800000e+00	5.801282e-09	0.000000e+00	
1258	1.239500e-08	1.800000e+00	5.801282e-09	0.000000e+00	
1259	1.240500e-08	1.800000e+00	5.801282e-09	0.000000e+00	
1260	1.241500e-08	1.800000e+00	5.801282e-09	0.000000e+00	
1261	1.242500e-08	1.800000e+00	5.801282e-09	0.000000e+00	
1262	1.243500e-08	1.800000e+00	5.801282e-09	0.000000e+00	
1263	1.244500e-08	1.800000e+00	5.801282e-09	0.000000e+00	
1264	1.245500e-08	1.800000e+00	5.801282e-09	0.000000e+00	
1265	1.246500e-08	1.800000e+00	5.801282e-09	0.000000e+00	
1266	1.247500e-08	1.800000e+00	5.801282e-09	0.000000e+00	
1267	1.248500e-08	1.800000e+00	5.801282e-09	0.000000e+00	
1268	1.249500e-08	1.800000e+00	5.801282e-09	0.000000e+00	
1269	1.250500e-08	1.800000e+00	5.801282e-09	0.000000e+00	
1270	1.251500e-08	1.800000e+00	5.801282e-09	0.000000e+00	
1271	1.252500e-08	1.800000e+00	5.801282e-09	0.000000e+00	
1272	1.253500e-08	1.800000e+00	5.801282e-09	0.000000e+00	

Index   time            v(xcell.q)      v(xcell.qb)     v(wl)           
--------------------------------------------------------------------------------
1273	1.254500e-08	1.800000e+00	5.801282e-09	0.000000e+00	
1274	1.255500e-08	1.800000e+00	5.801282e-09	0.000000e+00	
1275	1.256500e-08	1.800000e+00	5.801282e-09	0.000000e+00	
1276	1.257500e-08	1.800000e+00	5.801282e-09	0.000000e+00	
1277	1.258500e-08	1.800000e+00	5.801282e-09	0.000000e+00	
1278	1.259500e-08	1.800000e+00	5.801282e-09	0.000000e+00	
1279	1.260500e-08	1.800000e+00	5.801282e-09	0.000000e+00	
1280	1.261500e-08	1.800000e+00	5.801282e-09	0.000000e+00	
1281	1.262500e-08	1.800000e+00	5.801282e-09	0.000000e+00	
1282	1.263500e-08	1.800000e+00	5.801282e-09	0.000000e+00	
1283	1.264500e-08	1.800000e+00	5.801282e-09	0.000000e+00	
1284	1.265500e-08	1.800000e+00	5.801282e-09	0.000000e+00	
1285	1.266500e-08	1.800000e+00	5.801282e-09	0.000000e+00	
1286	1.267500e-08	1.800000e+00	5.801282e-09	0.000000e+00	
1287	1.268500e-08	1.800000e+00	5.801282e-09	0.000000e+00	
1288	1.269500e-08	1.800000e+00	5.801282e-09	0.000000e+00	
1289	1.270500e-08	1.800000e+00	5.801282e-09	0.000000e+00	
1290	1.271500e-08	1.800000e+00	5.801282e-09	0.000000e+00	
1291	1.272500e-08	1.800000e+00	5.801282e-09	0.000000e+00	
1292	1.273500e-08	1.800000e+00	5.801282e-09	0.000000e+00	
1293	1.274500e-08	1.800000e+00	5.801282e-09	0.000000e+00	
1294	1.275500e-08	1.800000e+00	5.801282e-09	0.000000e+00	
1295	1.276500e-08	1.800000e+00	5.801282e-09	0.000000e+00	
1296	1.277500e-08	1.800000e+00	5.801282e-09	0.000000e+00	
1297	1.278500e-08	1.800000e+00	5.801282e-09	0.000000e+00	
1298	1.279500e-08	1.800000e+00	5.801282e-09	0.000000e+00	
1299	1.280500e-08	1.800000e+00	5.801282e-09	0.000000e+00	
1300	1.281500e-08	1.800000e+00	5.801282e-09	0.000000e+00	
1301	1.282500e-08	1.800000e+00	5.801282e-09	0.000000e+00	
1302	1.283500e-08	1.800000e+00	5.801282e-09	0.000000e+00	
1303	1.284500e-08	1.800000e+00	5.801282e-09	0.000000e+00	
1304	1.285500e-08	1.800000e+00	5.801282e-09	0.000000e+00	
1305	1.286500e-08	1.800000e+00	5.801282e-09	0.000000e+00	
1306	1.287500e-08	1.800000e+00	5.801282e-09	0.000000e+00	
1307	1.288500e-08	1.800000e+00	5.801282e-09	0.000000e+00	
1308	1.289500e-08	1.800000e+00	5.801282e-09	0.000000e+00	
1309	1.290500e-08	1.800000e+00	5.801282e-09	0.000000e+00	
1310	1.291500e-08	1.800000e+00	5.801282e-09	0.000000e+00	
1311	1.292500e-08	1.800000e+00	5.801282e-09	0.000000e+00	
1312	1.293500e-08	1.800000e+00	5.801282e-09	0.000000e+00	
1313	1.294500e-08	1.800000e+00	5.801282e-09	0.000000e+00	
1314	1.295500e-08	1.800000e+00	5.801282e-09	0.000000e+00	
1315	1.296500e-08	1.800000e+00	5.801282e-09	0.000000e+00	
1316	1.297500e-08	1.800000e+00	5.801282e-09	0.000000e+00	
1317	1.298500e-08	1.800000e+00	5.801282e-09	0.000000e+00	
1318	1.299500e-08	1.800000e+00	5.801282e-09	0.000000e+00	
1319	1.300500e-08	1.800000e+00	5.801282e-09	0.000000e+00	
1320	1.301500e-08	1.800000e+00	5.801282e-09	0.000000e+00	
1321	1.302500e-08	1.800000e+00	5.801282e-09	0.000000e+00	
1322	1.303500e-08	1.800000e+00	5.801282e-09	0.000000e+00	
1323	1.304500e-08	1.800000e+00	5.801282e-09	0.000000e+00	
1324	1.305500e-08	1.800000e+00	5.801282e-09	0.000000e+00	
1325	1.306500e-08	1.800000e+00	5.801282e-09	0.000000e+00	
1326	1.307500e-08	1.800000e+00	5.801282e-09	0.000000e+00	
1327	1.308500e-08	1.800000e+00	5.801282e-09	0.000000e+00	
1328	1.309500e-08	1.800000e+00	5.801282e-09	0.000000e+00	
1329	1.310500e-08	1.800000e+00	5.801282e-09	0.000000e+00	
1330	1.311500e-08	1.800000e+00	5.801282e-09	0.000000e+00	

Index   time            v(xcell.q)      v(xcell.qb)     v(wl)           
--------------------------------------------------------------------------------
1331	1.312500e-08	1.800000e+00	5.801282e-09	0.000000e+00	
1332	1.313500e-08	1.800000e+00	5.801282e-09	0.000000e+00	
1333	1.314500e-08	1.800000e+00	5.801282e-09	0.000000e+00	
1334	1.315500e-08	1.800000e+00	5.801282e-09	0.000000e+00	
1335	1.316500e-08	1.800000e+00	5.801282e-09	0.000000e+00	
1336	1.317500e-08	1.800000e+00	5.801282e-09	0.000000e+00	
1337	1.318500e-08	1.800000e+00	5.801282e-09	0.000000e+00	
1338	1.319500e-08	1.800000e+00	5.801282e-09	0.000000e+00	
1339	1.320500e-08	1.800000e+00	5.801282e-09	0.000000e+00	
1340	1.321500e-08	1.800000e+00	5.801282e-09	0.000000e+00	
1341	1.322500e-08	1.800000e+00	5.801282e-09	0.000000e+00	
1342	1.323500e-08	1.800000e+00	5.801282e-09	0.000000e+00	
1343	1.324500e-08	1.800000e+00	5.801282e-09	0.000000e+00	
1344	1.325500e-08	1.800000e+00	5.801282e-09	0.000000e+00	
1345	1.326500e-08	1.800000e+00	5.801282e-09	0.000000e+00	
1346	1.327500e-08	1.800000e+00	5.801282e-09	0.000000e+00	
1347	1.328500e-08	1.800000e+00	5.801282e-09	0.000000e+00	
1348	1.329500e-08	1.800000e+00	5.801282e-09	0.000000e+00	
1349	1.330500e-08	1.800000e+00	5.801282e-09	0.000000e+00	
1350	1.331500e-08	1.800000e+00	5.801282e-09	0.000000e+00	
1351	1.332500e-08	1.800000e+00	5.801282e-09	0.000000e+00	
1352	1.333500e-08	1.800000e+00	5.801282e-09	0.000000e+00	
1353	1.334500e-08	1.800000e+00	5.801282e-09	0.000000e+00	
1354	1.335500e-08	1.800000e+00	5.801282e-09	0.000000e+00	
1355	1.336500e-08	1.800000e+00	5.801282e-09	0.000000e+00	
1356	1.337500e-08	1.800000e+00	5.801282e-09	0.000000e+00	
1357	1.338500e-08	1.800000e+00	5.801282e-09	0.000000e+00	
1358	1.339500e-08	1.800000e+00	5.801282e-09	0.000000e+00	
1359	1.340500e-08	1.800000e+00	5.801282e-09	0.000000e+00	
1360	1.341500e-08	1.800000e+00	5.801282e-09	0.000000e+00	
1361	1.342500e-08	1.800000e+00	5.801282e-09	0.000000e+00	
1362	1.343500e-08	1.800000e+00	5.801282e-09	0.000000e+00	
1363	1.344500e-08	1.800000e+00	5.801282e-09	0.000000e+00	
1364	1.345500e-08	1.800000e+00	5.801282e-09	0.000000e+00	
1365	1.346500e-08	1.800000e+00	5.801282e-09	0.000000e+00	
1366	1.347500e-08	1.800000e+00	5.801282e-09	0.000000e+00	
1367	1.348500e-08	1.800000e+00	5.801282e-09	0.000000e+00	
1368	1.349500e-08	1.800000e+00	5.801282e-09	0.000000e+00	
1369	1.350500e-08	1.800000e+00	5.801282e-09	0.000000e+00	
1370	1.351500e-08	1.800000e+00	5.801282e-09	0.000000e+00	
1371	1.352500e-08	1.800000e+00	5.801282e-09	0.000000e+00	
1372	1.353500e-08	1.800000e+00	5.801282e-09	0.000000e+00	
1373	1.354500e-08	1.800000e+00	5.801282e-09	0.000000e+00	
1374	1.355500e-08	1.800000e+00	5.801282e-09	0.000000e+00	
1375	1.356500e-08	1.800000e+00	5.801282e-09	0.000000e+00	
1376	1.357500e-08	1.800000e+00	5.801282e-09	0.000000e+00	
1377	1.358500e-08	1.800000e+00	5.801282e-09	0.000000e+00	
1378	1.359500e-08	1.800000e+00	5.801282e-09	0.000000e+00	
1379	1.360500e-08	1.800000e+00	5.801282e-09	0.000000e+00	
1380	1.361500e-08	1.800000e+00	5.801282e-09	0.000000e+00	
1381	1.362500e-08	1.800000e+00	5.801282e-09	0.000000e+00	
1382	1.363500e-08	1.800000e+00	5.801282e-09	0.000000e+00	
1383	1.364500e-08	1.800000e+00	5.801282e-09	0.000000e+00	
1384	1.365500e-08	1.800000e+00	5.801282e-09	0.000000e+00	
1385	1.366500e-08	1.800000e+00	5.801282e-09	0.000000e+00	
1386	1.367500e-08	1.800000e+00	5.801282e-09	0.000000e+00	
1387	1.368500e-08	1.800000e+00	5.801282e-09	0.000000e+00	
1388	1.369500e-08	1.800000e+00	5.801282e-09	0.000000e+00	

Index   time            v(xcell.q)      v(xcell.qb)     v(wl)           
--------------------------------------------------------------------------------
1389	1.370500e-08	1.800000e+00	5.801282e-09	0.000000e+00	
1390	1.371500e-08	1.800000e+00	5.801282e-09	0.000000e+00	
1391	1.372500e-08	1.800000e+00	5.801282e-09	0.000000e+00	
1392	1.373500e-08	1.800000e+00	5.801282e-09	0.000000e+00	
1393	1.374500e-08	1.800000e+00	5.801282e-09	0.000000e+00	
1394	1.375500e-08	1.800000e+00	5.801282e-09	0.000000e+00	
1395	1.376500e-08	1.800000e+00	5.801282e-09	0.000000e+00	
1396	1.377500e-08	1.800000e+00	5.801282e-09	0.000000e+00	
1397	1.378500e-08	1.800000e+00	5.801282e-09	0.000000e+00	
1398	1.379500e-08	1.800000e+00	5.801282e-09	0.000000e+00	
1399	1.380500e-08	1.800000e+00	5.801282e-09	0.000000e+00	
1400	1.381500e-08	1.800000e+00	5.801282e-09	0.000000e+00	
1401	1.382500e-08	1.800000e+00	5.801282e-09	0.000000e+00	
1402	1.383500e-08	1.800000e+00	5.801282e-09	0.000000e+00	
1403	1.384500e-08	1.800000e+00	5.801282e-09	0.000000e+00	
1404	1.385500e-08	1.800000e+00	5.801282e-09	0.000000e+00	
1405	1.386500e-08	1.800000e+00	5.801282e-09	0.000000e+00	
1406	1.387500e-08	1.800000e+00	5.801282e-09	0.000000e+00	
1407	1.388500e-08	1.800000e+00	5.801282e-09	0.000000e+00	
1408	1.389500e-08	1.800000e+00	5.801282e-09	0.000000e+00	
1409	1.390500e-08	1.800000e+00	5.801282e-09	0.000000e+00	
1410	1.391500e-08	1.800000e+00	5.801282e-09	0.000000e+00	
1411	1.392500e-08	1.800000e+00	5.801282e-09	0.000000e+00	
1412	1.393500e-08	1.800000e+00	5.801282e-09	0.000000e+00	
1413	1.394500e-08	1.800000e+00	5.801282e-09	0.000000e+00	
1414	1.395500e-08	1.800000e+00	5.801282e-09	0.000000e+00	
1415	1.396500e-08	1.800000e+00	5.801282e-09	0.000000e+00	
1416	1.397500e-08	1.800000e+00	5.801282e-09	0.000000e+00	
1417	1.398500e-08	1.800000e+00	5.801282e-09	0.000000e+00	
1418	1.399500e-08	1.800000e+00	5.801282e-09	0.000000e+00	
1419	1.400500e-08	1.800000e+00	5.801282e-09	0.000000e+00	
1420	1.401500e-08	1.800000e+00	5.801282e-09	0.000000e+00	
1421	1.402500e-08	1.800000e+00	5.801282e-09	0.000000e+00	
1422	1.403500e-08	1.800000e+00	5.801282e-09	0.000000e+00	
1423	1.404500e-08	1.800000e+00	5.801282e-09	0.000000e+00	
1424	1.405500e-08	1.800000e+00	5.801282e-09	0.000000e+00	
1425	1.406500e-08	1.800000e+00	5.801282e-09	0.000000e+00	
1426	1.407500e-08	1.800000e+00	5.801282e-09	0.000000e+00	
1427	1.408500e-08	1.800000e+00	5.801282e-09	0.000000e+00	
1428	1.409500e-08	1.800000e+00	5.801282e-09	0.000000e+00	
1429	1.410500e-08	1.800000e+00	5.801282e-09	0.000000e+00	
1430	1.411500e-08	1.800000e+00	5.801282e-09	0.000000e+00	
1431	1.412500e-08	1.800000e+00	5.801282e-09	0.000000e+00	
1432	1.413500e-08	1.800000e+00	5.801282e-09	0.000000e+00	
1433	1.414500e-08	1.800000e+00	5.801282e-09	0.000000e+00	
1434	1.415500e-08	1.800000e+00	5.801282e-09	0.000000e+00	
1435	1.416500e-08	1.800000e+00	5.801282e-09	0.000000e+00	
1436	1.417500e-08	1.800000e+00	5.801282e-09	0.000000e+00	
1437	1.418500e-08	1.800000e+00	5.801282e-09	0.000000e+00	
1438	1.419500e-08	1.800000e+00	5.801282e-09	0.000000e+00	
1439	1.420500e-08	1.800000e+00	5.801282e-09	0.000000e+00	
1440	1.421500e-08	1.800000e+00	5.801282e-09	0.000000e+00	
1441	1.422500e-08	1.800000e+00	5.801282e-09	0.000000e+00	
1442	1.423500e-08	1.800000e+00	5.801282e-09	0.000000e+00	
1443	1.424500e-08	1.800000e+00	5.801282e-09	0.000000e+00	
1444	1.425500e-08	1.800000e+00	5.801282e-09	0.000000e+00	
1445	1.426500e-08	1.800000e+00	5.801282e-09	0.000000e+00	
1446	1.427500e-08	1.800000e+00	5.801282e-09	0.000000e+00	

Index   time            v(xcell.q)      v(xcell.qb)     v(wl)           
--------------------------------------------------------------------------------
1447	1.428500e-08	1.800000e+00	5.801282e-09	0.000000e+00	
1448	1.429500e-08	1.800000e+00	5.801282e-09	0.000000e+00	
1449	1.430500e-08	1.800000e+00	5.801282e-09	0.000000e+00	
1450	1.431500e-08	1.800000e+00	5.801282e-09	0.000000e+00	
1451	1.432500e-08	1.800000e+00	5.801282e-09	0.000000e+00	
1452	1.433500e-08	1.800000e+00	5.801282e-09	0.000000e+00	
1453	1.434500e-08	1.800000e+00	5.801282e-09	0.000000e+00	
1454	1.435500e-08	1.800000e+00	5.801282e-09	0.000000e+00	
1455	1.436500e-08	1.800000e+00	5.801282e-09	0.000000e+00	
1456	1.437500e-08	1.800000e+00	5.801282e-09	0.000000e+00	
1457	1.438500e-08	1.800000e+00	5.801282e-09	0.000000e+00	
1458	1.439500e-08	1.800000e+00	5.801282e-09	0.000000e+00	
1459	1.440500e-08	1.800000e+00	5.801282e-09	0.000000e+00	
1460	1.441500e-08	1.800000e+00	5.801282e-09	0.000000e+00	
1461	1.442500e-08	1.800000e+00	5.801282e-09	0.000000e+00	
1462	1.443500e-08	1.800000e+00	5.801282e-09	0.000000e+00	
1463	1.444500e-08	1.800000e+00	5.801282e-09	0.000000e+00	
1464	1.445500e-08	1.800000e+00	5.801282e-09	0.000000e+00	
1465	1.446500e-08	1.800000e+00	5.801282e-09	0.000000e+00	
1466	1.447500e-08	1.800000e+00	5.801282e-09	0.000000e+00	
1467	1.448500e-08	1.800000e+00	5.801282e-09	0.000000e+00	
1468	1.449500e-08	1.800000e+00	5.801282e-09	0.000000e+00	
1469	1.450500e-08	1.800000e+00	5.801282e-09	0.000000e+00	
1470	1.451500e-08	1.800000e+00	5.801282e-09	0.000000e+00	
1471	1.452500e-08	1.800000e+00	5.801282e-09	0.000000e+00	
1472	1.453500e-08	1.800000e+00	5.801282e-09	0.000000e+00	
1473	1.454500e-08	1.800000e+00	5.801282e-09	0.000000e+00	
1474	1.455500e-08	1.800000e+00	5.801282e-09	0.000000e+00	
1475	1.456500e-08	1.800000e+00	5.801282e-09	0.000000e+00	
1476	1.457500e-08	1.800000e+00	5.801282e-09	0.000000e+00	
1477	1.458500e-08	1.800000e+00	5.801282e-09	0.000000e+00	
1478	1.459500e-08	1.800000e+00	5.801282e-09	0.000000e+00	
1479	1.460500e-08	1.800000e+00	5.801282e-09	0.000000e+00	
1480	1.461500e-08	1.800000e+00	5.801282e-09	0.000000e+00	
1481	1.462500e-08	1.800000e+00	5.801282e-09	0.000000e+00	
1482	1.463500e-08	1.800000e+00	5.801282e-09	0.000000e+00	
1483	1.464500e-08	1.800000e+00	5.801282e-09	0.000000e+00	
1484	1.465500e-08	1.800000e+00	5.801282e-09	0.000000e+00	
1485	1.466500e-08	1.800000e+00	5.801282e-09	0.000000e+00	
1486	1.467500e-08	1.800000e+00	5.801282e-09	0.000000e+00	
1487	1.468500e-08	1.800000e+00	5.801282e-09	0.000000e+00	
1488	1.469500e-08	1.800000e+00	5.801282e-09	0.000000e+00	
1489	1.470500e-08	1.800000e+00	5.801282e-09	0.000000e+00	
1490	1.471500e-08	1.800000e+00	5.801282e-09	0.000000e+00	
1491	1.472500e-08	1.800000e+00	5.801282e-09	0.000000e+00	
1492	1.473500e-08	1.800000e+00	5.801282e-09	0.000000e+00	
1493	1.474500e-08	1.800000e+00	5.801282e-09	0.000000e+00	
1494	1.475500e-08	1.800000e+00	5.801282e-09	0.000000e+00	
1495	1.476500e-08	1.800000e+00	5.801282e-09	0.000000e+00	
1496	1.477500e-08	1.800000e+00	5.801282e-09	0.000000e+00	
1497	1.478500e-08	1.800000e+00	5.801282e-09	0.000000e+00	
1498	1.479500e-08	1.800000e+00	5.801282e-09	0.000000e+00	
1499	1.480500e-08	1.800000e+00	5.801282e-09	0.000000e+00	
1500	1.481500e-08	1.800000e+00	5.801282e-09	0.000000e+00	
1501	1.482500e-08	1.800000e+00	5.801282e-09	0.000000e+00	
1502	1.483500e-08	1.800000e+00	5.801282e-09	0.000000e+00	
1503	1.484500e-08	1.800000e+00	5.801282e-09	0.000000e+00	
1504	1.485500e-08	1.800000e+00	5.801282e-09	0.000000e+00	

Index   time            v(xcell.q)      v(xcell.qb)     v(wl)           
--------------------------------------------------------------------------------
1505	1.486500e-08	1.800000e+00	5.801282e-09	0.000000e+00	
1506	1.487500e-08	1.800000e+00	5.801282e-09	0.000000e+00	
1507	1.488500e-08	1.800000e+00	5.801282e-09	0.000000e+00	
1508	1.489500e-08	1.800000e+00	5.801282e-09	0.000000e+00	
1509	1.490500e-08	1.800000e+00	5.801282e-09	0.000000e+00	
1510	1.491500e-08	1.800000e+00	5.801282e-09	0.000000e+00	
1511	1.492500e-08	1.800000e+00	5.801282e-09	0.000000e+00	
1512	1.493500e-08	1.800000e+00	5.801282e-09	0.000000e+00	
1513	1.494500e-08	1.800000e+00	5.801282e-09	0.000000e+00	
1514	1.495500e-08	1.800000e+00	5.801282e-09	0.000000e+00	
1515	1.496500e-08	1.800000e+00	5.801282e-09	0.000000e+00	
1516	1.497500e-08	1.800000e+00	5.801282e-09	0.000000e+00	
1517	1.498500e-08	1.800000e+00	5.801282e-09	0.000000e+00	
1518	1.499500e-08	1.800000e+00	5.801282e-09	0.000000e+00	
1519	1.500500e-08	1.800000e+00	5.801282e-09	0.000000e+00	
1520	1.501500e-08	1.800000e+00	5.801282e-09	0.000000e+00	
1521	1.502500e-08	1.800000e+00	5.801282e-09	0.000000e+00	
1522	1.503500e-08	1.800000e+00	5.801282e-09	0.000000e+00	
1523	1.504500e-08	1.800000e+00	5.801282e-09	0.000000e+00	
1524	1.505500e-08	1.800000e+00	5.801282e-09	0.000000e+00	
1525	1.506500e-08	1.800000e+00	5.801282e-09	0.000000e+00	
1526	1.507500e-08	1.800000e+00	5.801282e-09	0.000000e+00	
1527	1.508500e-08	1.800000e+00	5.801282e-09	0.000000e+00	
1528	1.509500e-08	1.800000e+00	5.801282e-09	0.000000e+00	
1529	1.510500e-08	1.800000e+00	5.801282e-09	0.000000e+00	
1530	1.511500e-08	1.800000e+00	5.801282e-09	0.000000e+00	
1531	1.512500e-08	1.800000e+00	5.801282e-09	0.000000e+00	
1532	1.513500e-08	1.800000e+00	5.801282e-09	0.000000e+00	
1533	1.514500e-08	1.800000e+00	5.801282e-09	0.000000e+00	
1534	1.515500e-08	1.800000e+00	5.801282e-09	0.000000e+00	
1535	1.516500e-08	1.800000e+00	5.801282e-09	0.000000e+00	
1536	1.517500e-08	1.800000e+00	5.801282e-09	0.000000e+00	
1537	1.518500e-08	1.800000e+00	5.801282e-09	0.000000e+00	
1538	1.519500e-08	1.800000e+00	5.801282e-09	0.000000e+00	
1539	1.520500e-08	1.800000e+00	5.801282e-09	0.000000e+00	
1540	1.521500e-08	1.800000e+00	5.801282e-09	0.000000e+00	
1541	1.522500e-08	1.800000e+00	5.801282e-09	0.000000e+00	
1542	1.523500e-08	1.800000e+00	5.801282e-09	0.000000e+00	
1543	1.524500e-08	1.800000e+00	5.801282e-09	0.000000e+00	
1544	1.525500e-08	1.800000e+00	5.801282e-09	0.000000e+00	
1545	1.526500e-08	1.800000e+00	5.801282e-09	0.000000e+00	
1546	1.527500e-08	1.800000e+00	5.801282e-09	0.000000e+00	
1547	1.528500e-08	1.800000e+00	5.801282e-09	0.000000e+00	
1548	1.529500e-08	1.800000e+00	5.801282e-09	0.000000e+00	
1549	1.530500e-08	1.800000e+00	5.801282e-09	0.000000e+00	
1550	1.531500e-08	1.800000e+00	5.801282e-09	0.000000e+00	
1551	1.532500e-08	1.800000e+00	5.801282e-09	0.000000e+00	
1552	1.533500e-08	1.800000e+00	5.801282e-09	0.000000e+00	
1553	1.534500e-08	1.800000e+00	5.801282e-09	0.000000e+00	
1554	1.535500e-08	1.800000e+00	5.801282e-09	0.000000e+00	
1555	1.536500e-08	1.800000e+00	5.801282e-09	0.000000e+00	
1556	1.537500e-08	1.800000e+00	5.801282e-09	0.000000e+00	
1557	1.538500e-08	1.800000e+00	5.801282e-09	0.000000e+00	
1558	1.539500e-08	1.800000e+00	5.801282e-09	0.000000e+00	
1559	1.540500e-08	1.800000e+00	5.801282e-09	0.000000e+00	
1560	1.541500e-08	1.800000e+00	5.801282e-09	0.000000e+00	
1561	1.542500e-08	1.800000e+00	5.801282e-09	0.000000e+00	
1562	1.543500e-08	1.800000e+00	5.801282e-09	0.000000e+00	

Index   time            v(xcell.q)      v(xcell.qb)     v(wl)           
--------------------------------------------------------------------------------
1563	1.544500e-08	1.800000e+00	5.801282e-09	0.000000e+00	
1564	1.545500e-08	1.800000e+00	5.801282e-09	0.000000e+00	
1565	1.546500e-08	1.800000e+00	5.801282e-09	0.000000e+00	
1566	1.547500e-08	1.800000e+00	5.801282e-09	0.000000e+00	
1567	1.548500e-08	1.800000e+00	5.801282e-09	0.000000e+00	
1568	1.549500e-08	1.800000e+00	5.801282e-09	0.000000e+00	
1569	1.550500e-08	1.800000e+00	5.801282e-09	0.000000e+00	
1570	1.551500e-08	1.800000e+00	5.801282e-09	0.000000e+00	
1571	1.552500e-08	1.800000e+00	5.801282e-09	0.000000e+00	
1572	1.553500e-08	1.800000e+00	5.801282e-09	0.000000e+00	
1573	1.554500e-08	1.800000e+00	5.801282e-09	0.000000e+00	
1574	1.555500e-08	1.800000e+00	5.801282e-09	0.000000e+00	
1575	1.556500e-08	1.800000e+00	5.801282e-09	0.000000e+00	
1576	1.557500e-08	1.800000e+00	5.801282e-09	0.000000e+00	
1577	1.558500e-08	1.800000e+00	5.801282e-09	0.000000e+00	
1578	1.559500e-08	1.800000e+00	5.801282e-09	0.000000e+00	
1579	1.560500e-08	1.800000e+00	5.801282e-09	0.000000e+00	
1580	1.561500e-08	1.800000e+00	5.801282e-09	0.000000e+00	
1581	1.562500e-08	1.800000e+00	5.801282e-09	0.000000e+00	
1582	1.563500e-08	1.800000e+00	5.801282e-09	0.000000e+00	
1583	1.564500e-08	1.800000e+00	5.801282e-09	0.000000e+00	
1584	1.565500e-08	1.800000e+00	5.801282e-09	0.000000e+00	
1585	1.566500e-08	1.800000e+00	5.801282e-09	0.000000e+00	
1586	1.567500e-08	1.800000e+00	5.801282e-09	0.000000e+00	
1587	1.568500e-08	1.800000e+00	5.801282e-09	0.000000e+00	
1588	1.569500e-08	1.800000e+00	5.801282e-09	0.000000e+00	
1589	1.570500e-08	1.800000e+00	5.801282e-09	0.000000e+00	
1590	1.571500e-08	1.800000e+00	5.801282e-09	0.000000e+00	
1591	1.572500e-08	1.800000e+00	5.801282e-09	0.000000e+00	
1592	1.573500e-08	1.800000e+00	5.801282e-09	0.000000e+00	
1593	1.574500e-08	1.800000e+00	5.801282e-09	0.000000e+00	
1594	1.575500e-08	1.800000e+00	5.801282e-09	0.000000e+00	
1595	1.576500e-08	1.800000e+00	5.801282e-09	0.000000e+00	
1596	1.577500e-08	1.800000e+00	5.801282e-09	0.000000e+00	
1597	1.578500e-08	1.800000e+00	5.801282e-09	0.000000e+00	
1598	1.579500e-08	1.800000e+00	5.801282e-09	0.000000e+00	
1599	1.580500e-08	1.800000e+00	5.801282e-09	0.000000e+00	
1600	1.581500e-08	1.800000e+00	5.801282e-09	0.000000e+00	
1601	1.582500e-08	1.800000e+00	5.801282e-09	0.000000e+00	
1602	1.583500e-08	1.800000e+00	5.801282e-09	0.000000e+00	
1603	1.584500e-08	1.800000e+00	5.801282e-09	0.000000e+00	
1604	1.585500e-08	1.800000e+00	5.801282e-09	0.000000e+00	
1605	1.586500e-08	1.800000e+00	5.801282e-09	0.000000e+00	
1606	1.587500e-08	1.800000e+00	5.801282e-09	0.000000e+00	
1607	1.588500e-08	1.800000e+00	5.801282e-09	0.000000e+00	
1608	1.589500e-08	1.800000e+00	5.801282e-09	0.000000e+00	
1609	1.590500e-08	1.800000e+00	5.801282e-09	0.000000e+00	
1610	1.591500e-08	1.800000e+00	5.801282e-09	0.000000e+00	
1611	1.592500e-08	1.800000e+00	5.801282e-09	0.000000e+00	
1612	1.593500e-08	1.800000e+00	5.801282e-09	0.000000e+00	
1613	1.594500e-08	1.800000e+00	5.801282e-09	0.000000e+00	
1614	1.595500e-08	1.800000e+00	5.801282e-09	0.000000e+00	
1615	1.596500e-08	1.800000e+00	5.801282e-09	0.000000e+00	
1616	1.597500e-08	1.800000e+00	5.801282e-09	0.000000e+00	
1617	1.598500e-08	1.800000e+00	5.801282e-09	0.000000e+00	
1618	1.599500e-08	1.800000e+00	5.801282e-09	0.000000e+00	
1619	1.600500e-08	1.800000e+00	5.801282e-09	0.000000e+00	
1620	1.601500e-08	1.800000e+00	5.801282e-09	0.000000e+00	

Index   time            v(xcell.q)      v(xcell.qb)     v(wl)           
--------------------------------------------------------------------------------
1621	1.602500e-08	1.800000e+00	5.801282e-09	0.000000e+00	
1622	1.603500e-08	1.800000e+00	5.801282e-09	0.000000e+00	
1623	1.604500e-08	1.800000e+00	5.801282e-09	0.000000e+00	
1624	1.605500e-08	1.800000e+00	5.801282e-09	0.000000e+00	
1625	1.606500e-08	1.800000e+00	5.801282e-09	0.000000e+00	
1626	1.607500e-08	1.800000e+00	5.801282e-09	0.000000e+00	
1627	1.608500e-08	1.800000e+00	5.801282e-09	0.000000e+00	
1628	1.609500e-08	1.800000e+00	5.801282e-09	0.000000e+00	
1629	1.610500e-08	1.800000e+00	5.801282e-09	0.000000e+00	
1630	1.611500e-08	1.800000e+00	5.801282e-09	0.000000e+00	
1631	1.612500e-08	1.800000e+00	5.801282e-09	0.000000e+00	
1632	1.613500e-08	1.800000e+00	5.801282e-09	0.000000e+00	
1633	1.614500e-08	1.800000e+00	5.801282e-09	0.000000e+00	
1634	1.615500e-08	1.800000e+00	5.801282e-09	0.000000e+00	
1635	1.616500e-08	1.800000e+00	5.801282e-09	0.000000e+00	
1636	1.617500e-08	1.800000e+00	5.801282e-09	0.000000e+00	
1637	1.618500e-08	1.800000e+00	5.801282e-09	0.000000e+00	
1638	1.619500e-08	1.800000e+00	5.801282e-09	0.000000e+00	
1639	1.620500e-08	1.800000e+00	5.801282e-09	0.000000e+00	
1640	1.621500e-08	1.800000e+00	5.801282e-09	0.000000e+00	
1641	1.622500e-08	1.800000e+00	5.801282e-09	0.000000e+00	
1642	1.623500e-08	1.800000e+00	5.801282e-09	0.000000e+00	
1643	1.624500e-08	1.800000e+00	5.801282e-09	0.000000e+00	
1644	1.625500e-08	1.800000e+00	5.801282e-09	0.000000e+00	
1645	1.626500e-08	1.800000e+00	5.801282e-09	0.000000e+00	
1646	1.627500e-08	1.800000e+00	5.801282e-09	0.000000e+00	
1647	1.628500e-08	1.800000e+00	5.801282e-09	0.000000e+00	
1648	1.629500e-08	1.800000e+00	5.801282e-09	0.000000e+00	
1649	1.630500e-08	1.800000e+00	5.801282e-09	0.000000e+00	
1650	1.631500e-08	1.800000e+00	5.801282e-09	0.000000e+00	
1651	1.632500e-08	1.800000e+00	5.801282e-09	0.000000e+00	
1652	1.633500e-08	1.800000e+00	5.801282e-09	0.000000e+00	
1653	1.634500e-08	1.800000e+00	5.801282e-09	0.000000e+00	
1654	1.635500e-08	1.800000e+00	5.801282e-09	0.000000e+00	
1655	1.636500e-08	1.800000e+00	5.801282e-09	0.000000e+00	
1656	1.637500e-08	1.800000e+00	5.801282e-09	0.000000e+00	
1657	1.638500e-08	1.800000e+00	5.801282e-09	0.000000e+00	
1658	1.639500e-08	1.800000e+00	5.801282e-09	0.000000e+00	
1659	1.640500e-08	1.800000e+00	5.801282e-09	0.000000e+00	
1660	1.641500e-08	1.800000e+00	5.801282e-09	0.000000e+00	
1661	1.642500e-08	1.800000e+00	5.801282e-09	0.000000e+00	
1662	1.643500e-08	1.800000e+00	5.801282e-09	0.000000e+00	
1663	1.644500e-08	1.800000e+00	5.801282e-09	0.000000e+00	
1664	1.645500e-08	1.800000e+00	5.801282e-09	0.000000e+00	
1665	1.646500e-08	1.800000e+00	5.801282e-09	0.000000e+00	
1666	1.647500e-08	1.800000e+00	5.801282e-09	0.000000e+00	
1667	1.648500e-08	1.800000e+00	5.801282e-09	0.000000e+00	
1668	1.649500e-08	1.800000e+00	5.801282e-09	0.000000e+00	
1669	1.650500e-08	1.800000e+00	5.801282e-09	0.000000e+00	
1670	1.651500e-08	1.800000e+00	5.801282e-09	0.000000e+00	
1671	1.652500e-08	1.800000e+00	5.801282e-09	0.000000e+00	
1672	1.653500e-08	1.800000e+00	5.801282e-09	0.000000e+00	
1673	1.654500e-08	1.800000e+00	5.801282e-09	0.000000e+00	
1674	1.655500e-08	1.800000e+00	5.801282e-09	0.000000e+00	
1675	1.656500e-08	1.800000e+00	5.801282e-09	0.000000e+00	
1676	1.657500e-08	1.800000e+00	5.801282e-09	0.000000e+00	
1677	1.658500e-08	1.800000e+00	5.801282e-09	0.000000e+00	
1678	1.659500e-08	1.800000e+00	5.801282e-09	0.000000e+00	

Index   time            v(xcell.q)      v(xcell.qb)     v(wl)           
--------------------------------------------------------------------------------
1679	1.660500e-08	1.800000e+00	5.801282e-09	0.000000e+00	
1680	1.661500e-08	1.800000e+00	5.801282e-09	0.000000e+00	
1681	1.662500e-08	1.800000e+00	5.801282e-09	0.000000e+00	
1682	1.663500e-08	1.800000e+00	5.801282e-09	0.000000e+00	
1683	1.664500e-08	1.800000e+00	5.801282e-09	0.000000e+00	
1684	1.665500e-08	1.800000e+00	5.801282e-09	0.000000e+00	
1685	1.666500e-08	1.800000e+00	5.801282e-09	0.000000e+00	
1686	1.667500e-08	1.800000e+00	5.801282e-09	0.000000e+00	
1687	1.668500e-08	1.800000e+00	5.801282e-09	0.000000e+00	
1688	1.669500e-08	1.800000e+00	5.801282e-09	0.000000e+00	
1689	1.670500e-08	1.800000e+00	5.801282e-09	0.000000e+00	
1690	1.671500e-08	1.800000e+00	5.801282e-09	0.000000e+00	
1691	1.672500e-08	1.800000e+00	5.801282e-09	0.000000e+00	
1692	1.673500e-08	1.800000e+00	5.801282e-09	0.000000e+00	
1693	1.674500e-08	1.800000e+00	5.801282e-09	0.000000e+00	
1694	1.675500e-08	1.800000e+00	5.801282e-09	0.000000e+00	
1695	1.676500e-08	1.800000e+00	5.801282e-09	0.000000e+00	
1696	1.677500e-08	1.800000e+00	5.801282e-09	0.000000e+00	
1697	1.678500e-08	1.800000e+00	5.801282e-09	0.000000e+00	
1698	1.679500e-08	1.800000e+00	5.801282e-09	0.000000e+00	
1699	1.680500e-08	1.800000e+00	5.801282e-09	0.000000e+00	
1700	1.681500e-08	1.800000e+00	5.801282e-09	0.000000e+00	
1701	1.682500e-08	1.800000e+00	5.801282e-09	0.000000e+00	
1702	1.683500e-08	1.800000e+00	5.801282e-09	0.000000e+00	
1703	1.684500e-08	1.800000e+00	5.801282e-09	0.000000e+00	
1704	1.685500e-08	1.800000e+00	5.801282e-09	0.000000e+00	
1705	1.686500e-08	1.800000e+00	5.801282e-09	0.000000e+00	
1706	1.687500e-08	1.800000e+00	5.801282e-09	0.000000e+00	
1707	1.688500e-08	1.800000e+00	5.801282e-09	0.000000e+00	
1708	1.689500e-08	1.800000e+00	5.801282e-09	0.000000e+00	
1709	1.690500e-08	1.800000e+00	5.801282e-09	0.000000e+00	
1710	1.691500e-08	1.800000e+00	5.801282e-09	0.000000e+00	
1711	1.692500e-08	1.800000e+00	5.801282e-09	0.000000e+00	
1712	1.693500e-08	1.800000e+00	5.801282e-09	0.000000e+00	
1713	1.694500e-08	1.800000e+00	5.801282e-09	0.000000e+00	
1714	1.695500e-08	1.800000e+00	5.801282e-09	0.000000e+00	
1715	1.696500e-08	1.800000e+00	5.801282e-09	0.000000e+00	
1716	1.697500e-08	1.800000e+00	5.801282e-09	0.000000e+00	
1717	1.698500e-08	1.800000e+00	5.801282e-09	0.000000e+00	
1718	1.699500e-08	1.800000e+00	5.801282e-09	0.000000e+00	
1719	1.700500e-08	1.800000e+00	5.801282e-09	0.000000e+00	
1720	1.701500e-08	1.800000e+00	5.801282e-09	0.000000e+00	
1721	1.702500e-08	1.800000e+00	5.801282e-09	0.000000e+00	
1722	1.703500e-08	1.800000e+00	5.801282e-09	0.000000e+00	
1723	1.704500e-08	1.800000e+00	5.801282e-09	0.000000e+00	
1724	1.705500e-08	1.800000e+00	5.801282e-09	0.000000e+00	
1725	1.706500e-08	1.800000e+00	5.801282e-09	0.000000e+00	
1726	1.707500e-08	1.800000e+00	5.801282e-09	0.000000e+00	
1727	1.708500e-08	1.800000e+00	5.801282e-09	0.000000e+00	
1728	1.709500e-08	1.800000e+00	5.801282e-09	0.000000e+00	
1729	1.710500e-08	1.800000e+00	5.801282e-09	0.000000e+00	
1730	1.711500e-08	1.800000e+00	5.801282e-09	0.000000e+00	
1731	1.712500e-08	1.800000e+00	5.801282e-09	0.000000e+00	
1732	1.713500e-08	1.800000e+00	5.801282e-09	0.000000e+00	
1733	1.714500e-08	1.800000e+00	5.801282e-09	0.000000e+00	
1734	1.715500e-08	1.800000e+00	5.801282e-09	0.000000e+00	
1735	1.716500e-08	1.800000e+00	5.801282e-09	0.000000e+00	
1736	1.717500e-08	1.800000e+00	5.801282e-09	0.000000e+00	

Index   time            v(xcell.q)      v(xcell.qb)     v(wl)           
--------------------------------------------------------------------------------
1737	1.718500e-08	1.800000e+00	5.801282e-09	0.000000e+00	
1738	1.719500e-08	1.800000e+00	5.801282e-09	0.000000e+00	
1739	1.720500e-08	1.800000e+00	5.801282e-09	0.000000e+00	
1740	1.721500e-08	1.800000e+00	5.801282e-09	0.000000e+00	
1741	1.722500e-08	1.800000e+00	5.801282e-09	0.000000e+00	
1742	1.723500e-08	1.800000e+00	5.801282e-09	0.000000e+00	
1743	1.724500e-08	1.800000e+00	5.801282e-09	0.000000e+00	
1744	1.725500e-08	1.800000e+00	5.801282e-09	0.000000e+00	
1745	1.726500e-08	1.800000e+00	5.801282e-09	0.000000e+00	
1746	1.727500e-08	1.800000e+00	5.801282e-09	0.000000e+00	
1747	1.728500e-08	1.800000e+00	5.801282e-09	0.000000e+00	
1748	1.729500e-08	1.800000e+00	5.801282e-09	0.000000e+00	
1749	1.730500e-08	1.800000e+00	5.801282e-09	0.000000e+00	
1750	1.731500e-08	1.800000e+00	5.801282e-09	0.000000e+00	
1751	1.732500e-08	1.800000e+00	5.801282e-09	0.000000e+00	
1752	1.733500e-08	1.800000e+00	5.801282e-09	0.000000e+00	
1753	1.734500e-08	1.800000e+00	5.801282e-09	0.000000e+00	
1754	1.735500e-08	1.800000e+00	5.801282e-09	0.000000e+00	
1755	1.736500e-08	1.800000e+00	5.801282e-09	0.000000e+00	
1756	1.737500e-08	1.800000e+00	5.801282e-09	0.000000e+00	
1757	1.738500e-08	1.800000e+00	5.801282e-09	0.000000e+00	
1758	1.739500e-08	1.800000e+00	5.801282e-09	0.000000e+00	
1759	1.740500e-08	1.800000e+00	5.801282e-09	0.000000e+00	
1760	1.741500e-08	1.800000e+00	5.801282e-09	0.000000e+00	
1761	1.742500e-08	1.800000e+00	5.801282e-09	0.000000e+00	
1762	1.743500e-08	1.800000e+00	5.801282e-09	0.000000e+00	
1763	1.744500e-08	1.800000e+00	5.801282e-09	0.000000e+00	
1764	1.745500e-08	1.800000e+00	5.801282e-09	0.000000e+00	
1765	1.746500e-08	1.800000e+00	5.801282e-09	0.000000e+00	
1766	1.747500e-08	1.800000e+00	5.801282e-09	0.000000e+00	
1767	1.748500e-08	1.800000e+00	5.801282e-09	0.000000e+00	
1768	1.749500e-08	1.800000e+00	5.801282e-09	0.000000e+00	
1769	1.750500e-08	1.800000e+00	5.801282e-09	0.000000e+00	
1770	1.751500e-08	1.800000e+00	5.801282e-09	0.000000e+00	
1771	1.752500e-08	1.800000e+00	5.801282e-09	0.000000e+00	
1772	1.753500e-08	1.800000e+00	5.801282e-09	0.000000e+00	
1773	1.754500e-08	1.800000e+00	5.801282e-09	0.000000e+00	
1774	1.755500e-08	1.800000e+00	5.801282e-09	0.000000e+00	
1775	1.756500e-08	1.800000e+00	5.801282e-09	0.000000e+00	
1776	1.757500e-08	1.800000e+00	5.801282e-09	0.000000e+00	
1777	1.758500e-08	1.800000e+00	5.801282e-09	0.000000e+00	
1778	1.759500e-08	1.800000e+00	5.801282e-09	0.000000e+00	
1779	1.760500e-08	1.800000e+00	5.801282e-09	0.000000e+00	
1780	1.761500e-08	1.800000e+00	5.801282e-09	0.000000e+00	
1781	1.762500e-08	1.800000e+00	5.801282e-09	0.000000e+00	
1782	1.763500e-08	1.800000e+00	5.801282e-09	0.000000e+00	
1783	1.764500e-08	1.800000e+00	5.801282e-09	0.000000e+00	
1784	1.765500e-08	1.800000e+00	5.801282e-09	0.000000e+00	
1785	1.766500e-08	1.800000e+00	5.801282e-09	0.000000e+00	
1786	1.767500e-08	1.800000e+00	5.801282e-09	0.000000e+00	
1787	1.768500e-08	1.800000e+00	5.801282e-09	0.000000e+00	
1788	1.769500e-08	1.800000e+00	5.801282e-09	0.000000e+00	
1789	1.770500e-08	1.800000e+00	5.801282e-09	0.000000e+00	
1790	1.771500e-08	1.800000e+00	5.801282e-09	0.000000e+00	
1791	1.772500e-08	1.800000e+00	5.801282e-09	0.000000e+00	
1792	1.773500e-08	1.800000e+00	5.801282e-09	0.000000e+00	
1793	1.774500e-08	1.800000e+00	5.801282e-09	0.000000e+00	
1794	1.775500e-08	1.800000e+00	5.801282e-09	0.000000e+00	

Index   time            v(xcell.q)      v(xcell.qb)     v(wl)           
--------------------------------------------------------------------------------
1795	1.776500e-08	1.800000e+00	5.801282e-09	0.000000e+00	
1796	1.777500e-08	1.800000e+00	5.801282e-09	0.000000e+00	
1797	1.778500e-08	1.800000e+00	5.801282e-09	0.000000e+00	
1798	1.779500e-08	1.800000e+00	5.801282e-09	0.000000e+00	
1799	1.780500e-08	1.800000e+00	5.801282e-09	0.000000e+00	
1800	1.781500e-08	1.800000e+00	5.801282e-09	0.000000e+00	
1801	1.782500e-08	1.800000e+00	5.801282e-09	0.000000e+00	
1802	1.783500e-08	1.800000e+00	5.801282e-09	0.000000e+00	
1803	1.784500e-08	1.800000e+00	5.801282e-09	0.000000e+00	
1804	1.785500e-08	1.800000e+00	5.801282e-09	0.000000e+00	
1805	1.786500e-08	1.800000e+00	5.801282e-09	0.000000e+00	
1806	1.787500e-08	1.800000e+00	5.801282e-09	0.000000e+00	
1807	1.788500e-08	1.800000e+00	5.801282e-09	0.000000e+00	
1808	1.789500e-08	1.800000e+00	5.801282e-09	0.000000e+00	
1809	1.790500e-08	1.800000e+00	5.801282e-09	0.000000e+00	
1810	1.791500e-08	1.800000e+00	5.801282e-09	0.000000e+00	
1811	1.792500e-08	1.800000e+00	5.801282e-09	0.000000e+00	
1812	1.793500e-08	1.800000e+00	5.801282e-09	0.000000e+00	
1813	1.794500e-08	1.800000e+00	5.801282e-09	0.000000e+00	
1814	1.795500e-08	1.800000e+00	5.801282e-09	0.000000e+00	
1815	1.796500e-08	1.800000e+00	5.801282e-09	0.000000e+00	
1816	1.797500e-08	1.800000e+00	5.801282e-09	0.000000e+00	
1817	1.798500e-08	1.800000e+00	5.801282e-09	0.000000e+00	
1818	1.799500e-08	1.800000e+00	5.801282e-09	0.000000e+00	
1819	1.800500e-08	1.800000e+00	5.801282e-09	0.000000e+00	
1820	1.801500e-08	1.800000e+00	5.801282e-09	0.000000e+00	
1821	1.802500e-08	1.800000e+00	5.801282e-09	0.000000e+00	
1822	1.803500e-08	1.800000e+00	5.801282e-09	0.000000e+00	
1823	1.804500e-08	1.800000e+00	5.801282e-09	0.000000e+00	
1824	1.805500e-08	1.800000e+00	5.801282e-09	0.000000e+00	
1825	1.806500e-08	1.800000e+00	5.801282e-09	0.000000e+00	
1826	1.807500e-08	1.800000e+00	5.801282e-09	0.000000e+00	
1827	1.808500e-08	1.800000e+00	5.801282e-09	0.000000e+00	
1828	1.809500e-08	1.800000e+00	5.801282e-09	0.000000e+00	
1829	1.810500e-08	1.800000e+00	5.801282e-09	0.000000e+00	
1830	1.811500e-08	1.800000e+00	5.801282e-09	0.000000e+00	
1831	1.812500e-08	1.800000e+00	5.801282e-09	0.000000e+00	
1832	1.813500e-08	1.800000e+00	5.801282e-09	0.000000e+00	
1833	1.814500e-08	1.800000e+00	5.801282e-09	0.000000e+00	
1834	1.815500e-08	1.800000e+00	5.801282e-09	0.000000e+00	
1835	1.816500e-08	1.800000e+00	5.801282e-09	0.000000e+00	
1836	1.817500e-08	1.800000e+00	5.801282e-09	0.000000e+00	
1837	1.818500e-08	1.800000e+00	5.801282e-09	0.000000e+00	
1838	1.819500e-08	1.800000e+00	5.801282e-09	0.000000e+00	
1839	1.820500e-08	1.800000e+00	5.801282e-09	0.000000e+00	
1840	1.821500e-08	1.800000e+00	5.801282e-09	0.000000e+00	
1841	1.822500e-08	1.800000e+00	5.801282e-09	0.000000e+00	
1842	1.823500e-08	1.800000e+00	5.801282e-09	0.000000e+00	
1843	1.824500e-08	1.800000e+00	5.801282e-09	0.000000e+00	
1844	1.825500e-08	1.800000e+00	5.801282e-09	0.000000e+00	
1845	1.826500e-08	1.800000e+00	5.801282e-09	0.000000e+00	
1846	1.827500e-08	1.800000e+00	5.801282e-09	0.000000e+00	
1847	1.828500e-08	1.800000e+00	5.801282e-09	0.000000e+00	
1848	1.829500e-08	1.800000e+00	5.801282e-09	0.000000e+00	
1849	1.830500e-08	1.800000e+00	5.801282e-09	0.000000e+00	
1850	1.831500e-08	1.800000e+00	5.801282e-09	0.000000e+00	
1851	1.832500e-08	1.800000e+00	5.801282e-09	0.000000e+00	
1852	1.833500e-08	1.800000e+00	5.801282e-09	0.000000e+00	

Index   time            v(xcell.q)      v(xcell.qb)     v(wl)           
--------------------------------------------------------------------------------
1853	1.834500e-08	1.800000e+00	5.801282e-09	0.000000e+00	
1854	1.835500e-08	1.800000e+00	5.801282e-09	0.000000e+00	
1855	1.836500e-08	1.800000e+00	5.801282e-09	0.000000e+00	
1856	1.837500e-08	1.800000e+00	5.801282e-09	0.000000e+00	
1857	1.838500e-08	1.800000e+00	5.801282e-09	0.000000e+00	
1858	1.839500e-08	1.800000e+00	5.801282e-09	0.000000e+00	
1859	1.840500e-08	1.800000e+00	5.801282e-09	0.000000e+00	
1860	1.841500e-08	1.800000e+00	5.801282e-09	0.000000e+00	
1861	1.842500e-08	1.800000e+00	5.801282e-09	0.000000e+00	
1862	1.843500e-08	1.800000e+00	5.801282e-09	0.000000e+00	
1863	1.844500e-08	1.800000e+00	5.801282e-09	0.000000e+00	
1864	1.845500e-08	1.800000e+00	5.801282e-09	0.000000e+00	
1865	1.846500e-08	1.800000e+00	5.801282e-09	0.000000e+00	
1866	1.847500e-08	1.800000e+00	5.801282e-09	0.000000e+00	
1867	1.848500e-08	1.800000e+00	5.801282e-09	0.000000e+00	
1868	1.849500e-08	1.800000e+00	5.801282e-09	0.000000e+00	
1869	1.850500e-08	1.800000e+00	5.801282e-09	0.000000e+00	
1870	1.851500e-08	1.800000e+00	5.801282e-09	0.000000e+00	
1871	1.852500e-08	1.800000e+00	5.801282e-09	0.000000e+00	
1872	1.853500e-08	1.800000e+00	5.801282e-09	0.000000e+00	
1873	1.854500e-08	1.800000e+00	5.801282e-09	0.000000e+00	
1874	1.855500e-08	1.800000e+00	5.801282e-09	0.000000e+00	
1875	1.856500e-08	1.800000e+00	5.801282e-09	0.000000e+00	
1876	1.857500e-08	1.800000e+00	5.801282e-09	0.000000e+00	
1877	1.858500e-08	1.800000e+00	5.801282e-09	0.000000e+00	
1878	1.859500e-08	1.800000e+00	5.801282e-09	0.000000e+00	
1879	1.860500e-08	1.800000e+00	5.801282e-09	0.000000e+00	
1880	1.861500e-08	1.800000e+00	5.801282e-09	0.000000e+00	
1881	1.862500e-08	1.800000e+00	5.801282e-09	0.000000e+00	
1882	1.863500e-08	1.800000e+00	5.801282e-09	0.000000e+00	
1883	1.864500e-08	1.800000e+00	5.801282e-09	0.000000e+00	
1884	1.865500e-08	1.800000e+00	5.801282e-09	0.000000e+00	
1885	1.866500e-08	1.800000e+00	5.801282e-09	0.000000e+00	
1886	1.867500e-08	1.800000e+00	5.801282e-09	0.000000e+00	
1887	1.868500e-08	1.800000e+00	5.801282e-09	0.000000e+00	
1888	1.869500e-08	1.800000e+00	5.801282e-09	0.000000e+00	
1889	1.870500e-08	1.800000e+00	5.801282e-09	0.000000e+00	
1890	1.871500e-08	1.800000e+00	5.801282e-09	0.000000e+00	
1891	1.872500e-08	1.800000e+00	5.801282e-09	0.000000e+00	
1892	1.873500e-08	1.800000e+00	5.801282e-09	0.000000e+00	
1893	1.874500e-08	1.800000e+00	5.801282e-09	0.000000e+00	
1894	1.875500e-08	1.800000e+00	5.801282e-09	0.000000e+00	
1895	1.876500e-08	1.800000e+00	5.801282e-09	0.000000e+00	
1896	1.877500e-08	1.800000e+00	5.801282e-09	0.000000e+00	
1897	1.878500e-08	1.800000e+00	5.801282e-09	0.000000e+00	
1898	1.879500e-08	1.800000e+00	5.801282e-09	0.000000e+00	
1899	1.880500e-08	1.800000e+00	5.801282e-09	0.000000e+00	
1900	1.881500e-08	1.800000e+00	5.801282e-09	0.000000e+00	
1901	1.882500e-08	1.800000e+00	5.801282e-09	0.000000e+00	
1902	1.883500e-08	1.800000e+00	5.801282e-09	0.000000e+00	
1903	1.884500e-08	1.800000e+00	5.801282e-09	0.000000e+00	
1904	1.885500e-08	1.800000e+00	5.801282e-09	0.000000e+00	
1905	1.886500e-08	1.800000e+00	5.801282e-09	0.000000e+00	
1906	1.887500e-08	1.800000e+00	5.801282e-09	0.000000e+00	
1907	1.888500e-08	1.800000e+00	5.801282e-09	0.000000e+00	
1908	1.889500e-08	1.800000e+00	5.801282e-09	0.000000e+00	
1909	1.890500e-08	1.800000e+00	5.801282e-09	0.000000e+00	
1910	1.891500e-08	1.800000e+00	5.801282e-09	0.000000e+00	

Index   time            v(xcell.q)      v(xcell.qb)     v(wl)           
--------------------------------------------------------------------------------
1911	1.892500e-08	1.800000e+00	5.801282e-09	0.000000e+00	
1912	1.893500e-08	1.800000e+00	5.801282e-09	0.000000e+00	
1913	1.894500e-08	1.800000e+00	5.801282e-09	0.000000e+00	
1914	1.895500e-08	1.800000e+00	5.801282e-09	0.000000e+00	
1915	1.896500e-08	1.800000e+00	5.801282e-09	0.000000e+00	
1916	1.897500e-08	1.800000e+00	5.801282e-09	0.000000e+00	
1917	1.898500e-08	1.800000e+00	5.801282e-09	0.000000e+00	
1918	1.899500e-08	1.800000e+00	5.801282e-09	0.000000e+00	
1919	1.900500e-08	1.800000e+00	5.801282e-09	0.000000e+00	
1920	1.901500e-08	1.800000e+00	5.801282e-09	0.000000e+00	
1921	1.902500e-08	1.800000e+00	5.801282e-09	0.000000e+00	
1922	1.903500e-08	1.800000e+00	5.801282e-09	0.000000e+00	
1923	1.904500e-08	1.800000e+00	5.801282e-09	0.000000e+00	
1924	1.905500e-08	1.800000e+00	5.801282e-09	0.000000e+00	
1925	1.906500e-08	1.800000e+00	5.801282e-09	0.000000e+00	
1926	1.907500e-08	1.800000e+00	5.801282e-09	0.000000e+00	
1927	1.908500e-08	1.800000e+00	5.801282e-09	0.000000e+00	
1928	1.909500e-08	1.800000e+00	5.801282e-09	0.000000e+00	
1929	1.910500e-08	1.800000e+00	5.801282e-09	0.000000e+00	
1930	1.911500e-08	1.800000e+00	5.801282e-09	0.000000e+00	
1931	1.912500e-08	1.800000e+00	5.801282e-09	0.000000e+00	
1932	1.913500e-08	1.800000e+00	5.801282e-09	0.000000e+00	
1933	1.914500e-08	1.800000e+00	5.801282e-09	0.000000e+00	
1934	1.915500e-08	1.800000e+00	5.801282e-09	0.000000e+00	
1935	1.916500e-08	1.800000e+00	5.801282e-09	0.000000e+00	
1936	1.917500e-08	1.800000e+00	5.801282e-09	0.000000e+00	
1937	1.918500e-08	1.800000e+00	5.801282e-09	0.000000e+00	
1938	1.919500e-08	1.800000e+00	5.801282e-09	0.000000e+00	
1939	1.920500e-08	1.800000e+00	5.801282e-09	0.000000e+00	
1940	1.921500e-08	1.800000e+00	5.801282e-09	0.000000e+00	
1941	1.922500e-08	1.800000e+00	5.801282e-09	0.000000e+00	
1942	1.923500e-08	1.800000e+00	5.801282e-09	0.000000e+00	
1943	1.924500e-08	1.800000e+00	5.801282e-09	0.000000e+00	
1944	1.925500e-08	1.800000e+00	5.801282e-09	0.000000e+00	
1945	1.926500e-08	1.800000e+00	5.801282e-09	0.000000e+00	
1946	1.927500e-08	1.800000e+00	5.801282e-09	0.000000e+00	
1947	1.928500e-08	1.800000e+00	5.801282e-09	0.000000e+00	
1948	1.929500e-08	1.800000e+00	5.801282e-09	0.000000e+00	
1949	1.930500e-08	1.800000e+00	5.801282e-09	0.000000e+00	
1950	1.931500e-08	1.800000e+00	5.801282e-09	0.000000e+00	
1951	1.932500e-08	1.800000e+00	5.801282e-09	0.000000e+00	
1952	1.933500e-08	1.800000e+00	5.801282e-09	0.000000e+00	
1953	1.934500e-08	1.800000e+00	5.801282e-09	0.000000e+00	
1954	1.935500e-08	1.800000e+00	5.801282e-09	0.000000e+00	
1955	1.936500e-08	1.800000e+00	5.801282e-09	0.000000e+00	
1956	1.937500e-08	1.800000e+00	5.801282e-09	0.000000e+00	
1957	1.938500e-08	1.800000e+00	5.801282e-09	0.000000e+00	
1958	1.939500e-08	1.800000e+00	5.801282e-09	0.000000e+00	
1959	1.940500e-08	1.800000e+00	5.801282e-09	0.000000e+00	
1960	1.941500e-08	1.800000e+00	5.801282e-09	0.000000e+00	
1961	1.942500e-08	1.800000e+00	5.801282e-09	0.000000e+00	
1962	1.943500e-08	1.800000e+00	5.801282e-09	0.000000e+00	
1963	1.944500e-08	1.800000e+00	5.801282e-09	0.000000e+00	
1964	1.945500e-08	1.800000e+00	5.801282e-09	0.000000e+00	
1965	1.946500e-08	1.800000e+00	5.801282e-09	0.000000e+00	
1966	1.947500e-08	1.800000e+00	5.801282e-09	0.000000e+00	
1967	1.948500e-08	1.800000e+00	5.801282e-09	0.000000e+00	
1968	1.949500e-08	1.800000e+00	5.801282e-09	0.000000e+00	

Index   time            v(xcell.q)      v(xcell.qb)     v(wl)           
--------------------------------------------------------------------------------
1969	1.950500e-08	1.800000e+00	5.801282e-09	0.000000e+00	
1970	1.951500e-08	1.800000e+00	5.801282e-09	0.000000e+00	
1971	1.952500e-08	1.800000e+00	5.801282e-09	0.000000e+00	
1972	1.953500e-08	1.800000e+00	5.801282e-09	0.000000e+00	
1973	1.954500e-08	1.800000e+00	5.801282e-09	0.000000e+00	
1974	1.955500e-08	1.800000e+00	5.801282e-09	0.000000e+00	
1975	1.956500e-08	1.800000e+00	5.801282e-09	0.000000e+00	
1976	1.957500e-08	1.800000e+00	5.801282e-09	0.000000e+00	
1977	1.958500e-08	1.800000e+00	5.801282e-09	0.000000e+00	
1978	1.959500e-08	1.800000e+00	5.801282e-09	0.000000e+00	
1979	1.960500e-08	1.800000e+00	5.801282e-09	0.000000e+00	
1980	1.961500e-08	1.800000e+00	5.801282e-09	0.000000e+00	
1981	1.962500e-08	1.800000e+00	5.801282e-09	0.000000e+00	
1982	1.963500e-08	1.800000e+00	5.801282e-09	0.000000e+00	
1983	1.964500e-08	1.800000e+00	5.801282e-09	0.000000e+00	
1984	1.965500e-08	1.800000e+00	5.801282e-09	0.000000e+00	
1985	1.966500e-08	1.800000e+00	5.801282e-09	0.000000e+00	
1986	1.967500e-08	1.800000e+00	5.801282e-09	0.000000e+00	
1987	1.968500e-08	1.800000e+00	5.801282e-09	0.000000e+00	
1988	1.969500e-08	1.800000e+00	5.801282e-09	0.000000e+00	
1989	1.970500e-08	1.800000e+00	5.801282e-09	0.000000e+00	
1990	1.971500e-08	1.800000e+00	5.801282e-09	0.000000e+00	
1991	1.972500e-08	1.800000e+00	5.801282e-09	0.000000e+00	
1992	1.973500e-08	1.800000e+00	5.801282e-09	0.000000e+00	
1993	1.974500e-08	1.800000e+00	5.801282e-09	0.000000e+00	
1994	1.975500e-08	1.800000e+00	5.801282e-09	0.000000e+00	
1995	1.976500e-08	1.800000e+00	5.801282e-09	0.000000e+00	
1996	1.977500e-08	1.800000e+00	5.801282e-09	0.000000e+00	
1997	1.978500e-08	1.800000e+00	5.801282e-09	0.000000e+00	
1998	1.979500e-08	1.800000e+00	5.801282e-09	0.000000e+00	
1999	1.980500e-08	1.800000e+00	5.801282e-09	0.000000e+00	
2000	1.981500e-08	1.800000e+00	5.801282e-09	0.000000e+00	
2001	1.982500e-08	1.800000e+00	5.801282e-09	0.000000e+00	
2002	1.983500e-08	1.800000e+00	5.801282e-09	0.000000e+00	
2003	1.984500e-08	1.800000e+00	5.801282e-09	0.000000e+00	
2004	1.985500e-08	1.800000e+00	5.801282e-09	0.000000e+00	
2005	1.986500e-08	1.800000e+00	5.801282e-09	0.000000e+00	
2006	1.987500e-08	1.800000e+00	5.801282e-09	0.000000e+00	
2007	1.988500e-08	1.800000e+00	5.801282e-09	0.000000e+00	
2008	1.989500e-08	1.800000e+00	5.801282e-09	0.000000e+00	
2009	1.990500e-08	1.800000e+00	5.801282e-09	0.000000e+00	
2010	1.991500e-08	1.800000e+00	5.801282e-09	0.000000e+00	
2011	1.992500e-08	1.800000e+00	5.801282e-09	0.000000e+00	
2012	1.993500e-08	1.800000e+00	5.801282e-09	0.000000e+00	
2013	1.994500e-08	1.800000e+00	5.801282e-09	0.000000e+00	
2014	1.995500e-08	1.800000e+00	5.801282e-09	0.000000e+00	
2015	1.996500e-08	1.800000e+00	5.801282e-09	0.000000e+00	
2016	1.997500e-08	1.800000e+00	5.801282e-09	0.000000e+00	
2017	1.998500e-08	1.800000e+00	5.801282e-09	0.000000e+00	
2018	1.999500e-08	1.800000e+00	5.801282e-09	0.000000e+00	
2019	2.000000e-08	1.800000e+00	5.801282e-09	0.000000e+00	


Total analysis time (seconds) = 0.00826417

Total elapsed time (seconds) = 0.012 

Total DRAM available = 16013.297 MB.
DRAM currently available =  333.414 MB.
Maximum ngspice program size =   21.938 MB.
Current ngspice program size =   12.770 MB.

Shared ngspice pages =   10.691 MB.
Text (code) pages =    6.543 MB.
Stack = 0 bytes.
Library pages =    2.258 MB.

