
Note: No compatibility mode selected!


Circuit: * spdx-license-identifier: agpl-3.0-only

Option cshunt: 31 capacitors added with 1e-15 F each
Doing analysis at TEMP = 27.000000 and TNOM = 27.000000

Using SPARSE 1.3 as Direct Linear Solver

Initial Transient Solution
--------------------------

Node                                   Voltage
----                                   -------
vdd                                        1.8
vss                                          0
a                                            0
b                                            0
cin                                          0
xfa.xp.n1                                  1.8
xfa.xp.xn1.mid                     1.41734e-35
xfa.xp.o1                                  1.8
xfa.xp.xn2.mid                     3.2227e-219
xfa.xp.o2                                  1.8
xfa.xp.xn3.mid                     3.2227e-219
xfa.p                              1.16026e-08
xfa.xp.xn4.mid                     5.80128e-09
xfa.xs.n1                                  1.8
xfa.xs.xn1.mid                    -1.05235e-14
xfa.xs.o1                                  1.8
xfa.xs.xn2.mid                    -2.7429e-194
xfa.xs.o2                                  1.8
xfa.xs.xn3.mid                    -2.7429e-194
sum                                1.16026e-08
xfa.xs.xn4.mid                     5.80128e-09
xfa.xg.nout                                1.8
xfa.xg.xnand.mid                   1.41734e-35
xfa.g                              5.80128e-09
xfa.xt.nout                                1.8
xfa.xt.xnand.mid                  -1.05235e-14
xfa.t                              5.80128e-09
xfa.ng                                     1.8
xfa.nt                                     1.8
cout                               1.16026e-08
xfa.xco.mid                        5.80128e-09
vcin#branch                                  0
vb#branch                                    0
va#branch                                    0
vss#branch                           3.258e-11
vdd#branch                          -5.238e-11


No. of Data Rows : 1126
                    * spdx-license-identifier: agpl-3.0-only
                    Transient Analysis  Sat Oct  3 20:06:56  2026
--------------------------------------------------------------------------------
Index   time            v(a)            v(b)            v(cin)          
--------------------------------------------------------------------------------
0	0.000000e+00	0.000000e+00	0.000000e+00	0.000000e+00	
1	1.000000e-12	0.000000e+00	0.000000e+00	0.000000e+00	
2	2.000000e-12	0.000000e+00	0.000000e+00	0.000000e+00	
3	4.000000e-12	0.000000e+00	0.000000e+00	0.000000e+00	
4	8.000000e-12	0.000000e+00	0.000000e+00	0.000000e+00	
5	1.600000e-11	0.000000e+00	0.000000e+00	0.000000e+00	
6	3.200000e-11	0.000000e+00	0.000000e+00	0.000000e+00	
7	6.400000e-11	0.000000e+00	0.000000e+00	0.000000e+00	
8	1.280000e-10	0.000000e+00	0.000000e+00	0.000000e+00	
9	2.280000e-10	0.000000e+00	0.000000e+00	0.000000e+00	
10	3.280000e-10	0.000000e+00	0.000000e+00	0.000000e+00	
11	4.280000e-10	0.000000e+00	0.000000e+00	0.000000e+00	
12	5.280000e-10	0.000000e+00	0.000000e+00	0.000000e+00	
13	6.280000e-10	0.000000e+00	0.000000e+00	0.000000e+00	
14	7.280000e-10	0.000000e+00	0.000000e+00	0.000000e+00	
15	8.280000e-10	0.000000e+00	0.000000e+00	0.000000e+00	
16	9.280000e-10	0.000000e+00	0.000000e+00	0.000000e+00	
17	1.028000e-09	0.000000e+00	0.000000e+00	0.000000e+00	
18	1.128000e-09	0.000000e+00	0.000000e+00	0.000000e+00	
19	1.228000e-09	0.000000e+00	0.000000e+00	0.000000e+00	
20	1.328000e-09	0.000000e+00	0.000000e+00	0.000000e+00	
21	1.428000e-09	0.000000e+00	0.000000e+00	0.000000e+00	
22	1.528000e-09	0.000000e+00	0.000000e+00	0.000000e+00	
23	1.628000e-09	0.000000e+00	0.000000e+00	0.000000e+00	
24	1.728000e-09	0.000000e+00	0.000000e+00	0.000000e+00	
25	1.828000e-09	0.000000e+00	0.000000e+00	0.000000e+00	
26	1.928000e-09	0.000000e+00	0.000000e+00	0.000000e+00	
27	2.028000e-09	0.000000e+00	0.000000e+00	0.000000e+00	
28	2.128000e-09	0.000000e+00	0.000000e+00	0.000000e+00	
29	2.228000e-09	0.000000e+00	0.000000e+00	0.000000e+00	
30	2.328000e-09	0.000000e+00	0.000000e+00	0.000000e+00	
31	2.428000e-09	0.000000e+00	0.000000e+00	0.000000e+00	
32	2.528000e-09	0.000000e+00	0.000000e+00	0.000000e+00	
33	2.628000e-09	0.000000e+00	0.000000e+00	0.000000e+00	
34	2.728000e-09	0.000000e+00	0.000000e+00	0.000000e+00	
35	2.828000e-09	0.000000e+00	0.000000e+00	0.000000e+00	
36	2.928000e-09	0.000000e+00	0.000000e+00	0.000000e+00	
37	3.028000e-09	0.000000e+00	0.000000e+00	0.000000e+00	
38	3.128000e-09	0.000000e+00	0.000000e+00	0.000000e+00	
39	3.228000e-09	0.000000e+00	0.000000e+00	0.000000e+00	
40	3.328000e-09	0.000000e+00	0.000000e+00	0.000000e+00	
41	3.428000e-09	0.000000e+00	0.000000e+00	0.000000e+00	
42	3.528000e-09	0.000000e+00	0.000000e+00	0.000000e+00	
43	3.628000e-09	0.000000e+00	0.000000e+00	0.000000e+00	
44	3.728000e-09	0.000000e+00	0.000000e+00	0.000000e+00	
45	3.828000e-09	0.000000e+00	0.000000e+00	0.000000e+00	
46	3.928000e-09	0.000000e+00	0.000000e+00	0.000000e+00	
47	4.028000e-09	0.000000e+00	0.000000e+00	0.000000e+00	
48	4.128000e-09	0.000000e+00	0.000000e+00	0.000000e+00	
49	4.228000e-09	0.000000e+00	0.000000e+00	0.000000e+00	
50	4.328000e-09	0.000000e+00	0.000000e+00	0.000000e+00	
51	4.428000e-09	0.000000e+00	0.000000e+00	0.000000e+00	
52	4.528000e-09	0.000000e+00	0.000000e+00	0.000000e+00	
53	4.628000e-09	0.000000e+00	0.000000e+00	0.000000e+00	
54	4.728000e-09	0.000000e+00	0.000000e+00	0.000000e+00	

Index   time            v(a)            v(b)            v(cin)          
--------------------------------------------------------------------------------
55	4.828000e-09	0.000000e+00	0.000000e+00	0.000000e+00	
56	4.928000e-09	0.000000e+00	0.000000e+00	0.000000e+00	
57	5.028000e-09	0.000000e+00	0.000000e+00	0.000000e+00	
58	5.128000e-09	0.000000e+00	0.000000e+00	0.000000e+00	
59	5.228000e-09	0.000000e+00	0.000000e+00	0.000000e+00	
60	5.328000e-09	0.000000e+00	0.000000e+00	0.000000e+00	
61	5.428000e-09	0.000000e+00	0.000000e+00	0.000000e+00	
62	5.528000e-09	0.000000e+00	0.000000e+00	0.000000e+00	
63	5.628000e-09	0.000000e+00	0.000000e+00	0.000000e+00	
64	5.728000e-09	0.000000e+00	0.000000e+00	0.000000e+00	
65	5.828000e-09	0.000000e+00	0.000000e+00	0.000000e+00	
66	5.928000e-09	0.000000e+00	0.000000e+00	0.000000e+00	
67	6.028000e-09	0.000000e+00	0.000000e+00	0.000000e+00	
68	6.128000e-09	0.000000e+00	0.000000e+00	0.000000e+00	
69	6.228000e-09	0.000000e+00	0.000000e+00	0.000000e+00	
70	6.328000e-09	0.000000e+00	0.000000e+00	0.000000e+00	
71	6.428000e-09	0.000000e+00	0.000000e+00	0.000000e+00	
72	6.528000e-09	0.000000e+00	0.000000e+00	0.000000e+00	
73	6.628000e-09	0.000000e+00	0.000000e+00	0.000000e+00	
74	6.728000e-09	0.000000e+00	0.000000e+00	0.000000e+00	
75	6.828000e-09	0.000000e+00	0.000000e+00	0.000000e+00	
76	6.928000e-09	0.000000e+00	0.000000e+00	0.000000e+00	
77	7.028000e-09	0.000000e+00	0.000000e+00	0.000000e+00	
78	7.128000e-09	0.000000e+00	0.000000e+00	0.000000e+00	
79	7.228000e-09	0.000000e+00	0.000000e+00	0.000000e+00	
80	7.328000e-09	0.000000e+00	0.000000e+00	0.000000e+00	
81	7.428000e-09	0.000000e+00	0.000000e+00	0.000000e+00	
82	7.528000e-09	0.000000e+00	0.000000e+00	0.000000e+00	
83	7.628000e-09	0.000000e+00	0.000000e+00	0.000000e+00	
84	7.728000e-09	0.000000e+00	0.000000e+00	0.000000e+00	
85	7.828000e-09	0.000000e+00	0.000000e+00	0.000000e+00	
86	7.928000e-09	0.000000e+00	0.000000e+00	0.000000e+00	
87	8.028000e-09	0.000000e+00	0.000000e+00	0.000000e+00	
88	8.128000e-09	0.000000e+00	0.000000e+00	0.000000e+00	
89	8.228000e-09	0.000000e+00	0.000000e+00	0.000000e+00	
90	8.328000e-09	0.000000e+00	0.000000e+00	0.000000e+00	
91	8.428000e-09	0.000000e+00	0.000000e+00	0.000000e+00	
92	8.528000e-09	0.000000e+00	0.000000e+00	0.000000e+00	
93	8.628000e-09	0.000000e+00	0.000000e+00	0.000000e+00	
94	8.728000e-09	0.000000e+00	0.000000e+00	0.000000e+00	
95	8.828000e-09	0.000000e+00	0.000000e+00	0.000000e+00	
96	8.928000e-09	0.000000e+00	0.000000e+00	0.000000e+00	
97	9.000000e-09	0.000000e+00	0.000000e+00	0.000000e+00	
98	9.010000e-09	0.000000e+00	0.000000e+00	0.000000e+00	
99	9.030000e-09	0.000000e+00	0.000000e+00	0.000000e+00	
100	9.070000e-09	0.000000e+00	0.000000e+00	0.000000e+00	
101	9.150000e-09	0.000000e+00	0.000000e+00	0.000000e+00	
102	9.250000e-09	0.000000e+00	0.000000e+00	0.000000e+00	
103	9.350000e-09	0.000000e+00	0.000000e+00	0.000000e+00	
104	9.450000e-09	0.000000e+00	0.000000e+00	0.000000e+00	
105	9.550000e-09	0.000000e+00	0.000000e+00	0.000000e+00	
106	9.650000e-09	0.000000e+00	0.000000e+00	0.000000e+00	
107	9.750000e-09	0.000000e+00	0.000000e+00	0.000000e+00	
108	9.850000e-09	0.000000e+00	0.000000e+00	0.000000e+00	
109	9.950000e-09	0.000000e+00	0.000000e+00	0.000000e+00	
110	1.000000e-08	0.000000e+00	0.000000e+00	0.000000e+00	
111	1.000467e-08	0.000000e+00	0.000000e+00	8.400000e-03	
112	1.001400e-08	0.000000e+00	0.000000e+00	2.520000e-02	

Index   time            v(a)            v(b)            v(cin)          
--------------------------------------------------------------------------------
113	1.003267e-08	0.000000e+00	0.000000e+00	5.880000e-02	
114	1.007000e-08	0.000000e+00	0.000000e+00	1.260000e-01	
115	1.014467e-08	0.000000e+00	0.000000e+00	2.604000e-01	
116	1.023256e-08	0.000000e+00	0.000000e+00	4.186053e-01	
117	1.030953e-08	0.000000e+00	0.000000e+00	5.571570e-01	
118	1.038391e-08	0.000000e+00	0.000000e+00	6.910317e-01	
119	1.046515e-08	0.000000e+00	0.000000e+00	8.372708e-01	
120	1.050085e-08	0.000000e+00	0.000000e+00	9.015283e-01	
121	1.052414e-08	0.000000e+00	0.000000e+00	9.434494e-01	
122	1.053947e-08	0.000000e+00	0.000000e+00	9.710503e-01	
123	1.055132e-08	0.000000e+00	0.000000e+00	9.923826e-01	
124	1.056356e-08	0.000000e+00	0.000000e+00	1.014413e+00	
125	1.057231e-08	0.000000e+00	0.000000e+00	1.030157e+00	
126	1.058222e-08	0.000000e+00	0.000000e+00	1.047995e+00	
127	1.059269e-08	0.000000e+00	0.000000e+00	1.066849e+00	
128	1.060337e-08	0.000000e+00	0.000000e+00	1.086060e+00	
129	1.061432e-08	0.000000e+00	0.000000e+00	1.105767e+00	
130	1.062575e-08	0.000000e+00	0.000000e+00	1.126346e+00	
131	1.063879e-08	0.000000e+00	0.000000e+00	1.149830e+00	
132	1.065612e-08	0.000000e+00	0.000000e+00	1.181007e+00	
133	1.067441e-08	0.000000e+00	0.000000e+00	1.213931e+00	
134	1.069862e-08	0.000000e+00	0.000000e+00	1.257516e+00	
135	1.073229e-08	0.000000e+00	0.000000e+00	1.318124e+00	
136	1.078495e-08	0.000000e+00	0.000000e+00	1.412917e+00	
137	1.083390e-08	0.000000e+00	0.000000e+00	1.501023e+00	
138	1.091398e-08	0.000000e+00	0.000000e+00	1.645173e+00	
139	1.100000e-08	0.000000e+00	0.000000e+00	1.800000e+00	
140	1.101000e-08	0.000000e+00	0.000000e+00	1.800000e+00	
141	1.103000e-08	0.000000e+00	0.000000e+00	1.800000e+00	
142	1.107000e-08	0.000000e+00	0.000000e+00	1.800000e+00	
143	1.112956e-08	0.000000e+00	0.000000e+00	1.800000e+00	
144	1.122833e-08	0.000000e+00	0.000000e+00	1.800000e+00	
145	1.132833e-08	0.000000e+00	0.000000e+00	1.800000e+00	
146	1.142833e-08	0.000000e+00	0.000000e+00	1.800000e+00	
147	1.152833e-08	0.000000e+00	0.000000e+00	1.800000e+00	
148	1.162833e-08	0.000000e+00	0.000000e+00	1.800000e+00	
149	1.172833e-08	0.000000e+00	0.000000e+00	1.800000e+00	
150	1.182833e-08	0.000000e+00	0.000000e+00	1.800000e+00	
151	1.192833e-08	0.000000e+00	0.000000e+00	1.800000e+00	
152	1.202833e-08	0.000000e+00	0.000000e+00	1.800000e+00	
153	1.212833e-08	0.000000e+00	0.000000e+00	1.800000e+00	
154	1.222833e-08	0.000000e+00	0.000000e+00	1.800000e+00	
155	1.232833e-08	0.000000e+00	0.000000e+00	1.800000e+00	
156	1.242833e-08	0.000000e+00	0.000000e+00	1.800000e+00	
157	1.252833e-08	0.000000e+00	0.000000e+00	1.800000e+00	
158	1.262833e-08	0.000000e+00	0.000000e+00	1.800000e+00	
159	1.272833e-08	0.000000e+00	0.000000e+00	1.800000e+00	
160	1.282833e-08	0.000000e+00	0.000000e+00	1.800000e+00	
161	1.292833e-08	0.000000e+00	0.000000e+00	1.800000e+00	
162	1.302833e-08	0.000000e+00	0.000000e+00	1.800000e+00	
163	1.312833e-08	0.000000e+00	0.000000e+00	1.800000e+00	
164	1.322833e-08	0.000000e+00	0.000000e+00	1.800000e+00	
165	1.332833e-08	0.000000e+00	0.000000e+00	1.800000e+00	
166	1.342833e-08	0.000000e+00	0.000000e+00	1.800000e+00	
167	1.352833e-08	0.000000e+00	0.000000e+00	1.800000e+00	
168	1.362833e-08	0.000000e+00	0.000000e+00	1.800000e+00	
169	1.372833e-08	0.000000e+00	0.000000e+00	1.800000e+00	
170	1.382833e-08	0.000000e+00	0.000000e+00	1.800000e+00	

Index   time            v(a)            v(b)            v(cin)          
--------------------------------------------------------------------------------
171	1.392833e-08	0.000000e+00	0.000000e+00	1.800000e+00	
172	1.402833e-08	0.000000e+00	0.000000e+00	1.800000e+00	
173	1.412833e-08	0.000000e+00	0.000000e+00	1.800000e+00	
174	1.422833e-08	0.000000e+00	0.000000e+00	1.800000e+00	
175	1.432833e-08	0.000000e+00	0.000000e+00	1.800000e+00	
176	1.442833e-08	0.000000e+00	0.000000e+00	1.800000e+00	
177	1.452833e-08	0.000000e+00	0.000000e+00	1.800000e+00	
178	1.462833e-08	0.000000e+00	0.000000e+00	1.800000e+00	
179	1.472833e-08	0.000000e+00	0.000000e+00	1.800000e+00	
180	1.482833e-08	0.000000e+00	0.000000e+00	1.800000e+00	
181	1.492833e-08	0.000000e+00	0.000000e+00	1.800000e+00	
182	1.502833e-08	0.000000e+00	0.000000e+00	1.800000e+00	
183	1.512833e-08	0.000000e+00	0.000000e+00	1.800000e+00	
184	1.522833e-08	0.000000e+00	0.000000e+00	1.800000e+00	
185	1.532833e-08	0.000000e+00	0.000000e+00	1.800000e+00	
186	1.542833e-08	0.000000e+00	0.000000e+00	1.800000e+00	
187	1.552833e-08	0.000000e+00	0.000000e+00	1.800000e+00	
188	1.562833e-08	0.000000e+00	0.000000e+00	1.800000e+00	
189	1.572833e-08	0.000000e+00	0.000000e+00	1.800000e+00	
190	1.582833e-08	0.000000e+00	0.000000e+00	1.800000e+00	
191	1.592833e-08	0.000000e+00	0.000000e+00	1.800000e+00	
192	1.602833e-08	0.000000e+00	0.000000e+00	1.800000e+00	
193	1.612833e-08	0.000000e+00	0.000000e+00	1.800000e+00	
194	1.622833e-08	0.000000e+00	0.000000e+00	1.800000e+00	
195	1.632833e-08	0.000000e+00	0.000000e+00	1.800000e+00	
196	1.642833e-08	0.000000e+00	0.000000e+00	1.800000e+00	
197	1.652833e-08	0.000000e+00	0.000000e+00	1.800000e+00	
198	1.662833e-08	0.000000e+00	0.000000e+00	1.800000e+00	
199	1.672833e-08	0.000000e+00	0.000000e+00	1.800000e+00	
200	1.682833e-08	0.000000e+00	0.000000e+00	1.800000e+00	
201	1.692833e-08	0.000000e+00	0.000000e+00	1.800000e+00	
202	1.702833e-08	0.000000e+00	0.000000e+00	1.800000e+00	
203	1.712833e-08	0.000000e+00	0.000000e+00	1.800000e+00	
204	1.722833e-08	0.000000e+00	0.000000e+00	1.800000e+00	
205	1.732833e-08	0.000000e+00	0.000000e+00	1.800000e+00	
206	1.742833e-08	0.000000e+00	0.000000e+00	1.800000e+00	
207	1.752833e-08	0.000000e+00	0.000000e+00	1.800000e+00	
208	1.762833e-08	0.000000e+00	0.000000e+00	1.800000e+00	
209	1.772833e-08	0.000000e+00	0.000000e+00	1.800000e+00	
210	1.782833e-08	0.000000e+00	0.000000e+00	1.800000e+00	
211	1.792833e-08	0.000000e+00	0.000000e+00	1.800000e+00	
212	1.802833e-08	0.000000e+00	0.000000e+00	1.800000e+00	
213	1.812833e-08	0.000000e+00	0.000000e+00	1.800000e+00	
214	1.822833e-08	0.000000e+00	0.000000e+00	1.800000e+00	
215	1.832833e-08	0.000000e+00	0.000000e+00	1.800000e+00	
216	1.842833e-08	0.000000e+00	0.000000e+00	1.800000e+00	
217	1.852833e-08	0.000000e+00	0.000000e+00	1.800000e+00	
218	1.862833e-08	0.000000e+00	0.000000e+00	1.800000e+00	
219	1.872833e-08	0.000000e+00	0.000000e+00	1.800000e+00	
220	1.882833e-08	0.000000e+00	0.000000e+00	1.800000e+00	
221	1.892833e-08	0.000000e+00	0.000000e+00	1.800000e+00	
222	1.900000e-08	0.000000e+00	0.000000e+00	1.800000e+00	
223	1.901000e-08	0.000000e+00	0.000000e+00	1.800000e+00	
224	1.903000e-08	0.000000e+00	0.000000e+00	1.800000e+00	
225	1.907000e-08	0.000000e+00	0.000000e+00	1.800000e+00	
226	1.915000e-08	0.000000e+00	0.000000e+00	1.800000e+00	
227	1.925000e-08	0.000000e+00	0.000000e+00	1.800000e+00	
228	1.935000e-08	0.000000e+00	0.000000e+00	1.800000e+00	

Index   time            v(a)            v(b)            v(cin)          
--------------------------------------------------------------------------------
229	1.945000e-08	0.000000e+00	0.000000e+00	1.800000e+00	
230	1.955000e-08	0.000000e+00	0.000000e+00	1.800000e+00	
231	1.965000e-08	0.000000e+00	0.000000e+00	1.800000e+00	
232	1.975000e-08	0.000000e+00	0.000000e+00	1.800000e+00	
233	1.985000e-08	0.000000e+00	0.000000e+00	1.800000e+00	
234	1.995000e-08	0.000000e+00	0.000000e+00	1.800000e+00	
235	2.000000e-08	0.000000e+00	5.955700e-15	1.800000e+00	
236	2.000467e-08	0.000000e+00	8.400000e-03	1.791600e+00	
237	2.001400e-08	0.000000e+00	2.520000e-02	1.774800e+00	
238	2.003267e-08	0.000000e+00	5.880000e-02	1.741200e+00	
239	2.006731e-08	0.000000e+00	1.211632e-01	1.678837e+00	
240	2.012276e-08	0.000000e+00	2.209657e-01	1.579034e+00	
241	2.019812e-08	0.000000e+00	3.566185e-01	1.443382e+00	
242	2.020873e-08	0.000000e+00	3.757224e-01	1.424278e+00	
243	2.022996e-08	0.000000e+00	4.139303e-01	1.386070e+00	
244	2.027241e-08	0.000000e+00	4.903460e-01	1.309654e+00	
245	2.032762e-08	0.000000e+00	5.897187e-01	1.210281e+00	
246	2.038300e-08	0.000000e+00	6.893910e-01	1.110609e+00	
247	2.044394e-08	0.000000e+00	7.990852e-01	1.000915e+00	
248	2.048052e-08	0.000000e+00	8.649323e-01	9.350677e-01	
249	2.050507e-08	0.000000e+00	9.091237e-01	8.908763e-01	
250	2.053131e-08	0.000000e+00	9.563523e-01	8.436477e-01	
251	2.054596e-08	0.000000e+00	9.827196e-01	8.172804e-01	
252	2.055686e-08	0.000000e+00	1.002347e+00	7.976527e-01	
253	2.056778e-08	0.000000e+00	1.022003e+00	7.779966e-01	
254	2.057660e-08	0.000000e+00	1.037871e+00	7.621287e-01	
255	2.058598e-08	0.000000e+00	1.054756e+00	7.452443e-01	
256	2.059496e-08	0.000000e+00	1.070936e+00	7.290643e-01	
257	2.060421e-08	0.000000e+00	1.087582e+00	7.124179e-01	
258	2.060980e-08	0.000000e+00	1.097631e+00	7.023687e-01	
259	2.061501e-08	0.000000e+00	1.107012e+00	6.929882e-01	
260	2.061905e-08	0.000000e+00	1.114298e+00	6.857019e-01	
261	2.062436e-08	0.000000e+00	1.123852e+00	6.761483e-01	
262	2.062872e-08	0.000000e+00	1.131689e+00	6.683112e-01	
263	2.063326e-08	0.000000e+00	1.139875e+00	6.601246e-01	
264	2.063856e-08	0.000000e+00	1.149406e+00	6.505938e-01	
265	2.064413e-08	0.000000e+00	1.159438e+00	6.405619e-01	
266	2.064843e-08	0.000000e+00	1.167169e+00	6.328315e-01	
267	2.065307e-08	0.000000e+00	1.175533e+00	6.244675e-01	
268	2.065707e-08	0.000000e+00	1.182722e+00	6.172777e-01	
269	2.066103e-08	0.000000e+00	1.189850e+00	6.101495e-01	
270	2.066573e-08	0.000000e+00	1.198321e+00	6.016791e-01	
271	2.067068e-08	0.000000e+00	1.207225e+00	5.927748e-01	
272	2.067780e-08	0.000000e+00	1.220035e+00	5.799647e-01	
273	2.068808e-08	0.000000e+00	1.238547e+00	5.614531e-01	
274	2.070188e-08	0.000000e+00	1.263382e+00	5.366184e-01	
275	2.071532e-08	0.000000e+00	1.287573e+00	5.124271e-01	
276	2.073916e-08	0.000000e+00	1.330490e+00	4.695103e-01	
277	2.076803e-08	0.000000e+00	1.382448e+00	4.175518e-01	
278	2.079459e-08	0.000000e+00	1.430271e+00	3.697292e-01	
279	2.083414e-08	0.000000e+00	1.501452e+00	2.985477e-01	
280	2.088808e-08	0.000000e+00	1.598546e+00	2.014537e-01	
281	2.096055e-08	0.000000e+00	1.728990e+00	7.101010e-02	
282	2.100000e-08	0.000000e+00	1.800000e+00	0.000000e+00	
283	2.100443e-08	0.000000e+00	1.800000e+00	0.000000e+00	
284	2.101328e-08	0.000000e+00	1.800000e+00	0.000000e+00	
285	2.103100e-08	0.000000e+00	1.800000e+00	0.000000e+00	
286	2.106436e-08	0.000000e+00	1.800000e+00	0.000000e+00	

Index   time            v(a)            v(b)            v(cin)          
--------------------------------------------------------------------------------
287	2.111773e-08	0.000000e+00	1.800000e+00	0.000000e+00	
288	2.121773e-08	0.000000e+00	1.800000e+00	0.000000e+00	
289	2.131773e-08	0.000000e+00	1.800000e+00	0.000000e+00	
290	2.141773e-08	0.000000e+00	1.800000e+00	0.000000e+00	
291	2.151773e-08	0.000000e+00	1.800000e+00	0.000000e+00	
292	2.161773e-08	0.000000e+00	1.800000e+00	0.000000e+00	
293	2.171773e-08	0.000000e+00	1.800000e+00	0.000000e+00	
294	2.181773e-08	0.000000e+00	1.800000e+00	0.000000e+00	
295	2.191773e-08	0.000000e+00	1.800000e+00	0.000000e+00	
296	2.201773e-08	0.000000e+00	1.800000e+00	0.000000e+00	
297	2.211773e-08	0.000000e+00	1.800000e+00	0.000000e+00	
298	2.221773e-08	0.000000e+00	1.800000e+00	0.000000e+00	
299	2.231773e-08	0.000000e+00	1.800000e+00	0.000000e+00	
300	2.241773e-08	0.000000e+00	1.800000e+00	0.000000e+00	
301	2.251773e-08	0.000000e+00	1.800000e+00	0.000000e+00	
302	2.261773e-08	0.000000e+00	1.800000e+00	0.000000e+00	
303	2.271773e-08	0.000000e+00	1.800000e+00	0.000000e+00	
304	2.281773e-08	0.000000e+00	1.800000e+00	0.000000e+00	
305	2.291773e-08	0.000000e+00	1.800000e+00	0.000000e+00	
306	2.301773e-08	0.000000e+00	1.800000e+00	0.000000e+00	
307	2.311773e-08	0.000000e+00	1.800000e+00	0.000000e+00	
308	2.321773e-08	0.000000e+00	1.800000e+00	0.000000e+00	
309	2.331773e-08	0.000000e+00	1.800000e+00	0.000000e+00	
310	2.341773e-08	0.000000e+00	1.800000e+00	0.000000e+00	
311	2.351773e-08	0.000000e+00	1.800000e+00	0.000000e+00	
312	2.361773e-08	0.000000e+00	1.800000e+00	0.000000e+00	
313	2.371773e-08	0.000000e+00	1.800000e+00	0.000000e+00	
314	2.381773e-08	0.000000e+00	1.800000e+00	0.000000e+00	
315	2.391773e-08	0.000000e+00	1.800000e+00	0.000000e+00	
316	2.401773e-08	0.000000e+00	1.800000e+00	0.000000e+00	
317	2.411773e-08	0.000000e+00	1.800000e+00	0.000000e+00	
318	2.421773e-08	0.000000e+00	1.800000e+00	0.000000e+00	
319	2.431773e-08	0.000000e+00	1.800000e+00	0.000000e+00	
320	2.441773e-08	0.000000e+00	1.800000e+00	0.000000e+00	
321	2.451773e-08	0.000000e+00	1.800000e+00	0.000000e+00	
322	2.461773e-08	0.000000e+00	1.800000e+00	0.000000e+00	
323	2.471773e-08	0.000000e+00	1.800000e+00	0.000000e+00	
324	2.481773e-08	0.000000e+00	1.800000e+00	0.000000e+00	
325	2.491773e-08	0.000000e+00	1.800000e+00	0.000000e+00	
326	2.501773e-08	0.000000e+00	1.800000e+00	0.000000e+00	
327	2.511773e-08	0.000000e+00	1.800000e+00	0.000000e+00	
328	2.521773e-08	0.000000e+00	1.800000e+00	0.000000e+00	
329	2.531773e-08	0.000000e+00	1.800000e+00	0.000000e+00	
330	2.541773e-08	0.000000e+00	1.800000e+00	0.000000e+00	
331	2.551773e-08	0.000000e+00	1.800000e+00	0.000000e+00	
332	2.561773e-08	0.000000e+00	1.800000e+00	0.000000e+00	
333	2.571773e-08	0.000000e+00	1.800000e+00	0.000000e+00	
334	2.581773e-08	0.000000e+00	1.800000e+00	0.000000e+00	
335	2.591773e-08	0.000000e+00	1.800000e+00	0.000000e+00	
336	2.601773e-08	0.000000e+00	1.800000e+00	0.000000e+00	
337	2.611773e-08	0.000000e+00	1.800000e+00	0.000000e+00	
338	2.621773e-08	0.000000e+00	1.800000e+00	0.000000e+00	
339	2.631773e-08	0.000000e+00	1.800000e+00	0.000000e+00	
340	2.641773e-08	0.000000e+00	1.800000e+00	0.000000e+00	
341	2.651773e-08	0.000000e+00	1.800000e+00	0.000000e+00	
342	2.661773e-08	0.000000e+00	1.800000e+00	0.000000e+00	
343	2.671773e-08	0.000000e+00	1.800000e+00	0.000000e+00	
344	2.681773e-08	0.000000e+00	1.800000e+00	0.000000e+00	

Index   time            v(a)            v(b)            v(cin)          
--------------------------------------------------------------------------------
345	2.691773e-08	0.000000e+00	1.800000e+00	0.000000e+00	
346	2.701773e-08	0.000000e+00	1.800000e+00	0.000000e+00	
347	2.711773e-08	0.000000e+00	1.800000e+00	0.000000e+00	
348	2.721773e-08	0.000000e+00	1.800000e+00	0.000000e+00	
349	2.731773e-08	0.000000e+00	1.800000e+00	0.000000e+00	
350	2.741773e-08	0.000000e+00	1.800000e+00	0.000000e+00	
351	2.751773e-08	0.000000e+00	1.800000e+00	0.000000e+00	
352	2.761773e-08	0.000000e+00	1.800000e+00	0.000000e+00	
353	2.771773e-08	0.000000e+00	1.800000e+00	0.000000e+00	
354	2.781773e-08	0.000000e+00	1.800000e+00	0.000000e+00	
355	2.791773e-08	0.000000e+00	1.800000e+00	0.000000e+00	
356	2.801773e-08	0.000000e+00	1.800000e+00	0.000000e+00	
357	2.811773e-08	0.000000e+00	1.800000e+00	0.000000e+00	
358	2.821773e-08	0.000000e+00	1.800000e+00	0.000000e+00	
359	2.831773e-08	0.000000e+00	1.800000e+00	0.000000e+00	
360	2.841773e-08	0.000000e+00	1.800000e+00	0.000000e+00	
361	2.851773e-08	0.000000e+00	1.800000e+00	0.000000e+00	
362	2.861773e-08	0.000000e+00	1.800000e+00	0.000000e+00	
363	2.871773e-08	0.000000e+00	1.800000e+00	0.000000e+00	
364	2.881773e-08	0.000000e+00	1.800000e+00	0.000000e+00	
365	2.891773e-08	0.000000e+00	1.800000e+00	0.000000e+00	
366	2.900000e-08	0.000000e+00	1.800000e+00	0.000000e+00	
367	2.901000e-08	0.000000e+00	1.800000e+00	0.000000e+00	
368	2.903000e-08	0.000000e+00	1.800000e+00	0.000000e+00	
369	2.907000e-08	0.000000e+00	1.800000e+00	0.000000e+00	
370	2.915000e-08	0.000000e+00	1.800000e+00	0.000000e+00	
371	2.925000e-08	0.000000e+00	1.800000e+00	0.000000e+00	
372	2.935000e-08	0.000000e+00	1.800000e+00	0.000000e+00	
373	2.945000e-08	0.000000e+00	1.800000e+00	0.000000e+00	
374	2.955000e-08	0.000000e+00	1.800000e+00	0.000000e+00	
375	2.965000e-08	0.000000e+00	1.800000e+00	0.000000e+00	
376	2.975000e-08	0.000000e+00	1.800000e+00	0.000000e+00	
377	2.985000e-08	0.000000e+00	1.800000e+00	0.000000e+00	
378	2.995000e-08	0.000000e+00	1.800000e+00	0.000000e+00	
379	3.000000e-08	0.000000e+00	1.800000e+00	0.000000e+00	
380	3.000467e-08	0.000000e+00	1.800000e+00	8.400000e-03	
381	3.001400e-08	0.000000e+00	1.800000e+00	2.520000e-02	
382	3.003267e-08	0.000000e+00	1.800000e+00	5.880000e-02	
383	3.007000e-08	0.000000e+00	1.800000e+00	1.260000e-01	
384	3.014467e-08	0.000000e+00	1.800000e+00	2.604000e-01	
385	3.023423e-08	0.000000e+00	1.800000e+00	4.216191e-01	
386	3.032803e-08	0.000000e+00	1.800000e+00	5.904619e-01	
387	3.038985e-08	0.000000e+00	1.800000e+00	7.017332e-01	
388	3.043362e-08	0.000000e+00	1.800000e+00	7.805071e-01	
389	3.046754e-08	0.000000e+00	1.800000e+00	8.415720e-01	
390	3.048820e-08	0.000000e+00	1.800000e+00	8.787542e-01	
391	3.050502e-08	0.000000e+00	1.800000e+00	9.090430e-01	
392	3.051717e-08	0.000000e+00	1.800000e+00	9.309068e-01	
393	3.052708e-08	0.000000e+00	1.800000e+00	9.487526e-01	
394	3.053849e-08	0.000000e+00	1.800000e+00	9.692774e-01	
395	3.054777e-08	0.000000e+00	1.800000e+00	9.859797e-01	
396	3.055505e-08	0.000000e+00	1.800000e+00	9.990956e-01	
397	3.056139e-08	0.000000e+00	1.800000e+00	1.010508e+00	
398	3.056562e-08	0.000000e+00	1.800000e+00	1.018124e+00	
399	3.056902e-08	0.000000e+00	1.800000e+00	1.024230e+00	
400	3.057248e-08	0.000000e+00	1.800000e+00	1.030469e+00	
401	3.057516e-08	0.000000e+00	1.800000e+00	1.035285e+00	
402	3.057815e-08	0.000000e+00	1.800000e+00	1.040666e+00	

Index   time            v(a)            v(b)            v(cin)          
--------------------------------------------------------------------------------
403	3.058164e-08	0.000000e+00	1.800000e+00	1.046949e+00	
404	3.058470e-08	0.000000e+00	1.800000e+00	1.052459e+00	
405	3.058820e-08	0.000000e+00	1.800000e+00	1.058754e+00	
406	3.059088e-08	0.000000e+00	1.800000e+00	1.063587e+00	
407	3.059435e-08	0.000000e+00	1.800000e+00	1.069831e+00	
408	3.059804e-08	0.000000e+00	1.800000e+00	1.076474e+00	
409	3.060209e-08	0.000000e+00	1.800000e+00	1.083754e+00	
410	3.060623e-08	0.000000e+00	1.800000e+00	1.091212e+00	
411	3.061040e-08	0.000000e+00	1.800000e+00	1.098719e+00	
412	3.061499e-08	0.000000e+00	1.800000e+00	1.106978e+00	
413	3.061914e-08	0.000000e+00	1.800000e+00	1.114447e+00	
414	3.062498e-08	0.000000e+00	1.800000e+00	1.124967e+00	
415	3.063133e-08	0.000000e+00	1.800000e+00	1.136393e+00	
416	3.064402e-08	0.000000e+00	1.800000e+00	1.159245e+00	
417	3.065695e-08	0.000000e+00	1.800000e+00	1.182502e+00	
418	3.066913e-08	0.000000e+00	1.800000e+00	1.204434e+00	
419	3.068205e-08	0.000000e+00	1.800000e+00	1.227686e+00	
420	3.069747e-08	0.000000e+00	1.800000e+00	1.255452e+00	
421	3.070904e-08	0.000000e+00	1.800000e+00	1.276278e+00	
422	3.071889e-08	0.000000e+00	1.800000e+00	1.293997e+00	
423	3.072819e-08	0.000000e+00	1.800000e+00	1.310741e+00	
424	3.073888e-08	0.000000e+00	1.800000e+00	1.329992e+00	
425	3.074944e-08	0.000000e+00	1.800000e+00	1.348996e+00	
426	3.076386e-08	0.000000e+00	1.800000e+00	1.374951e+00	
427	3.077974e-08	0.000000e+00	1.800000e+00	1.403534e+00	
428	3.080182e-08	0.000000e+00	1.800000e+00	1.443272e+00	
429	3.082834e-08	0.000000e+00	1.800000e+00	1.491021e+00	
430	3.086753e-08	0.000000e+00	1.800000e+00	1.561556e+00	
431	3.092340e-08	0.000000e+00	1.800000e+00	1.662121e+00	
432	3.100000e-08	0.000000e+00	1.800000e+00	1.800000e+00	
433	3.101000e-08	0.000000e+00	1.800000e+00	1.800000e+00	
434	3.103000e-08	0.000000e+00	1.800000e+00	1.800000e+00	
435	3.107000e-08	0.000000e+00	1.800000e+00	1.800000e+00	
436	3.114282e-08	0.000000e+00	1.800000e+00	1.800000e+00	
437	3.124246e-08	0.000000e+00	1.800000e+00	1.800000e+00	
438	3.134246e-08	0.000000e+00	1.800000e+00	1.800000e+00	
439	3.144246e-08	0.000000e+00	1.800000e+00	1.800000e+00	
440	3.154246e-08	0.000000e+00	1.800000e+00	1.800000e+00	
441	3.164246e-08	0.000000e+00	1.800000e+00	1.800000e+00	
442	3.174246e-08	0.000000e+00	1.800000e+00	1.800000e+00	
443	3.184246e-08	0.000000e+00	1.800000e+00	1.800000e+00	
444	3.194246e-08	0.000000e+00	1.800000e+00	1.800000e+00	
445	3.204246e-08	0.000000e+00	1.800000e+00	1.800000e+00	
446	3.214246e-08	0.000000e+00	1.800000e+00	1.800000e+00	
447	3.224246e-08	0.000000e+00	1.800000e+00	1.800000e+00	
448	3.234246e-08	0.000000e+00	1.800000e+00	1.800000e+00	
449	3.244246e-08	0.000000e+00	1.800000e+00	1.800000e+00	
450	3.254246e-08	0.000000e+00	1.800000e+00	1.800000e+00	
451	3.264246e-08	0.000000e+00	1.800000e+00	1.800000e+00	
452	3.274246e-08	0.000000e+00	1.800000e+00	1.800000e+00	
453	3.284246e-08	0.000000e+00	1.800000e+00	1.800000e+00	
454	3.294246e-08	0.000000e+00	1.800000e+00	1.800000e+00	
455	3.304246e-08	0.000000e+00	1.800000e+00	1.800000e+00	
456	3.314246e-08	0.000000e+00	1.800000e+00	1.800000e+00	
457	3.324246e-08	0.000000e+00	1.800000e+00	1.800000e+00	
458	3.334246e-08	0.000000e+00	1.800000e+00	1.800000e+00	
459	3.344246e-08	0.000000e+00	1.800000e+00	1.800000e+00	
460	3.354246e-08	0.000000e+00	1.800000e+00	1.800000e+00	

Index   time            v(a)            v(b)            v(cin)          
--------------------------------------------------------------------------------
461	3.364246e-08	0.000000e+00	1.800000e+00	1.800000e+00	
462	3.374246e-08	0.000000e+00	1.800000e+00	1.800000e+00	
463	3.384246e-08	0.000000e+00	1.800000e+00	1.800000e+00	
464	3.394246e-08	0.000000e+00	1.800000e+00	1.800000e+00	
465	3.404246e-08	0.000000e+00	1.800000e+00	1.800000e+00	
466	3.414246e-08	0.000000e+00	1.800000e+00	1.800000e+00	
467	3.424246e-08	0.000000e+00	1.800000e+00	1.800000e+00	
468	3.434246e-08	0.000000e+00	1.800000e+00	1.800000e+00	
469	3.444246e-08	0.000000e+00	1.800000e+00	1.800000e+00	
470	3.454246e-08	0.000000e+00	1.800000e+00	1.800000e+00	
471	3.464246e-08	0.000000e+00	1.800000e+00	1.800000e+00	
472	3.474246e-08	0.000000e+00	1.800000e+00	1.800000e+00	
473	3.484246e-08	0.000000e+00	1.800000e+00	1.800000e+00	
474	3.494246e-08	0.000000e+00	1.800000e+00	1.800000e+00	
475	3.504246e-08	0.000000e+00	1.800000e+00	1.800000e+00	
476	3.514246e-08	0.000000e+00	1.800000e+00	1.800000e+00	
477	3.524246e-08	0.000000e+00	1.800000e+00	1.800000e+00	
478	3.534246e-08	0.000000e+00	1.800000e+00	1.800000e+00	
479	3.544246e-08	0.000000e+00	1.800000e+00	1.800000e+00	
480	3.554246e-08	0.000000e+00	1.800000e+00	1.800000e+00	
481	3.564246e-08	0.000000e+00	1.800000e+00	1.800000e+00	
482	3.574246e-08	0.000000e+00	1.800000e+00	1.800000e+00	
483	3.584246e-08	0.000000e+00	1.800000e+00	1.800000e+00	
484	3.594246e-08	0.000000e+00	1.800000e+00	1.800000e+00	
485	3.604246e-08	0.000000e+00	1.800000e+00	1.800000e+00	
486	3.614246e-08	0.000000e+00	1.800000e+00	1.800000e+00	
487	3.624246e-08	0.000000e+00	1.800000e+00	1.800000e+00	
488	3.634246e-08	0.000000e+00	1.800000e+00	1.800000e+00	
489	3.644246e-08	0.000000e+00	1.800000e+00	1.800000e+00	
490	3.654246e-08	0.000000e+00	1.800000e+00	1.800000e+00	
491	3.664246e-08	0.000000e+00	1.800000e+00	1.800000e+00	
492	3.674246e-08	0.000000e+00	1.800000e+00	1.800000e+00	
493	3.684246e-08	0.000000e+00	1.800000e+00	1.800000e+00	
494	3.694246e-08	0.000000e+00	1.800000e+00	1.800000e+00	
495	3.704246e-08	0.000000e+00	1.800000e+00	1.800000e+00	
496	3.714246e-08	0.000000e+00	1.800000e+00	1.800000e+00	
497	3.724246e-08	0.000000e+00	1.800000e+00	1.800000e+00	
498	3.734246e-08	0.000000e+00	1.800000e+00	1.800000e+00	
499	3.744246e-08	0.000000e+00	1.800000e+00	1.800000e+00	
500	3.754246e-08	0.000000e+00	1.800000e+00	1.800000e+00	
501	3.764246e-08	0.000000e+00	1.800000e+00	1.800000e+00	
502	3.774246e-08	0.000000e+00	1.800000e+00	1.800000e+00	
503	3.784246e-08	0.000000e+00	1.800000e+00	1.800000e+00	
504	3.794246e-08	0.000000e+00	1.800000e+00	1.800000e+00	
505	3.804246e-08	0.000000e+00	1.800000e+00	1.800000e+00	
506	3.814246e-08	0.000000e+00	1.800000e+00	1.800000e+00	
507	3.824246e-08	0.000000e+00	1.800000e+00	1.800000e+00	
508	3.834246e-08	0.000000e+00	1.800000e+00	1.800000e+00	
509	3.844246e-08	0.000000e+00	1.800000e+00	1.800000e+00	
510	3.854246e-08	0.000000e+00	1.800000e+00	1.800000e+00	
511	3.864246e-08	0.000000e+00	1.800000e+00	1.800000e+00	
512	3.874246e-08	0.000000e+00	1.800000e+00	1.800000e+00	
513	3.884246e-08	0.000000e+00	1.800000e+00	1.800000e+00	
514	3.894246e-08	0.000000e+00	1.800000e+00	1.800000e+00	
515	3.900000e-08	0.000000e+00	1.800000e+00	1.800000e+00	
516	3.901000e-08	0.000000e+00	1.800000e+00	1.800000e+00	
517	3.903000e-08	0.000000e+00	1.800000e+00	1.800000e+00	
518	3.907000e-08	0.000000e+00	1.800000e+00	1.800000e+00	

Index   time            v(a)            v(b)            v(cin)          
--------------------------------------------------------------------------------
519	3.915000e-08	0.000000e+00	1.800000e+00	1.800000e+00	
520	3.925000e-08	0.000000e+00	1.800000e+00	1.800000e+00	
521	3.935000e-08	0.000000e+00	1.800000e+00	1.800000e+00	
522	3.945000e-08	0.000000e+00	1.800000e+00	1.800000e+00	
523	3.955000e-08	0.000000e+00	1.800000e+00	1.800000e+00	
524	3.965000e-08	0.000000e+00	1.800000e+00	1.800000e+00	
525	3.975000e-08	0.000000e+00	1.800000e+00	1.800000e+00	
526	3.985000e-08	0.000000e+00	1.800000e+00	1.800000e+00	
527	3.995000e-08	0.000000e+00	1.800000e+00	1.800000e+00	
528	4.000000e-08	0.000000e+00	1.800000e+00	1.800000e+00	
529	4.000467e-08	8.400000e-03	1.791600e+00	1.791600e+00	
530	4.001400e-08	2.520000e-02	1.774800e+00	1.774800e+00	
531	4.003267e-08	5.880000e-02	1.741200e+00	1.741200e+00	
532	4.006731e-08	1.211632e-01	1.678837e+00	1.678837e+00	
533	4.012347e-08	2.222394e-01	1.577761e+00	1.577761e+00	
534	4.019932e-08	3.587844e-01	1.441216e+00	1.441216e+00	
535	4.028456e-08	5.122040e-01	1.287796e+00	1.287796e+00	
536	4.036366e-08	6.545921e-01	1.145408e+00	1.145408e+00	
537	4.044012e-08	7.922134e-01	1.007787e+00	1.007787e+00	
538	4.048416e-08	8.714800e-01	9.285200e-01	9.285200e-01	
539	4.051352e-08	9.243395e-01	8.756605e-01	8.756605e-01	
540	4.054314e-08	9.776581e-01	8.223419e-01	8.223419e-01	
541	4.056327e-08	1.013887e+00	7.861132e-01	7.861132e-01	
542	4.057987e-08	1.043775e+00	7.562252e-01	7.562252e-01	
543	4.059554e-08	1.071970e+00	7.280299e-01	7.280299e-01	
544	4.061195e-08	1.101505e+00	6.984951e-01	6.984951e-01	
545	4.062690e-08	1.128422e+00	6.715783e-01	6.715783e-01	
546	4.063890e-08	1.150014e+00	6.499863e-01	6.499863e-01	
547	4.064535e-08	1.161631e+00	6.383687e-01	6.383687e-01	
548	4.065122e-08	1.172189e+00	6.278112e-01	6.278112e-01	
549	4.065694e-08	1.182490e+00	6.175099e-01	6.175099e-01	
550	4.066156e-08	1.190799e+00	6.092010e-01	6.092010e-01	
551	4.066717e-08	1.200911e+00	5.990894e-01	5.990894e-01	
552	4.067273e-08	1.210911e+00	5.890892e-01	5.890892e-01	
553	4.067988e-08	1.223787e+00	5.762131e-01	5.762131e-01	
554	4.068493e-08	1.232873e+00	5.671272e-01	5.671272e-01	
555	4.069083e-08	1.243496e+00	5.565037e-01	5.565037e-01	
556	4.069554e-08	1.251979e+00	5.480206e-01	5.480206e-01	
557	4.069896e-08	1.258119e+00	5.418806e-01	5.418806e-01	
558	4.070271e-08	1.264880e+00	5.351198e-01	5.351198e-01	
559	4.070618e-08	1.271132e+00	5.288676e-01	5.288676e-01	
560	4.070918e-08	1.276526e+00	5.234741e-01	5.234741e-01	
561	4.071284e-08	1.283117e+00	5.168834e-01	5.168834e-01	
562	4.071683e-08	1.290288e+00	5.097122e-01	5.097122e-01	
563	4.072069e-08	1.297235e+00	5.027650e-01	5.027650e-01	
564	4.072481e-08	1.304656e+00	4.953437e-01	4.953437e-01	
565	4.072875e-08	1.311756e+00	4.882444e-01	4.882444e-01	
566	4.073297e-08	1.319344e+00	4.806560e-01	4.806560e-01	
567	4.073679e-08	1.326229e+00	4.737713e-01	4.737713e-01	
568	4.074080e-08	1.333440e+00	4.665600e-01	4.665600e-01	
569	4.074691e-08	1.344434e+00	4.555656e-01	4.555656e-01	
570	4.075271e-08	1.354878e+00	4.451224e-01	4.451224e-01	
571	4.075970e-08	1.367459e+00	4.325405e-01	4.325405e-01	
572	4.076783e-08	1.382098e+00	4.179023e-01	4.179023e-01	
573	4.077709e-08	1.398762e+00	4.012376e-01	4.012376e-01	
574	4.078814e-08	1.418644e+00	3.813565e-01	3.813565e-01	
575	4.080393e-08	1.447074e+00	3.529255e-01	3.529255e-01	
576	4.082000e-08	1.475994e+00	3.240057e-01	3.240057e-01	

Index   time            v(a)            v(b)            v(cin)          
--------------------------------------------------------------------------------
577	4.083138e-08	1.496476e+00	3.035244e-01	3.035244e-01	
578	4.084078e-08	1.513404e+00	2.865958e-01	2.865958e-01	
579	4.084978e-08	1.529597e+00	2.704027e-01	2.704027e-01	
580	4.086012e-08	1.548212e+00	2.517878e-01	2.517878e-01	
581	4.087058e-08	1.567040e+00	2.329598e-01	2.329598e-01	
582	4.088480e-08	1.592644e+00	2.073563e-01	2.073563e-01	
583	4.090066e-08	1.621185e+00	1.788147e-01	1.788147e-01	
584	4.092248e-08	1.660466e+00	1.395338e-01	1.395338e-01	
585	4.094882e-08	1.707874e+00	9.212595e-02	9.212595e-02	
586	4.098732e-08	1.777183e+00	2.281736e-02	2.281736e-02	
587	4.100000e-08	1.800000e+00	1.199041e-14	1.199041e-14	
588	4.100257e-08	1.800000e+00	0.000000e+00	0.000000e+00	
589	4.100772e-08	1.800000e+00	0.000000e+00	0.000000e+00	
590	4.101800e-08	1.800000e+00	0.000000e+00	0.000000e+00	
591	4.103857e-08	1.800000e+00	0.000000e+00	0.000000e+00	
592	4.107971e-08	1.800000e+00	0.000000e+00	0.000000e+00	
593	4.114150e-08	1.800000e+00	0.000000e+00	0.000000e+00	
594	4.124150e-08	1.800000e+00	0.000000e+00	0.000000e+00	
595	4.134150e-08	1.800000e+00	0.000000e+00	0.000000e+00	
596	4.144150e-08	1.800000e+00	0.000000e+00	0.000000e+00	
597	4.154150e-08	1.800000e+00	0.000000e+00	0.000000e+00	
598	4.164150e-08	1.800000e+00	0.000000e+00	0.000000e+00	
599	4.174150e-08	1.800000e+00	0.000000e+00	0.000000e+00	
600	4.184150e-08	1.800000e+00	0.000000e+00	0.000000e+00	
601	4.194150e-08	1.800000e+00	0.000000e+00	0.000000e+00	
602	4.204150e-08	1.800000e+00	0.000000e+00	0.000000e+00	
603	4.214150e-08	1.800000e+00	0.000000e+00	0.000000e+00	
604	4.224150e-08	1.800000e+00	0.000000e+00	0.000000e+00	
605	4.234150e-08	1.800000e+00	0.000000e+00	0.000000e+00	
606	4.244150e-08	1.800000e+00	0.000000e+00	0.000000e+00	
607	4.254150e-08	1.800000e+00	0.000000e+00	0.000000e+00	
608	4.264150e-08	1.800000e+00	0.000000e+00	0.000000e+00	
609	4.274150e-08	1.800000e+00	0.000000e+00	0.000000e+00	
610	4.284150e-08	1.800000e+00	0.000000e+00	0.000000e+00	
611	4.294150e-08	1.800000e+00	0.000000e+00	0.000000e+00	
612	4.304150e-08	1.800000e+00	0.000000e+00	0.000000e+00	
613	4.314150e-08	1.800000e+00	0.000000e+00	0.000000e+00	
614	4.324150e-08	1.800000e+00	0.000000e+00	0.000000e+00	
615	4.334150e-08	1.800000e+00	0.000000e+00	0.000000e+00	
616	4.344150e-08	1.800000e+00	0.000000e+00	0.000000e+00	
617	4.354150e-08	1.800000e+00	0.000000e+00	0.000000e+00	
618	4.364150e-08	1.800000e+00	0.000000e+00	0.000000e+00	
619	4.374150e-08	1.800000e+00	0.000000e+00	0.000000e+00	
620	4.384150e-08	1.800000e+00	0.000000e+00	0.000000e+00	
621	4.394150e-08	1.800000e+00	0.000000e+00	0.000000e+00	
622	4.404150e-08	1.800000e+00	0.000000e+00	0.000000e+00	
623	4.414150e-08	1.800000e+00	0.000000e+00	0.000000e+00	
624	4.424150e-08	1.800000e+00	0.000000e+00	0.000000e+00	
625	4.434150e-08	1.800000e+00	0.000000e+00	0.000000e+00	
626	4.444150e-08	1.800000e+00	0.000000e+00	0.000000e+00	
627	4.454150e-08	1.800000e+00	0.000000e+00	0.000000e+00	
628	4.464150e-08	1.800000e+00	0.000000e+00	0.000000e+00	
629	4.474150e-08	1.800000e+00	0.000000e+00	0.000000e+00	
630	4.484150e-08	1.800000e+00	0.000000e+00	0.000000e+00	
631	4.494150e-08	1.800000e+00	0.000000e+00	0.000000e+00	
632	4.504150e-08	1.800000e+00	0.000000e+00	0.000000e+00	
633	4.514150e-08	1.800000e+00	0.000000e+00	0.000000e+00	
634	4.524150e-08	1.800000e+00	0.000000e+00	0.000000e+00	

Index   time            v(a)            v(b)            v(cin)          
--------------------------------------------------------------------------------
635	4.534150e-08	1.800000e+00	0.000000e+00	0.000000e+00	
636	4.544150e-08	1.800000e+00	0.000000e+00	0.000000e+00	
637	4.554150e-08	1.800000e+00	0.000000e+00	0.000000e+00	
638	4.564150e-08	1.800000e+00	0.000000e+00	0.000000e+00	
639	4.574150e-08	1.800000e+00	0.000000e+00	0.000000e+00	
640	4.584150e-08	1.800000e+00	0.000000e+00	0.000000e+00	
641	4.594150e-08	1.800000e+00	0.000000e+00	0.000000e+00	
642	4.604150e-08	1.800000e+00	0.000000e+00	0.000000e+00	
643	4.614150e-08	1.800000e+00	0.000000e+00	0.000000e+00	
644	4.624150e-08	1.800000e+00	0.000000e+00	0.000000e+00	
645	4.634150e-08	1.800000e+00	0.000000e+00	0.000000e+00	
646	4.644150e-08	1.800000e+00	0.000000e+00	0.000000e+00	
647	4.654150e-08	1.800000e+00	0.000000e+00	0.000000e+00	
648	4.664150e-08	1.800000e+00	0.000000e+00	0.000000e+00	
649	4.674150e-08	1.800000e+00	0.000000e+00	0.000000e+00	
650	4.684150e-08	1.800000e+00	0.000000e+00	0.000000e+00	
651	4.694150e-08	1.800000e+00	0.000000e+00	0.000000e+00	
652	4.704150e-08	1.800000e+00	0.000000e+00	0.000000e+00	
653	4.714150e-08	1.800000e+00	0.000000e+00	0.000000e+00	
654	4.724150e-08	1.800000e+00	0.000000e+00	0.000000e+00	
655	4.734150e-08	1.800000e+00	0.000000e+00	0.000000e+00	
656	4.744150e-08	1.800000e+00	0.000000e+00	0.000000e+00	
657	4.754150e-08	1.800000e+00	0.000000e+00	0.000000e+00	
658	4.764150e-08	1.800000e+00	0.000000e+00	0.000000e+00	
659	4.774150e-08	1.800000e+00	0.000000e+00	0.000000e+00	
660	4.784150e-08	1.800000e+00	0.000000e+00	0.000000e+00	
661	4.794150e-08	1.800000e+00	0.000000e+00	0.000000e+00	
662	4.804150e-08	1.800000e+00	0.000000e+00	0.000000e+00	
663	4.814150e-08	1.800000e+00	0.000000e+00	0.000000e+00	
664	4.824150e-08	1.800000e+00	0.000000e+00	0.000000e+00	
665	4.834150e-08	1.800000e+00	0.000000e+00	0.000000e+00	
666	4.844150e-08	1.800000e+00	0.000000e+00	0.000000e+00	
667	4.854150e-08	1.800000e+00	0.000000e+00	0.000000e+00	
668	4.864150e-08	1.800000e+00	0.000000e+00	0.000000e+00	
669	4.874150e-08	1.800000e+00	0.000000e+00	0.000000e+00	
670	4.884150e-08	1.800000e+00	0.000000e+00	0.000000e+00	
671	4.894150e-08	1.800000e+00	0.000000e+00	0.000000e+00	
672	4.900000e-08	1.800000e+00	0.000000e+00	0.000000e+00	
673	4.901000e-08	1.800000e+00	0.000000e+00	0.000000e+00	
674	4.903000e-08	1.800000e+00	0.000000e+00	0.000000e+00	
675	4.907000e-08	1.800000e+00	0.000000e+00	0.000000e+00	
676	4.915000e-08	1.800000e+00	0.000000e+00	0.000000e+00	
677	4.925000e-08	1.800000e+00	0.000000e+00	0.000000e+00	
678	4.935000e-08	1.800000e+00	0.000000e+00	0.000000e+00	
679	4.945000e-08	1.800000e+00	0.000000e+00	0.000000e+00	
680	4.955000e-08	1.800000e+00	0.000000e+00	0.000000e+00	
681	4.965000e-08	1.800000e+00	0.000000e+00	0.000000e+00	
682	4.975000e-08	1.800000e+00	0.000000e+00	0.000000e+00	
683	4.985000e-08	1.800000e+00	0.000000e+00	0.000000e+00	
684	4.995000e-08	1.800000e+00	0.000000e+00	0.000000e+00	
685	5.000000e-08	1.800000e+00	0.000000e+00	0.000000e+00	
686	5.000467e-08	1.800000e+00	0.000000e+00	8.400000e-03	
687	5.001400e-08	1.800000e+00	0.000000e+00	2.520000e-02	
688	5.003267e-08	1.800000e+00	0.000000e+00	5.880000e-02	
689	5.007000e-08	1.800000e+00	0.000000e+00	1.260000e-01	
690	5.014467e-08	1.800000e+00	0.000000e+00	2.604000e-01	
691	5.023423e-08	1.800000e+00	0.000000e+00	4.216191e-01	
692	5.032803e-08	1.800000e+00	0.000000e+00	5.904619e-01	

Index   time            v(a)            v(b)            v(cin)          
--------------------------------------------------------------------------------
693	5.038985e-08	1.800000e+00	0.000000e+00	7.017334e-01	
694	5.043763e-08	1.800000e+00	0.000000e+00	7.877409e-01	
695	5.047133e-08	1.800000e+00	0.000000e+00	8.483937e-01	
696	5.049413e-08	1.800000e+00	0.000000e+00	8.894304e-01	
697	5.050776e-08	1.800000e+00	0.000000e+00	9.139696e-01	
698	5.051943e-08	1.800000e+00	0.000000e+00	9.349808e-01	
699	5.052915e-08	1.800000e+00	0.000000e+00	9.524738e-01	
700	5.053969e-08	1.800000e+00	0.000000e+00	9.714497e-01	
701	5.054993e-08	1.800000e+00	0.000000e+00	9.898719e-01	
702	5.055580e-08	1.800000e+00	0.000000e+00	1.000444e+00	
703	5.056070e-08	1.800000e+00	0.000000e+00	1.009253e+00	
704	5.056593e-08	1.800000e+00	0.000000e+00	1.018671e+00	
705	5.056946e-08	1.800000e+00	0.000000e+00	1.025027e+00	
706	5.057349e-08	1.800000e+00	0.000000e+00	1.032288e+00	
707	5.057667e-08	1.800000e+00	0.000000e+00	1.038014e+00	
708	5.058033e-08	1.800000e+00	0.000000e+00	1.044595e+00	
709	5.058311e-08	1.800000e+00	0.000000e+00	1.049594e+00	
710	5.058638e-08	1.800000e+00	0.000000e+00	1.055485e+00	
711	5.058906e-08	1.800000e+00	0.000000e+00	1.060305e+00	
712	5.059210e-08	1.800000e+00	0.000000e+00	1.065779e+00	
713	5.059549e-08	1.800000e+00	0.000000e+00	1.071881e+00	
714	5.059931e-08	1.800000e+00	0.000000e+00	1.078761e+00	
715	5.060312e-08	1.800000e+00	0.000000e+00	1.085608e+00	
716	5.060697e-08	1.800000e+00	0.000000e+00	1.092548e+00	
717	5.061011e-08	1.800000e+00	0.000000e+00	1.098200e+00	
718	5.061407e-08	1.800000e+00	0.000000e+00	1.105326e+00	
719	5.061835e-08	1.800000e+00	0.000000e+00	1.113022e+00	
720	5.062404e-08	1.800000e+00	0.000000e+00	1.123265e+00	
721	5.063033e-08	1.800000e+00	0.000000e+00	1.134598e+00	
722	5.064109e-08	1.800000e+00	0.000000e+00	1.153961e+00	
723	5.065225e-08	1.800000e+00	0.000000e+00	1.174054e+00	
724	5.066452e-08	1.800000e+00	0.000000e+00	1.196131e+00	
725	5.067708e-08	1.800000e+00	0.000000e+00	1.218748e+00	
726	5.069167e-08	1.800000e+00	0.000000e+00	1.245004e+00	
727	5.070327e-08	1.800000e+00	0.000000e+00	1.265879e+00	
728	5.071350e-08	1.800000e+00	0.000000e+00	1.284295e+00	
729	5.072321e-08	1.800000e+00	0.000000e+00	1.301771e+00	
730	5.073299e-08	1.800000e+00	0.000000e+00	1.319381e+00	
731	5.074356e-08	1.800000e+00	0.000000e+00	1.338400e+00	
732	5.075606e-08	1.800000e+00	0.000000e+00	1.360903e+00	
733	5.077110e-08	1.800000e+00	0.000000e+00	1.387975e+00	
734	5.078991e-08	1.800000e+00	0.000000e+00	1.421838e+00	
735	5.081377e-08	1.800000e+00	0.000000e+00	1.464789e+00	
736	5.084576e-08	1.800000e+00	0.000000e+00	1.522362e+00	
737	5.089140e-08	1.800000e+00	0.000000e+00	1.604525e+00	
738	5.096589e-08	1.800000e+00	0.000000e+00	1.738598e+00	
739	5.100000e-08	1.800000e+00	0.000000e+00	1.800000e+00	
740	5.100768e-08	1.800000e+00	0.000000e+00	1.800000e+00	
741	5.102305e-08	1.800000e+00	0.000000e+00	1.800000e+00	
742	5.104982e-08	1.800000e+00	0.000000e+00	1.800000e+00	
743	5.110335e-08	1.800000e+00	0.000000e+00	1.800000e+00	
744	5.120335e-08	1.800000e+00	0.000000e+00	1.800000e+00	
745	5.130335e-08	1.800000e+00	0.000000e+00	1.800000e+00	
746	5.140335e-08	1.800000e+00	0.000000e+00	1.800000e+00	
747	5.150335e-08	1.800000e+00	0.000000e+00	1.800000e+00	
748	5.160335e-08	1.800000e+00	0.000000e+00	1.800000e+00	
749	5.170335e-08	1.800000e+00	0.000000e+00	1.800000e+00	
750	5.180335e-08	1.800000e+00	0.000000e+00	1.800000e+00	

Index   time            v(a)            v(b)            v(cin)          
--------------------------------------------------------------------------------
751	5.190335e-08	1.800000e+00	0.000000e+00	1.800000e+00	
752	5.200335e-08	1.800000e+00	0.000000e+00	1.800000e+00	
753	5.210335e-08	1.800000e+00	0.000000e+00	1.800000e+00	
754	5.220335e-08	1.800000e+00	0.000000e+00	1.800000e+00	
755	5.230335e-08	1.800000e+00	0.000000e+00	1.800000e+00	
756	5.240335e-08	1.800000e+00	0.000000e+00	1.800000e+00	
757	5.250335e-08	1.800000e+00	0.000000e+00	1.800000e+00	
758	5.260335e-08	1.800000e+00	0.000000e+00	1.800000e+00	
759	5.270335e-08	1.800000e+00	0.000000e+00	1.800000e+00	
760	5.280335e-08	1.800000e+00	0.000000e+00	1.800000e+00	
761	5.290335e-08	1.800000e+00	0.000000e+00	1.800000e+00	
762	5.300335e-08	1.800000e+00	0.000000e+00	1.800000e+00	
763	5.310335e-08	1.800000e+00	0.000000e+00	1.800000e+00	
764	5.320335e-08	1.800000e+00	0.000000e+00	1.800000e+00	
765	5.330335e-08	1.800000e+00	0.000000e+00	1.800000e+00	
766	5.340335e-08	1.800000e+00	0.000000e+00	1.800000e+00	
767	5.350335e-08	1.800000e+00	0.000000e+00	1.800000e+00	
768	5.360335e-08	1.800000e+00	0.000000e+00	1.800000e+00	
769	5.370335e-08	1.800000e+00	0.000000e+00	1.800000e+00	
770	5.380335e-08	1.800000e+00	0.000000e+00	1.800000e+00	
771	5.390335e-08	1.800000e+00	0.000000e+00	1.800000e+00	
772	5.400335e-08	1.800000e+00	0.000000e+00	1.800000e+00	
773	5.410335e-08	1.800000e+00	0.000000e+00	1.800000e+00	
774	5.420335e-08	1.800000e+00	0.000000e+00	1.800000e+00	
775	5.430335e-08	1.800000e+00	0.000000e+00	1.800000e+00	
776	5.440335e-08	1.800000e+00	0.000000e+00	1.800000e+00	
777	5.450335e-08	1.800000e+00	0.000000e+00	1.800000e+00	
778	5.460335e-08	1.800000e+00	0.000000e+00	1.800000e+00	
779	5.470335e-08	1.800000e+00	0.000000e+00	1.800000e+00	
780	5.480335e-08	1.800000e+00	0.000000e+00	1.800000e+00	
781	5.490335e-08	1.800000e+00	0.000000e+00	1.800000e+00	
782	5.500335e-08	1.800000e+00	0.000000e+00	1.800000e+00	
783	5.510335e-08	1.800000e+00	0.000000e+00	1.800000e+00	
784	5.520335e-08	1.800000e+00	0.000000e+00	1.800000e+00	
785	5.530335e-08	1.800000e+00	0.000000e+00	1.800000e+00	
786	5.540335e-08	1.800000e+00	0.000000e+00	1.800000e+00	
787	5.550335e-08	1.800000e+00	0.000000e+00	1.800000e+00	
788	5.560335e-08	1.800000e+00	0.000000e+00	1.800000e+00	
789	5.570335e-08	1.800000e+00	0.000000e+00	1.800000e+00	
790	5.580335e-08	1.800000e+00	0.000000e+00	1.800000e+00	
791	5.590335e-08	1.800000e+00	0.000000e+00	1.800000e+00	
792	5.600335e-08	1.800000e+00	0.000000e+00	1.800000e+00	
793	5.610335e-08	1.800000e+00	0.000000e+00	1.800000e+00	
794	5.620335e-08	1.800000e+00	0.000000e+00	1.800000e+00	
795	5.630335e-08	1.800000e+00	0.000000e+00	1.800000e+00	
796	5.640335e-08	1.800000e+00	0.000000e+00	1.800000e+00	
797	5.650335e-08	1.800000e+00	0.000000e+00	1.800000e+00	
798	5.660335e-08	1.800000e+00	0.000000e+00	1.800000e+00	
799	5.670335e-08	1.800000e+00	0.000000e+00	1.800000e+00	
800	5.680335e-08	1.800000e+00	0.000000e+00	1.800000e+00	
801	5.690335e-08	1.800000e+00	0.000000e+00	1.800000e+00	
802	5.700335e-08	1.800000e+00	0.000000e+00	1.800000e+00	
803	5.710335e-08	1.800000e+00	0.000000e+00	1.800000e+00	
804	5.720335e-08	1.800000e+00	0.000000e+00	1.800000e+00	
805	5.730335e-08	1.800000e+00	0.000000e+00	1.800000e+00	
806	5.740335e-08	1.800000e+00	0.000000e+00	1.800000e+00	
807	5.750335e-08	1.800000e+00	0.000000e+00	1.800000e+00	
808	5.760335e-08	1.800000e+00	0.000000e+00	1.800000e+00	

Index   time            v(a)            v(b)            v(cin)          
--------------------------------------------------------------------------------
809	5.770335e-08	1.800000e+00	0.000000e+00	1.800000e+00	
810	5.780335e-08	1.800000e+00	0.000000e+00	1.800000e+00	
811	5.790335e-08	1.800000e+00	0.000000e+00	1.800000e+00	
812	5.800335e-08	1.800000e+00	0.000000e+00	1.800000e+00	
813	5.810335e-08	1.800000e+00	0.000000e+00	1.800000e+00	
814	5.820335e-08	1.800000e+00	0.000000e+00	1.800000e+00	
815	5.830335e-08	1.800000e+00	0.000000e+00	1.800000e+00	
816	5.840335e-08	1.800000e+00	0.000000e+00	1.800000e+00	
817	5.850335e-08	1.800000e+00	0.000000e+00	1.800000e+00	
818	5.860335e-08	1.800000e+00	0.000000e+00	1.800000e+00	
819	5.870335e-08	1.800000e+00	0.000000e+00	1.800000e+00	
820	5.880335e-08	1.800000e+00	0.000000e+00	1.800000e+00	
821	5.890335e-08	1.800000e+00	0.000000e+00	1.800000e+00	
822	5.900000e-08	1.800000e+00	0.000000e+00	1.800000e+00	
823	5.901000e-08	1.800000e+00	0.000000e+00	1.800000e+00	
824	5.903000e-08	1.800000e+00	0.000000e+00	1.800000e+00	
825	5.907000e-08	1.800000e+00	0.000000e+00	1.800000e+00	
826	5.915000e-08	1.800000e+00	0.000000e+00	1.800000e+00	
827	5.925000e-08	1.800000e+00	0.000000e+00	1.800000e+00	
828	5.935000e-08	1.800000e+00	0.000000e+00	1.800000e+00	
829	5.945000e-08	1.800000e+00	0.000000e+00	1.800000e+00	
830	5.955000e-08	1.800000e+00	0.000000e+00	1.800000e+00	
831	5.965000e-08	1.800000e+00	0.000000e+00	1.800000e+00	
832	5.975000e-08	1.800000e+00	0.000000e+00	1.800000e+00	
833	5.985000e-08	1.800000e+00	0.000000e+00	1.800000e+00	
834	5.995000e-08	1.800000e+00	0.000000e+00	1.800000e+00	
835	6.000000e-08	1.800000e+00	0.000000e+00	1.800000e+00	
836	6.000467e-08	1.800000e+00	8.400000e-03	1.791600e+00	
837	6.001400e-08	1.800000e+00	2.520000e-02	1.774800e+00	
838	6.003267e-08	1.800000e+00	5.880000e-02	1.741200e+00	
839	6.007000e-08	1.800000e+00	1.260000e-01	1.674000e+00	
840	6.014467e-08	1.800000e+00	2.604000e-01	1.539600e+00	
841	6.023423e-08	1.800000e+00	4.216191e-01	1.378381e+00	
842	6.032803e-08	1.800000e+00	5.904619e-01	1.209538e+00	
843	6.038982e-08	1.800000e+00	7.016832e-01	1.098317e+00	
844	6.043356e-08	1.800000e+00	7.804155e-01	1.019584e+00	
845	6.046763e-08	1.800000e+00	8.417262e-01	9.582738e-01	
846	6.048831e-08	1.800000e+00	8.789503e-01	9.210497e-01	
847	6.050508e-08	1.800000e+00	9.091441e-01	8.908559e-01	
848	6.051725e-08	1.800000e+00	9.310528e-01	8.689472e-01	
849	6.052721e-08	1.800000e+00	9.489760e-01	8.510240e-01	
850	6.053869e-08	1.800000e+00	9.696342e-01	8.303658e-01	
851	6.054800e-08	1.800000e+00	9.864089e-01	8.135911e-01	
852	6.055493e-08	1.800000e+00	9.988825e-01	8.011175e-01	
853	6.056110e-08	1.800000e+00	1.009979e+00	7.900211e-01	
854	6.056499e-08	1.800000e+00	1.016979e+00	7.830211e-01	
855	6.056846e-08	1.800000e+00	1.023221e+00	7.767791e-01	
856	6.057198e-08	1.800000e+00	1.029562e+00	7.704384e-01	
857	6.057565e-08	1.800000e+00	1.036170e+00	7.638297e-01	
858	6.057976e-08	1.800000e+00	1.043570e+00	7.564302e-01	
859	6.058398e-08	1.800000e+00	1.051168e+00	7.488317e-01	
860	6.058878e-08	1.800000e+00	1.059797e+00	7.402034e-01	
861	6.059450e-08	1.800000e+00	1.070105e+00	7.298952e-01	
862	6.059855e-08	1.800000e+00	1.077381e+00	7.226189e-01	
863	6.060264e-08	1.800000e+00	1.084754e+00	7.152458e-01	
864	6.060685e-08	1.800000e+00	1.092334e+00	7.076657e-01	
865	6.061005e-08	1.800000e+00	1.098085e+00	7.019149e-01	
866	6.061395e-08	1.800000e+00	1.105118e+00	6.948816e-01	

Index   time            v(a)            v(b)            v(cin)          
--------------------------------------------------------------------------------
867	6.061826e-08	1.800000e+00	1.112871e+00	6.871293e-01	
868	6.062242e-08	1.800000e+00	1.120354e+00	6.796460e-01	
869	6.062662e-08	1.800000e+00	1.127909e+00	6.720908e-01	
870	6.063084e-08	1.800000e+00	1.135515e+00	6.644852e-01	
871	6.063452e-08	1.800000e+00	1.142142e+00	6.578576e-01	
872	6.063861e-08	1.800000e+00	1.149502e+00	6.504983e-01	
873	6.064184e-08	1.800000e+00	1.155303e+00	6.446967e-01	
874	6.064562e-08	1.800000e+00	1.162122e+00	6.378783e-01	
875	6.064819e-08	1.800000e+00	1.166741e+00	6.332586e-01	
876	6.065133e-08	1.800000e+00	1.172393e+00	6.276068e-01	
877	6.065457e-08	1.800000e+00	1.178234e+00	6.217661e-01	
878	6.065787e-08	1.800000e+00	1.184160e+00	6.158405e-01	
879	6.066109e-08	1.800000e+00	1.189971e+00	6.100294e-01	
880	6.066406e-08	1.800000e+00	1.195300e+00	6.047003e-01	
881	6.066717e-08	1.800000e+00	1.200903e+00	5.990970e-01	
882	6.067014e-08	1.800000e+00	1.206248e+00	5.937515e-01	
883	6.067331e-08	1.800000e+00	1.211953e+00	5.880470e-01	
884	6.067709e-08	1.800000e+00	1.218761e+00	5.812388e-01	
885	6.068001e-08	1.800000e+00	1.224010e+00	5.759897e-01	
886	6.068291e-08	1.800000e+00	1.229234e+00	5.707662e-01	
887	6.068528e-08	1.800000e+00	1.233507e+00	5.664931e-01	
888	6.068803e-08	1.800000e+00	1.238456e+00	5.615439e-01	
889	6.069090e-08	1.800000e+00	1.243629e+00	5.563712e-01	
890	6.069352e-08	1.800000e+00	1.248334e+00	5.516661e-01	
891	6.069631e-08	1.800000e+00	1.253353e+00	5.466468e-01	
892	6.069933e-08	1.800000e+00	1.258801e+00	5.411986e-01	
893	6.070332e-08	1.800000e+00	1.265973e+00	5.340266e-01	
894	6.070907e-08	1.800000e+00	1.276321e+00	5.236787e-01	
895	6.072006e-08	1.800000e+00	1.296111e+00	5.038894e-01	
896	6.073429e-08	1.800000e+00	1.321727e+00	4.782730e-01	
897	6.074959e-08	1.800000e+00	1.349262e+00	4.507385e-01	
898	6.076989e-08	1.800000e+00	1.385811e+00	4.141890e-01	
899	6.079737e-08	1.800000e+00	1.435270e+00	3.647299e-01	
900	6.084618e-08	1.800000e+00	1.523118e+00	2.768818e-01	
901	6.094379e-08	1.800000e+00	1.698814e+00	1.011857e-01	
902	6.100000e-08	1.800000e+00	1.800000e+00	0.000000e+00	
903	6.100556e-08	1.800000e+00	1.800000e+00	0.000000e+00	
904	6.101668e-08	1.800000e+00	1.800000e+00	0.000000e+00	
905	6.103892e-08	1.800000e+00	1.800000e+00	0.000000e+00	
906	6.108339e-08	1.800000e+00	1.800000e+00	0.000000e+00	
907	6.116765e-08	1.800000e+00	1.800000e+00	0.000000e+00	
908	6.126765e-08	1.800000e+00	1.800000e+00	0.000000e+00	
909	6.136765e-08	1.800000e+00	1.800000e+00	0.000000e+00	
910	6.146765e-08	1.800000e+00	1.800000e+00	0.000000e+00	
911	6.156765e-08	1.800000e+00	1.800000e+00	0.000000e+00	
912	6.166765e-08	1.800000e+00	1.800000e+00	0.000000e+00	
913	6.176765e-08	1.800000e+00	1.800000e+00	0.000000e+00	
914	6.186765e-08	1.800000e+00	1.800000e+00	0.000000e+00	
915	6.196765e-08	1.800000e+00	1.800000e+00	0.000000e+00	
916	6.206765e-08	1.800000e+00	1.800000e+00	0.000000e+00	
917	6.216765e-08	1.800000e+00	1.800000e+00	0.000000e+00	
918	6.226765e-08	1.800000e+00	1.800000e+00	0.000000e+00	
919	6.236765e-08	1.800000e+00	1.800000e+00	0.000000e+00	
920	6.246765e-08	1.800000e+00	1.800000e+00	0.000000e+00	
921	6.256765e-08	1.800000e+00	1.800000e+00	0.000000e+00	
922	6.266765e-08	1.800000e+00	1.800000e+00	0.000000e+00	
923	6.276765e-08	1.800000e+00	1.800000e+00	0.000000e+00	
924	6.286765e-08	1.800000e+00	1.800000e+00	0.000000e+00	

Index   time            v(a)            v(b)            v(cin)          
--------------------------------------------------------------------------------
925	6.296765e-08	1.800000e+00	1.800000e+00	0.000000e+00	
926	6.306765e-08	1.800000e+00	1.800000e+00	0.000000e+00	
927	6.316765e-08	1.800000e+00	1.800000e+00	0.000000e+00	
928	6.326765e-08	1.800000e+00	1.800000e+00	0.000000e+00	
929	6.336765e-08	1.800000e+00	1.800000e+00	0.000000e+00	
930	6.346765e-08	1.800000e+00	1.800000e+00	0.000000e+00	
931	6.356765e-08	1.800000e+00	1.800000e+00	0.000000e+00	
932	6.366765e-08	1.800000e+00	1.800000e+00	0.000000e+00	
933	6.376765e-08	1.800000e+00	1.800000e+00	0.000000e+00	
934	6.386765e-08	1.800000e+00	1.800000e+00	0.000000e+00	
935	6.396765e-08	1.800000e+00	1.800000e+00	0.000000e+00	
936	6.406765e-08	1.800000e+00	1.800000e+00	0.000000e+00	
937	6.416765e-08	1.800000e+00	1.800000e+00	0.000000e+00	
938	6.426765e-08	1.800000e+00	1.800000e+00	0.000000e+00	
939	6.436765e-08	1.800000e+00	1.800000e+00	0.000000e+00	
940	6.446765e-08	1.800000e+00	1.800000e+00	0.000000e+00	
941	6.456765e-08	1.800000e+00	1.800000e+00	0.000000e+00	
942	6.466765e-08	1.800000e+00	1.800000e+00	0.000000e+00	
943	6.476765e-08	1.800000e+00	1.800000e+00	0.000000e+00	
944	6.486765e-08	1.800000e+00	1.800000e+00	0.000000e+00	
945	6.496765e-08	1.800000e+00	1.800000e+00	0.000000e+00	
946	6.506765e-08	1.800000e+00	1.800000e+00	0.000000e+00	
947	6.516765e-08	1.800000e+00	1.800000e+00	0.000000e+00	
948	6.526765e-08	1.800000e+00	1.800000e+00	0.000000e+00	
949	6.536765e-08	1.800000e+00	1.800000e+00	0.000000e+00	
950	6.546765e-08	1.800000e+00	1.800000e+00	0.000000e+00	
951	6.556765e-08	1.800000e+00	1.800000e+00	0.000000e+00	
952	6.566765e-08	1.800000e+00	1.800000e+00	0.000000e+00	
953	6.576765e-08	1.800000e+00	1.800000e+00	0.000000e+00	
954	6.586765e-08	1.800000e+00	1.800000e+00	0.000000e+00	
955	6.596765e-08	1.800000e+00	1.800000e+00	0.000000e+00	
956	6.606765e-08	1.800000e+00	1.800000e+00	0.000000e+00	
957	6.616765e-08	1.800000e+00	1.800000e+00	0.000000e+00	
958	6.626765e-08	1.800000e+00	1.800000e+00	0.000000e+00	
959	6.636765e-08	1.800000e+00	1.800000e+00	0.000000e+00	
960	6.646765e-08	1.800000e+00	1.800000e+00	0.000000e+00	
961	6.656765e-08	1.800000e+00	1.800000e+00	0.000000e+00	
962	6.666765e-08	1.800000e+00	1.800000e+00	0.000000e+00	
963	6.676765e-08	1.800000e+00	1.800000e+00	0.000000e+00	
964	6.686765e-08	1.800000e+00	1.800000e+00	0.000000e+00	
965	6.696765e-08	1.800000e+00	1.800000e+00	0.000000e+00	
966	6.706765e-08	1.800000e+00	1.800000e+00	0.000000e+00	
967	6.716765e-08	1.800000e+00	1.800000e+00	0.000000e+00	
968	6.726765e-08	1.800000e+00	1.800000e+00	0.000000e+00	
969	6.736765e-08	1.800000e+00	1.800000e+00	0.000000e+00	
970	6.746765e-08	1.800000e+00	1.800000e+00	0.000000e+00	
971	6.756765e-08	1.800000e+00	1.800000e+00	0.000000e+00	
972	6.766765e-08	1.800000e+00	1.800000e+00	0.000000e+00	
973	6.776765e-08	1.800000e+00	1.800000e+00	0.000000e+00	
974	6.786765e-08	1.800000e+00	1.800000e+00	0.000000e+00	
975	6.796765e-08	1.800000e+00	1.800000e+00	0.000000e+00	
976	6.806765e-08	1.800000e+00	1.800000e+00	0.000000e+00	
977	6.816765e-08	1.800000e+00	1.800000e+00	0.000000e+00	
978	6.826765e-08	1.800000e+00	1.800000e+00	0.000000e+00	
979	6.836765e-08	1.800000e+00	1.800000e+00	0.000000e+00	
980	6.846765e-08	1.800000e+00	1.800000e+00	0.000000e+00	
981	6.856765e-08	1.800000e+00	1.800000e+00	0.000000e+00	
982	6.866765e-08	1.800000e+00	1.800000e+00	0.000000e+00	

Index   time            v(a)            v(b)            v(cin)          
--------------------------------------------------------------------------------
983	6.876765e-08	1.800000e+00	1.800000e+00	0.000000e+00	
984	6.886765e-08	1.800000e+00	1.800000e+00	0.000000e+00	
985	6.896765e-08	1.800000e+00	1.800000e+00	0.000000e+00	
986	6.900000e-08	1.800000e+00	1.800000e+00	0.000000e+00	
987	6.901000e-08	1.800000e+00	1.800000e+00	0.000000e+00	
988	6.903000e-08	1.800000e+00	1.800000e+00	0.000000e+00	
989	6.907000e-08	1.800000e+00	1.800000e+00	0.000000e+00	
990	6.915000e-08	1.800000e+00	1.800000e+00	0.000000e+00	
991	6.925000e-08	1.800000e+00	1.800000e+00	0.000000e+00	
992	6.935000e-08	1.800000e+00	1.800000e+00	0.000000e+00	
993	6.945000e-08	1.800000e+00	1.800000e+00	0.000000e+00	
994	6.955000e-08	1.800000e+00	1.800000e+00	0.000000e+00	
995	6.965000e-08	1.800000e+00	1.800000e+00	0.000000e+00	
996	6.975000e-08	1.800000e+00	1.800000e+00	0.000000e+00	
997	6.985000e-08	1.800000e+00	1.800000e+00	0.000000e+00	
998	6.995000e-08	1.800000e+00	1.800000e+00	0.000000e+00	
999	7.000000e-08	1.800000e+00	1.800000e+00	2.382280e-14	
1000	7.000467e-08	1.800000e+00	1.800000e+00	8.400000e-03	
1001	7.001400e-08	1.800000e+00	1.800000e+00	2.520000e-02	
1002	7.003267e-08	1.800000e+00	1.800000e+00	5.880000e-02	
1003	7.007000e-08	1.800000e+00	1.800000e+00	1.260000e-01	
1004	7.014467e-08	1.800000e+00	1.800000e+00	2.604000e-01	
1005	7.022596e-08	1.800000e+00	1.800000e+00	4.067309e-01	
1006	7.030667e-08	1.800000e+00	1.800000e+00	5.520080e-01	
1007	7.036720e-08	1.800000e+00	1.800000e+00	6.609542e-01	
1008	7.043412e-08	1.800000e+00	1.800000e+00	7.814187e-01	
1009	7.047524e-08	1.800000e+00	1.800000e+00	8.554409e-01	
1010	7.051029e-08	1.800000e+00	1.800000e+00	9.185218e-01	
1011	7.052664e-08	1.800000e+00	1.800000e+00	9.479610e-01	
1012	7.054013e-08	1.800000e+00	1.800000e+00	9.722339e-01	
1013	7.055252e-08	1.800000e+00	1.800000e+00	9.945394e-01	
1014	7.056266e-08	1.800000e+00	1.800000e+00	1.012789e+00	
1015	7.057317e-08	1.800000e+00	1.800000e+00	1.031711e+00	
1016	7.058285e-08	1.800000e+00	1.800000e+00	1.049131e+00	
1017	7.059206e-08	1.800000e+00	1.800000e+00	1.065710e+00	
1018	7.060337e-08	1.800000e+00	1.800000e+00	1.086064e+00	
1019	7.061374e-08	1.800000e+00	1.800000e+00	1.104731e+00	
1020	7.062544e-08	1.800000e+00	1.800000e+00	1.125794e+00	
1021	7.063798e-08	1.800000e+00	1.800000e+00	1.148368e+00	
1022	7.065327e-08	1.800000e+00	1.800000e+00	1.175878e+00	
1023	7.066858e-08	1.800000e+00	1.800000e+00	1.203440e+00	
1024	7.068349e-08	1.800000e+00	1.800000e+00	1.230276e+00	
1025	7.071330e-08	1.800000e+00	1.800000e+00	1.283947e+00	
1026	7.074747e-08	1.800000e+00	1.800000e+00	1.345444e+00	
1027	7.078431e-08	1.800000e+00	1.800000e+00	1.411761e+00	
1028	7.082790e-08	1.800000e+00	1.800000e+00	1.490216e+00	
1029	7.088465e-08	1.800000e+00	1.800000e+00	1.592362e+00	
1030	7.096465e-08	1.800000e+00	1.800000e+00	1.736375e+00	
1031	7.100000e-08	1.800000e+00	1.800000e+00	1.800000e+00	
1032	7.100846e-08	1.800000e+00	1.800000e+00	1.800000e+00	
1033	7.102538e-08	1.800000e+00	1.800000e+00	1.800000e+00	
1034	7.105201e-08	1.800000e+00	1.800000e+00	1.800000e+00	
1035	7.110527e-08	1.800000e+00	1.800000e+00	1.800000e+00	
1036	7.118175e-08	1.800000e+00	1.800000e+00	1.800000e+00	
1037	7.128175e-08	1.800000e+00	1.800000e+00	1.800000e+00	
1038	7.138175e-08	1.800000e+00	1.800000e+00	1.800000e+00	
1039	7.148175e-08	1.800000e+00	1.800000e+00	1.800000e+00	
1040	7.158175e-08	1.800000e+00	1.800000e+00	1.800000e+00	

Index   time            v(a)            v(b)            v(cin)          
--------------------------------------------------------------------------------
1041	7.168175e-08	1.800000e+00	1.800000e+00	1.800000e+00	
1042	7.178175e-08	1.800000e+00	1.800000e+00	1.800000e+00	
1043	7.188175e-08	1.800000e+00	1.800000e+00	1.800000e+00	
1044	7.198175e-08	1.800000e+00	1.800000e+00	1.800000e+00	
1045	7.208175e-08	1.800000e+00	1.800000e+00	1.800000e+00	
1046	7.218175e-08	1.800000e+00	1.800000e+00	1.800000e+00	
1047	7.228175e-08	1.800000e+00	1.800000e+00	1.800000e+00	
1048	7.238175e-08	1.800000e+00	1.800000e+00	1.800000e+00	
1049	7.248175e-08	1.800000e+00	1.800000e+00	1.800000e+00	
1050	7.258175e-08	1.800000e+00	1.800000e+00	1.800000e+00	
1051	7.268175e-08	1.800000e+00	1.800000e+00	1.800000e+00	
1052	7.278175e-08	1.800000e+00	1.800000e+00	1.800000e+00	
1053	7.288175e-08	1.800000e+00	1.800000e+00	1.800000e+00	
1054	7.298175e-08	1.800000e+00	1.800000e+00	1.800000e+00	
1055	7.308175e-08	1.800000e+00	1.800000e+00	1.800000e+00	
1056	7.318175e-08	1.800000e+00	1.800000e+00	1.800000e+00	
1057	7.328175e-08	1.800000e+00	1.800000e+00	1.800000e+00	
1058	7.338175e-08	1.800000e+00	1.800000e+00	1.800000e+00	
1059	7.348175e-08	1.800000e+00	1.800000e+00	1.800000e+00	
1060	7.358175e-08	1.800000e+00	1.800000e+00	1.800000e+00	
1061	7.368175e-08	1.800000e+00	1.800000e+00	1.800000e+00	
1062	7.378175e-08	1.800000e+00	1.800000e+00	1.800000e+00	
1063	7.388175e-08	1.800000e+00	1.800000e+00	1.800000e+00	
1064	7.398175e-08	1.800000e+00	1.800000e+00	1.800000e+00	
1065	7.408175e-08	1.800000e+00	1.800000e+00	1.800000e+00	
1066	7.418175e-08	1.800000e+00	1.800000e+00	1.800000e+00	
1067	7.428175e-08	1.800000e+00	1.800000e+00	1.800000e+00	
1068	7.438175e-08	1.800000e+00	1.800000e+00	1.800000e+00	
1069	7.448175e-08	1.800000e+00	1.800000e+00	1.800000e+00	
1070	7.458175e-08	1.800000e+00	1.800000e+00	1.800000e+00	
1071	7.468175e-08	1.800000e+00	1.800000e+00	1.800000e+00	
1072	7.478175e-08	1.800000e+00	1.800000e+00	1.800000e+00	
1073	7.488175e-08	1.800000e+00	1.800000e+00	1.800000e+00	
1074	7.498175e-08	1.800000e+00	1.800000e+00	1.800000e+00	
1075	7.508175e-08	1.800000e+00	1.800000e+00	1.800000e+00	
1076	7.518175e-08	1.800000e+00	1.800000e+00	1.800000e+00	
1077	7.528175e-08	1.800000e+00	1.800000e+00	1.800000e+00	
1078	7.538175e-08	1.800000e+00	1.800000e+00	1.800000e+00	
1079	7.548175e-08	1.800000e+00	1.800000e+00	1.800000e+00	
1080	7.558175e-08	1.800000e+00	1.800000e+00	1.800000e+00	
1081	7.568175e-08	1.800000e+00	1.800000e+00	1.800000e+00	
1082	7.578175e-08	1.800000e+00	1.800000e+00	1.800000e+00	
1083	7.588175e-08	1.800000e+00	1.800000e+00	1.800000e+00	
1084	7.598175e-08	1.800000e+00	1.800000e+00	1.800000e+00	
1085	7.608175e-08	1.800000e+00	1.800000e+00	1.800000e+00	
1086	7.618175e-08	1.800000e+00	1.800000e+00	1.800000e+00	
1087	7.628175e-08	1.800000e+00	1.800000e+00	1.800000e+00	
1088	7.638175e-08	1.800000e+00	1.800000e+00	1.800000e+00	
1089	7.648175e-08	1.800000e+00	1.800000e+00	1.800000e+00	
1090	7.658175e-08	1.800000e+00	1.800000e+00	1.800000e+00	
1091	7.668175e-08	1.800000e+00	1.800000e+00	1.800000e+00	
1092	7.678175e-08	1.800000e+00	1.800000e+00	1.800000e+00	
1093	7.688175e-08	1.800000e+00	1.800000e+00	1.800000e+00	
1094	7.698175e-08	1.800000e+00	1.800000e+00	1.800000e+00	
1095	7.708175e-08	1.800000e+00	1.800000e+00	1.800000e+00	
1096	7.718175e-08	1.800000e+00	1.800000e+00	1.800000e+00	
1097	7.728175e-08	1.800000e+00	1.800000e+00	1.800000e+00	
1098	7.738175e-08	1.800000e+00	1.800000e+00	1.800000e+00	

Index   time            v(a)            v(b)            v(cin)          
--------------------------------------------------------------------------------
1099	7.748175e-08	1.800000e+00	1.800000e+00	1.800000e+00	
1100	7.758175e-08	1.800000e+00	1.800000e+00	1.800000e+00	
1101	7.768175e-08	1.800000e+00	1.800000e+00	1.800000e+00	
1102	7.778175e-08	1.800000e+00	1.800000e+00	1.800000e+00	
1103	7.788175e-08	1.800000e+00	1.800000e+00	1.800000e+00	
1104	7.798175e-08	1.800000e+00	1.800000e+00	1.800000e+00	
1105	7.808175e-08	1.800000e+00	1.800000e+00	1.800000e+00	
1106	7.818175e-08	1.800000e+00	1.800000e+00	1.800000e+00	
1107	7.828175e-08	1.800000e+00	1.800000e+00	1.800000e+00	
1108	7.838175e-08	1.800000e+00	1.800000e+00	1.800000e+00	
1109	7.848175e-08	1.800000e+00	1.800000e+00	1.800000e+00	
1110	7.858175e-08	1.800000e+00	1.800000e+00	1.800000e+00	
1111	7.868175e-08	1.800000e+00	1.800000e+00	1.800000e+00	
1112	7.878175e-08	1.800000e+00	1.800000e+00	1.800000e+00	
1113	7.888175e-08	1.800000e+00	1.800000e+00	1.800000e+00	
1114	7.898175e-08	1.800000e+00	1.800000e+00	1.800000e+00	
1115	7.908175e-08	1.800000e+00	1.800000e+00	1.800000e+00	
1116	7.918175e-08	1.800000e+00	1.800000e+00	1.800000e+00	
1117	7.928175e-08	1.800000e+00	1.800000e+00	1.800000e+00	
1118	7.938175e-08	1.800000e+00	1.800000e+00	1.800000e+00	
1119	7.948175e-08	1.800000e+00	1.800000e+00	1.800000e+00	
1120	7.958175e-08	1.800000e+00	1.800000e+00	1.800000e+00	
1121	7.968175e-08	1.800000e+00	1.800000e+00	1.800000e+00	
1122	7.978175e-08	1.800000e+00	1.800000e+00	1.800000e+00	
1123	7.988175e-08	1.800000e+00	1.800000e+00	1.800000e+00	
1124	7.998175e-08	1.800000e+00	1.800000e+00	1.800000e+00	
1125	8.000000e-08	1.800000e+00	1.800000e+00	1.800000e+00	

                    * spdx-license-identifier: agpl-3.0-only
                    Transient Analysis  Sat Oct  3 20:06:56  2026
--------------------------------------------------------------------------------
Index   time            v(sum)          v(cout)         
--------------------------------------------------------------------------------
0	0.000000e+00	1.160256e-08	1.160256e-08	
1	1.000000e-12	1.160256e-08	1.160256e-08	
2	2.000000e-12	1.160256e-08	1.160256e-08	
3	4.000000e-12	1.160256e-08	1.160256e-08	
4	8.000000e-12	1.160256e-08	1.160256e-08	
5	1.600000e-11	1.160256e-08	1.160256e-08	
6	3.200000e-11	1.160256e-08	1.160256e-08	
7	6.400000e-11	1.160256e-08	1.160256e-08	
8	1.280000e-10	1.160256e-08	1.160256e-08	
9	2.280000e-10	1.160256e-08	1.160256e-08	
10	3.280000e-10	1.160256e-08	1.160256e-08	
11	4.280000e-10	1.160256e-08	1.160256e-08	
12	5.280000e-10	1.160256e-08	1.160256e-08	
13	6.280000e-10	1.160256e-08	1.160256e-08	
14	7.280000e-10	1.160256e-08	1.160256e-08	
15	8.280000e-10	1.160256e-08	1.160256e-08	
16	9.280000e-10	1.160256e-08	1.160256e-08	
17	1.028000e-09	1.160256e-08	1.160256e-08	
18	1.128000e-09	1.160256e-08	1.160256e-08	
19	1.228000e-09	1.160256e-08	1.160256e-08	
20	1.328000e-09	1.160256e-08	1.160256e-08	
21	1.428000e-09	1.160256e-08	1.160256e-08	
22	1.528000e-09	1.160256e-08	1.160256e-08	
23	1.628000e-09	1.160256e-08	1.160256e-08	
24	1.728000e-09	1.160256e-08	1.160256e-08	
25	1.828000e-09	1.160256e-08	1.160256e-08	
26	1.928000e-09	1.160256e-08	1.160256e-08	
27	2.028000e-09	1.160256e-08	1.160256e-08	
28	2.128000e-09	1.160256e-08	1.160256e-08	
29	2.228000e-09	1.160256e-08	1.160256e-08	
30	2.328000e-09	1.160256e-08	1.160256e-08	
31	2.428000e-09	1.160256e-08	1.160256e-08	
32	2.528000e-09	1.160256e-08	1.160256e-08	
33	2.628000e-09	1.160256e-08	1.160256e-08	
34	2.728000e-09	1.160256e-08	1.160256e-08	
35	2.828000e-09	1.160256e-08	1.160256e-08	
36	2.928000e-09	1.160256e-08	1.160256e-08	
37	3.028000e-09	1.160256e-08	1.160256e-08	
38	3.128000e-09	1.160256e-08	1.160256e-08	
39	3.228000e-09	1.160256e-08	1.160256e-08	
40	3.328000e-09	1.160256e-08	1.160256e-08	
41	3.428000e-09	1.160256e-08	1.160256e-08	
42	3.528000e-09	1.160256e-08	1.160256e-08	
43	3.628000e-09	1.160256e-08	1.160256e-08	
44	3.728000e-09	1.160256e-08	1.160256e-08	
45	3.828000e-09	1.160256e-08	1.160256e-08	
46	3.928000e-09	1.160256e-08	1.160256e-08	
47	4.028000e-09	1.160256e-08	1.160256e-08	
48	4.128000e-09	1.160256e-08	1.160256e-08	
49	4.228000e-09	1.160256e-08	1.160256e-08	
50	4.328000e-09	1.160256e-08	1.160256e-08	
51	4.428000e-09	1.160256e-08	1.160256e-08	
52	4.528000e-09	1.160256e-08	1.160256e-08	
53	4.628000e-09	1.160256e-08	1.160256e-08	
54	4.728000e-09	1.160256e-08	1.160256e-08	

Index   time            v(sum)          v(cout)         
--------------------------------------------------------------------------------
55	4.828000e-09	1.160256e-08	1.160256e-08	
56	4.928000e-09	1.160256e-08	1.160256e-08	
57	5.028000e-09	1.160256e-08	1.160256e-08	
58	5.128000e-09	1.160256e-08	1.160256e-08	
59	5.228000e-09	1.160256e-08	1.160256e-08	
60	5.328000e-09	1.160256e-08	1.160256e-08	
61	5.428000e-09	1.160256e-08	1.160256e-08	
62	5.528000e-09	1.160256e-08	1.160256e-08	
63	5.628000e-09	1.160256e-08	1.160256e-08	
64	5.728000e-09	1.160256e-08	1.160256e-08	
65	5.828000e-09	1.160256e-08	1.160256e-08	
66	5.928000e-09	1.160256e-08	1.160256e-08	
67	6.028000e-09	1.160256e-08	1.160256e-08	
68	6.128000e-09	1.160256e-08	1.160256e-08	
69	6.228000e-09	1.160256e-08	1.160256e-08	
70	6.328000e-09	1.160256e-08	1.160256e-08	
71	6.428000e-09	1.160256e-08	1.160256e-08	
72	6.528000e-09	1.160256e-08	1.160256e-08	
73	6.628000e-09	1.160256e-08	1.160256e-08	
74	6.728000e-09	1.160256e-08	1.160256e-08	
75	6.828000e-09	1.160256e-08	1.160256e-08	
76	6.928000e-09	1.160256e-08	1.160256e-08	
77	7.028000e-09	1.160256e-08	1.160256e-08	
78	7.128000e-09	1.160256e-08	1.160256e-08	
79	7.228000e-09	1.160256e-08	1.160256e-08	
80	7.328000e-09	1.160256e-08	1.160256e-08	
81	7.428000e-09	1.160256e-08	1.160256e-08	
82	7.528000e-09	1.160256e-08	1.160256e-08	
83	7.628000e-09	1.160256e-08	1.160256e-08	
84	7.728000e-09	1.160256e-08	1.160256e-08	
85	7.828000e-09	1.160256e-08	1.160256e-08	
86	7.928000e-09	1.160256e-08	1.160256e-08	
87	8.028000e-09	1.160256e-08	1.160256e-08	
88	8.128000e-09	1.160256e-08	1.160256e-08	
89	8.228000e-09	1.160256e-08	1.160256e-08	
90	8.328000e-09	1.160256e-08	1.160256e-08	
91	8.428000e-09	1.160256e-08	1.160256e-08	
92	8.528000e-09	1.160256e-08	1.160256e-08	
93	8.628000e-09	1.160256e-08	1.160256e-08	
94	8.728000e-09	1.160256e-08	1.160256e-08	
95	8.828000e-09	1.160256e-08	1.160256e-08	
96	8.928000e-09	1.160256e-08	1.160256e-08	
97	9.000000e-09	1.160256e-08	1.160256e-08	
98	9.010000e-09	1.160256e-08	1.160256e-08	
99	9.030000e-09	1.160256e-08	1.160256e-08	
100	9.070000e-09	1.160256e-08	1.160256e-08	
101	9.150000e-09	1.160256e-08	1.160256e-08	
102	9.250000e-09	1.160256e-08	1.160256e-08	
103	9.350000e-09	1.160256e-08	1.160256e-08	
104	9.450000e-09	1.160256e-08	1.160256e-08	
105	9.550000e-09	1.160256e-08	1.160256e-08	
106	9.650000e-09	1.160256e-08	1.160256e-08	
107	9.750000e-09	1.160256e-08	1.160256e-08	
108	9.850000e-09	1.160256e-08	1.160256e-08	
109	9.950000e-09	1.160256e-08	1.160256e-08	
110	1.000000e-08	1.160256e-08	1.160256e-08	
111	1.000467e-08	8.552925e-06	3.110235e-08	
112	1.001400e-08	1.902805e-05	1.986746e-08	

Index   time            v(sum)          v(cout)         
--------------------------------------------------------------------------------
113	1.003267e-08	1.852327e-05	-8.43829e-09	
114	1.007000e-08	5.906967e-06	6.760394e-09	
115	1.014467e-08	-1.74487e-06	1.724040e-08	
116	1.023256e-08	2.352795e-07	1.217968e-08	
117	1.030953e-08	-2.18995e-05	1.108192e-08	
118	1.038391e-08	-2.99334e-04	1.146207e-08	
119	1.046515e-08	-1.31200e-03	1.163883e-08	
120	1.050085e-08	-3.33268e-03	1.163121e-08	
121	1.052414e-08	4.767235e-03	1.162452e-08	
122	1.053947e-08	2.891064e-02	1.163755e-08	
123	1.055132e-08	7.335979e-02	1.166943e-08	
124	1.056356e-08	1.643954e-01	1.165048e-08	
125	1.057231e-08	2.617458e-01	1.145117e-08	
126	1.058222e-08	3.984310e-01	1.131134e-08	
127	1.059269e-08	5.637068e-01	1.147451e-08	
128	1.060337e-08	7.408089e-01	1.164278e-08	
129	1.061432e-08	9.185840e-01	1.171122e-08	
130	1.062575e-08	1.093804e+00	1.166204e-08	
131	1.063879e-08	1.275407e+00	1.172112e-08	
132	1.065612e-08	1.467092e+00	1.214277e-08	
133	1.067441e-08	1.606191e+00	1.162848e-08	
134	1.069862e-08	1.714504e+00	1.111954e-08	
135	1.073229e-08	1.782029e+00	1.116249e-08	
136	1.078495e-08	1.810409e+00	1.089395e-08	
137	1.083390e-08	1.808958e+00	1.208446e-08	
138	1.091398e-08	1.802991e+00	1.250300e-08	
139	1.100000e-08	1.800240e+00	1.159692e-08	
140	1.101000e-08	1.800131e+00	1.278458e-08	
141	1.103000e-08	1.800015e+00	9.748167e-09	
142	1.107000e-08	1.799947e+00	1.011261e-08	
143	1.112956e-08	1.799942e+00	1.224403e-08	
144	1.122833e-08	1.799957e+00	1.189697e-08	
145	1.132833e-08	1.799970e+00	1.153668e-08	
146	1.142833e-08	1.799977e+00	1.156777e-08	
147	1.152833e-08	1.799981e+00	1.160469e-08	
148	1.162833e-08	1.799984e+00	1.160627e-08	
149	1.172833e-08	1.799986e+00	1.160312e-08	
150	1.182833e-08	1.799988e+00	1.160237e-08	
151	1.192833e-08	1.799989e+00	1.160247e-08	
152	1.202833e-08	1.799991e+00	1.160256e-08	
153	1.212833e-08	1.799992e+00	1.160257e-08	
154	1.222833e-08	1.799993e+00	1.160257e-08	
155	1.232833e-08	1.799993e+00	1.160256e-08	
156	1.242833e-08	1.799994e+00	1.160256e-08	
157	1.252833e-08	1.799994e+00	1.160256e-08	
158	1.262833e-08	1.799995e+00	1.160256e-08	
159	1.272833e-08	1.799995e+00	1.160256e-08	
160	1.282833e-08	1.799996e+00	1.160256e-08	
161	1.292833e-08	1.799996e+00	1.160256e-08	
162	1.302833e-08	1.799996e+00	1.160256e-08	
163	1.312833e-08	1.799997e+00	1.160256e-08	
164	1.322833e-08	1.799997e+00	1.160256e-08	
165	1.332833e-08	1.799997e+00	1.160256e-08	
166	1.342833e-08	1.799997e+00	1.160256e-08	
167	1.352833e-08	1.799997e+00	1.160256e-08	
168	1.362833e-08	1.799998e+00	1.160256e-08	
169	1.372833e-08	1.799998e+00	1.160256e-08	
170	1.382833e-08	1.799998e+00	1.160256e-08	

Index   time            v(sum)          v(cout)         
--------------------------------------------------------------------------------
171	1.392833e-08	1.799998e+00	1.160256e-08	
172	1.402833e-08	1.799998e+00	1.160256e-08	
173	1.412833e-08	1.799998e+00	1.160256e-08	
174	1.422833e-08	1.799998e+00	1.160256e-08	
175	1.432833e-08	1.799998e+00	1.160256e-08	
176	1.442833e-08	1.799998e+00	1.160256e-08	
177	1.452833e-08	1.799998e+00	1.160256e-08	
178	1.462833e-08	1.799999e+00	1.160256e-08	
179	1.472833e-08	1.799999e+00	1.160256e-08	
180	1.482833e-08	1.799999e+00	1.160256e-08	
181	1.492833e-08	1.799999e+00	1.160256e-08	
182	1.502833e-08	1.799999e+00	1.160256e-08	
183	1.512833e-08	1.799999e+00	1.160256e-08	
184	1.522833e-08	1.799999e+00	1.160256e-08	
185	1.532833e-08	1.799999e+00	1.160256e-08	
186	1.542833e-08	1.799999e+00	1.160256e-08	
187	1.552833e-08	1.799999e+00	1.160256e-08	
188	1.562833e-08	1.799999e+00	1.160256e-08	
189	1.572833e-08	1.799999e+00	1.160256e-08	
190	1.582833e-08	1.799999e+00	1.160256e-08	
191	1.592833e-08	1.799999e+00	1.160256e-08	
192	1.602833e-08	1.799999e+00	1.160256e-08	
193	1.612833e-08	1.799999e+00	1.160256e-08	
194	1.622833e-08	1.799999e+00	1.160256e-08	
195	1.632833e-08	1.799999e+00	1.160256e-08	
196	1.642833e-08	1.799999e+00	1.160256e-08	
197	1.652833e-08	1.799999e+00	1.160256e-08	
198	1.662833e-08	1.799999e+00	1.160256e-08	
199	1.672833e-08	1.799999e+00	1.160256e-08	
200	1.682833e-08	1.799999e+00	1.160256e-08	
201	1.692833e-08	1.799999e+00	1.160256e-08	
202	1.702833e-08	1.799999e+00	1.160256e-08	
203	1.712833e-08	1.799999e+00	1.160256e-08	
204	1.722833e-08	1.799999e+00	1.160256e-08	
205	1.732833e-08	1.799999e+00	1.160256e-08	
206	1.742833e-08	1.799999e+00	1.160256e-08	
207	1.752833e-08	1.799999e+00	1.160256e-08	
208	1.762833e-08	1.799999e+00	1.160256e-08	
209	1.772833e-08	1.799999e+00	1.160256e-08	
210	1.782833e-08	1.800000e+00	1.160256e-08	
211	1.792833e-08	1.800000e+00	1.160256e-08	
212	1.802833e-08	1.800000e+00	1.160256e-08	
213	1.812833e-08	1.800000e+00	1.160256e-08	
214	1.822833e-08	1.800000e+00	1.160256e-08	
215	1.832833e-08	1.800000e+00	1.160256e-08	
216	1.842833e-08	1.800000e+00	1.160256e-08	
217	1.852833e-08	1.800000e+00	1.160256e-08	
218	1.862833e-08	1.800000e+00	1.160256e-08	
219	1.872833e-08	1.800000e+00	1.160256e-08	
220	1.882833e-08	1.800000e+00	1.160256e-08	
221	1.892833e-08	1.800000e+00	1.160256e-08	
222	1.900000e-08	1.800000e+00	1.160256e-08	
223	1.901000e-08	1.800000e+00	1.160256e-08	
224	1.903000e-08	1.800000e+00	1.160256e-08	
225	1.907000e-08	1.800000e+00	1.160256e-08	
226	1.915000e-08	1.800000e+00	1.160256e-08	
227	1.925000e-08	1.800000e+00	1.160256e-08	
228	1.935000e-08	1.800000e+00	1.160256e-08	

Index   time            v(sum)          v(cout)         
--------------------------------------------------------------------------------
229	1.945000e-08	1.800000e+00	1.160256e-08	
230	1.955000e-08	1.800000e+00	1.160256e-08	
231	1.965000e-08	1.800000e+00	1.160256e-08	
232	1.975000e-08	1.800000e+00	1.160256e-08	
233	1.985000e-08	1.800000e+00	1.160256e-08	
234	1.995000e-08	1.800000e+00	1.160256e-08	
235	2.000000e-08	1.800000e+00	1.160256e-08	
236	2.000467e-08	1.799974e+00	7.924169e-08	
237	2.001400e-08	1.799949e+00	2.624617e-08	
238	2.003267e-08	1.799953e+00	-5.25298e-08	
239	2.006731e-08	1.799982e+00	-1.04179e-09	
240	2.012276e-08	1.800002e+00	2.836943e-08	
241	2.019812e-08	1.800003e+00	1.380571e-08	
242	2.020873e-08	1.800001e+00	1.091239e-08	
243	2.022996e-08	1.799999e+00	1.084805e-08	
244	2.027241e-08	1.799997e+00	1.219617e-08	
245	2.032762e-08	1.800039e+00	1.233059e-08	
246	2.038300e-08	1.800183e+00	1.127799e-08	
247	2.044394e-08	1.800467e+00	1.086787e-08	
248	2.048052e-08	1.800751e+00	1.140869e-08	
249	2.050507e-08	1.801042e+00	1.157479e-08	
250	2.053131e-08	1.801541e+00	1.729653e-08	
251	2.054596e-08	1.801982e+00	3.088358e-08	
252	2.055686e-08	1.802457e+00	6.705046e-08	
253	2.056778e-08	1.803162e+00	9.170426e-08	
254	2.057660e-08	1.804044e+00	5.923152e-08	
255	2.058598e-08	1.805383e+00	-1.94549e-07	
256	2.059496e-08	1.807011e+00	-9.11542e-07	
257	2.060421e-08	1.807884e+00	-1.36432e-06	
258	2.060980e-08	1.803497e+00	-1.62086e-06	
259	2.061501e-08	1.795615e+00	-1.59183e-06	
260	2.061905e-08	1.789842e+00	-7.91516e-07	
261	2.062436e-08	1.784833e+00	9.291994e-07	
262	2.062872e-08	1.783235e+00	2.306259e-06	
263	2.063326e-08	1.783583e+00	3.208563e-06	
264	2.063856e-08	1.785747e+00	3.389574e-06	
265	2.064413e-08	1.788658e+00	2.802143e-06	
266	2.064843e-08	1.791090e+00	2.032029e-06	
267	2.065307e-08	1.793987e+00	1.122625e-06	
268	2.065707e-08	1.796503e+00	4.005401e-07	
269	2.066103e-08	1.798847e+00	-1.90670e-07	
270	2.066573e-08	1.801163e+00	-6.98577e-07	
271	2.067068e-08	1.802784e+00	-1.01782e-06	
272	2.067780e-08	1.803694e+00	-1.18235e-06	
273	2.068808e-08	1.803212e+00	-1.06241e-06	
274	2.070188e-08	1.802050e+00	-6.64439e-07	
275	2.071532e-08	1.801291e+00	-2.82402e-07	
276	2.073916e-08	1.800516e+00	9.229942e-08	
277	2.076803e-08	1.800113e+00	1.950146e-07	
278	2.079459e-08	1.799995e+00	1.458647e-07	
279	2.083414e-08	1.799962e+00	5.215148e-08	
280	2.088808e-08	1.799975e+00	-2.68494e-09	
281	2.096055e-08	1.799992e+00	-1.72477e-09	
282	2.100000e-08	1.799997e+00	5.736148e-09	
283	2.100443e-08	1.799998e+00	3.259232e-08	
284	2.101328e-08	1.799999e+00	2.423626e-08	
285	2.103100e-08	1.799999e+00	-2.00511e-08	
286	2.106436e-08	1.799999e+00	-3.19191e-09	

Index   time            v(sum)          v(cout)         
--------------------------------------------------------------------------------
287	2.111773e-08	1.800000e+00	2.180290e-08	
288	2.121773e-08	1.800000e+00	1.455388e-08	
289	2.131773e-08	1.800000e+00	1.046322e-08	
290	2.141773e-08	1.800000e+00	1.119155e-08	
291	2.151773e-08	1.800000e+00	1.165760e-08	
292	2.161773e-08	1.800000e+00	1.165285e-08	
293	2.171773e-08	1.800000e+00	1.160879e-08	
294	2.181773e-08	1.800000e+00	1.159982e-08	
295	2.191773e-08	1.800000e+00	1.160140e-08	
296	2.201773e-08	1.800000e+00	1.160249e-08	
297	2.211773e-08	1.800000e+00	1.160264e-08	
298	2.221773e-08	1.800000e+00	1.160260e-08	
299	2.231773e-08	1.800000e+00	1.160257e-08	
300	2.241773e-08	1.800000e+00	1.160257e-08	
301	2.251773e-08	1.800000e+00	1.160257e-08	
302	2.261773e-08	1.800000e+00	1.160257e-08	
303	2.271773e-08	1.800000e+00	1.160257e-08	
304	2.281773e-08	1.800000e+00	1.160257e-08	
305	2.291773e-08	1.800000e+00	1.160257e-08	
306	2.301773e-08	1.800000e+00	1.160257e-08	
307	2.311773e-08	1.800000e+00	1.160257e-08	
308	2.321773e-08	1.800000e+00	1.160257e-08	
309	2.331773e-08	1.800000e+00	1.160256e-08	
310	2.341773e-08	1.800000e+00	1.160256e-08	
311	2.351773e-08	1.800000e+00	1.160256e-08	
312	2.361773e-08	1.800000e+00	1.160256e-08	
313	2.371773e-08	1.800000e+00	1.160256e-08	
314	2.381773e-08	1.800000e+00	1.160256e-08	
315	2.391773e-08	1.800000e+00	1.160256e-08	
316	2.401773e-08	1.800000e+00	1.160256e-08	
317	2.411773e-08	1.800000e+00	1.160256e-08	
318	2.421773e-08	1.800000e+00	1.160256e-08	
319	2.431773e-08	1.800000e+00	1.160256e-08	
320	2.441773e-08	1.800000e+00	1.160256e-08	
321	2.451773e-08	1.800000e+00	1.160256e-08	
322	2.461773e-08	1.800000e+00	1.160256e-08	
323	2.471773e-08	1.800000e+00	1.160256e-08	
324	2.481773e-08	1.800000e+00	1.160256e-08	
325	2.491773e-08	1.800000e+00	1.160256e-08	
326	2.501773e-08	1.800000e+00	1.160256e-08	
327	2.511773e-08	1.800000e+00	1.160256e-08	
328	2.521773e-08	1.800000e+00	1.160256e-08	
329	2.531773e-08	1.800000e+00	1.160256e-08	
330	2.541773e-08	1.800000e+00	1.160256e-08	
331	2.551773e-08	1.800000e+00	1.160256e-08	
332	2.561773e-08	1.800000e+00	1.160256e-08	
333	2.571773e-08	1.800000e+00	1.160256e-08	
334	2.581773e-08	1.800000e+00	1.160256e-08	
335	2.591773e-08	1.800000e+00	1.160256e-08	
336	2.601773e-08	1.800000e+00	1.160256e-08	
337	2.611773e-08	1.800000e+00	1.160256e-08	
338	2.621773e-08	1.800000e+00	1.160256e-08	
339	2.631773e-08	1.800000e+00	1.160256e-08	
340	2.641773e-08	1.800000e+00	1.160256e-08	
341	2.651773e-08	1.800000e+00	1.160256e-08	
342	2.661773e-08	1.800000e+00	1.160256e-08	
343	2.671773e-08	1.800000e+00	1.160256e-08	
344	2.681773e-08	1.800000e+00	1.160256e-08	

Index   time            v(sum)          v(cout)         
--------------------------------------------------------------------------------
345	2.691773e-08	1.800000e+00	1.160256e-08	
346	2.701773e-08	1.800000e+00	1.160256e-08	
347	2.711773e-08	1.800000e+00	1.160256e-08	
348	2.721773e-08	1.800000e+00	1.160256e-08	
349	2.731773e-08	1.800000e+00	1.160256e-08	
350	2.741773e-08	1.800000e+00	1.160256e-08	
351	2.751773e-08	1.800000e+00	1.160256e-08	
352	2.761773e-08	1.800000e+00	1.160256e-08	
353	2.771773e-08	1.800000e+00	1.160256e-08	
354	2.781773e-08	1.800000e+00	1.160256e-08	
355	2.791773e-08	1.800000e+00	1.160256e-08	
356	2.801773e-08	1.800000e+00	1.160256e-08	
357	2.811773e-08	1.800000e+00	1.160256e-08	
358	2.821773e-08	1.800000e+00	1.160256e-08	
359	2.831773e-08	1.800000e+00	1.160256e-08	
360	2.841773e-08	1.800000e+00	1.160256e-08	
361	2.851773e-08	1.800000e+00	1.160256e-08	
362	2.861773e-08	1.800000e+00	1.160256e-08	
363	2.871773e-08	1.800000e+00	1.160256e-08	
364	2.881773e-08	1.800000e+00	1.160256e-08	
365	2.891773e-08	1.800000e+00	1.160256e-08	
366	2.900000e-08	1.800000e+00	1.160256e-08	
367	2.901000e-08	1.800000e+00	1.160256e-08	
368	2.903000e-08	1.800000e+00	1.160256e-08	
369	2.907000e-08	1.800000e+00	1.160256e-08	
370	2.915000e-08	1.800000e+00	1.160256e-08	
371	2.925000e-08	1.800000e+00	1.160256e-08	
372	2.935000e-08	1.800000e+00	1.160256e-08	
373	2.945000e-08	1.800000e+00	1.160256e-08	
374	2.955000e-08	1.800000e+00	1.160256e-08	
375	2.965000e-08	1.800000e+00	1.160256e-08	
376	2.975000e-08	1.800000e+00	1.160256e-08	
377	2.985000e-08	1.800000e+00	1.160256e-08	
378	2.995000e-08	1.800000e+00	1.160256e-08	
379	3.000000e-08	1.800000e+00	1.160256e-08	
380	3.000467e-08	1.800000e+00	3.924771e-08	
381	3.001400e-08	1.800001e+00	3.025561e-08	
382	3.003267e-08	1.800000e+00	-1.48816e-08	
383	3.007000e-08	1.800000e+00	-1.30386e-09	
384	3.014467e-08	1.800000e+00	2.020471e-08	
385	3.023423e-08	1.800000e+00	1.358876e-08	
386	3.032803e-08	1.799999e+00	8.004642e-09	
387	3.038985e-08	1.799995e+00	-3.42245e-08	
388	3.043362e-08	1.799988e+00	-1.10905e-07	
389	3.046754e-08	1.799785e+00	-3.30944e-07	
390	3.048820e-08	1.799031e+00	-1.07706e-06	
391	3.050502e-08	1.797374e+00	9.284110e-06	
392	3.051717e-08	1.795926e+00	3.647902e-05	
393	3.052708e-08	1.795472e+00	8.684664e-05	
394	3.053849e-08	1.796630e+00	2.264864e-04	
395	3.054777e-08	1.799431e+00	3.096949e-04	
396	3.055505e-08	1.803243e+00	-1.93333e-04	
397	3.056139e-08	1.807845e+00	-2.13195e-03	
398	3.056562e-08	1.811318e+00	-4.88892e-03	
399	3.056902e-08	1.814004e+00	-8.01553e-03	
400	3.057248e-08	1.816509e+00	-1.02505e-02	
401	3.057516e-08	1.818265e+00	-9.05186e-03	
402	3.057815e-08	1.820086e+00	-2.02278e-03	

Index   time            v(sum)          v(cout)         
--------------------------------------------------------------------------------
403	3.058164e-08	1.821962e+00	1.632886e-02	
404	3.058470e-08	1.822649e+00	4.343570e-02	
405	3.058820e-08	1.820777e+00	8.698144e-02	
406	3.059088e-08	1.816286e+00	1.272330e-01	
407	3.059435e-08	1.804859e+00	1.844305e-01	
408	3.059804e-08	1.784005e+00	2.490390e-01	
409	3.060209e-08	1.747885e+00	3.222651e-01	
410	3.060623e-08	1.691264e+00	3.986707e-01	
411	3.061040e-08	1.614555e+00	4.762985e-01	
412	3.061499e-08	1.513447e+00	5.617605e-01	
413	3.061914e-08	1.410179e+00	6.382969e-01	
414	3.062498e-08	1.252089e+00	7.438280e-01	
415	3.063133e-08	1.072728e+00	8.544490e-01	
416	3.064402e-08	7.436028e-01	1.060572e+00	
417	3.065695e-08	4.786187e-01	1.249071e+00	
418	3.066913e-08	2.980433e-01	1.398388e+00	
419	3.068205e-08	1.706819e-01	1.521478e+00	
420	3.069747e-08	8.110612e-02	1.626245e+00	
421	3.070904e-08	4.463055e-02	1.680073e+00	
422	3.071889e-08	2.666317e-02	1.712977e+00	
423	3.072819e-08	1.640690e-02	1.735861e+00	
424	3.073888e-08	9.315134e-03	1.754986e+00	
425	3.074944e-08	5.277014e-03	1.768335e+00	
426	3.076386e-08	2.292236e-03	1.780587e+00	
427	3.077974e-08	7.848260e-04	1.788822e+00	
428	3.080182e-08	8.785098e-06	1.795048e+00	
429	3.082834e-08	-1.79048e-04	1.798359e+00	
430	3.086753e-08	-1.33646e-04	1.799950e+00	
431	3.092340e-08	-4.22318e-05	1.800241e+00	
432	3.100000e-08	2.199480e-06	1.800058e+00	
433	3.101000e-08	1.100721e-05	1.800009e+00	
434	3.103000e-08	2.763143e-05	1.799942e+00	
435	3.107000e-08	2.947767e-05	1.799890e+00	
436	3.114282e-08	8.369222e-06	1.799892e+00	
437	3.124246e-08	-2.72352e-06	1.799926e+00	
438	3.134246e-08	-1.94201e-06	1.799951e+00	
439	3.144246e-08	-3.30864e-07	1.799964e+00	
440	3.154246e-08	1.312694e-07	1.799972e+00	
441	3.164246e-08	1.222186e-07	1.799977e+00	
442	3.174246e-08	6.813144e-08	1.799981e+00	
443	3.184246e-08	4.536235e-08	1.799984e+00	
444	3.194246e-08	3.785703e-08	1.799986e+00	
445	3.204246e-08	3.367325e-08	1.799988e+00	
446	3.214246e-08	3.012789e-08	1.799989e+00	
447	3.224246e-08	2.713061e-08	1.799991e+00	
448	3.234246e-08	2.471074e-08	1.799992e+00	
449	3.244246e-08	2.277291e-08	1.799992e+00	
450	3.254246e-08	2.120435e-08	1.799993e+00	
451	3.264246e-08	1.991835e-08	1.799994e+00	
452	3.274246e-08	1.885290e-08	1.799994e+00	
453	3.284246e-08	1.796245e-08	1.799995e+00	
454	3.294246e-08	1.721246e-08	1.799995e+00	
455	3.304246e-08	1.657624e-08	1.799996e+00	
456	3.314246e-08	1.603297e-08	1.799996e+00	
457	3.324246e-08	1.556624e-08	1.799996e+00	
458	3.334246e-08	1.516299e-08	1.799997e+00	
459	3.344246e-08	1.481277e-08	1.799997e+00	
460	3.354246e-08	1.450712e-08	1.799997e+00	

Index   time            v(sum)          v(cout)         
--------------------------------------------------------------------------------
461	3.364246e-08	1.423916e-08	1.799997e+00	
462	3.374246e-08	1.400324e-08	1.799997e+00	
463	3.384246e-08	1.379470e-08	1.799998e+00	
464	3.394246e-08	1.360968e-08	1.799998e+00	
465	3.404246e-08	1.344495e-08	1.799998e+00	
466	3.414246e-08	1.329779e-08	1.799998e+00	
467	3.424246e-08	1.316592e-08	1.799998e+00	
468	3.434246e-08	1.304741e-08	1.799998e+00	
469	3.444246e-08	1.294059e-08	1.799998e+00	
470	3.454246e-08	1.284407e-08	1.799998e+00	
471	3.464246e-08	1.275662e-08	1.799998e+00	
472	3.474246e-08	1.267721e-08	1.799998e+00	
473	3.484246e-08	1.260493e-08	1.799999e+00	
474	3.494246e-08	1.253900e-08	1.799999e+00	
475	3.504246e-08	1.247873e-08	1.799999e+00	
476	3.514246e-08	1.242353e-08	1.799999e+00	
477	3.524246e-08	1.237288e-08	1.799999e+00	
478	3.534246e-08	1.232632e-08	1.799999e+00	
479	3.544246e-08	1.228343e-08	1.799999e+00	
480	3.554246e-08	1.224388e-08	1.799999e+00	
481	3.564246e-08	1.220733e-08	1.799999e+00	
482	3.574246e-08	1.217351e-08	1.799999e+00	
483	3.584246e-08	1.214216e-08	1.799999e+00	
484	3.594246e-08	1.211308e-08	1.799999e+00	
485	3.604246e-08	1.208604e-08	1.799999e+00	
486	3.614246e-08	1.206089e-08	1.799999e+00	
487	3.624246e-08	1.203745e-08	1.799999e+00	
488	3.634246e-08	1.201558e-08	1.799999e+00	
489	3.644246e-08	1.199516e-08	1.799999e+00	
490	3.654246e-08	1.197606e-08	1.799999e+00	
491	3.664246e-08	1.195819e-08	1.799999e+00	
492	3.674246e-08	1.194143e-08	1.799999e+00	
493	3.684246e-08	1.192571e-08	1.799999e+00	
494	3.694246e-08	1.191095e-08	1.799999e+00	
495	3.704246e-08	1.189708e-08	1.799999e+00	
496	3.714246e-08	1.188403e-08	1.799999e+00	
497	3.724246e-08	1.187173e-08	1.799999e+00	
498	3.734246e-08	1.186015e-08	1.799999e+00	
499	3.744246e-08	1.184922e-08	1.799999e+00	
500	3.754246e-08	1.183890e-08	1.799999e+00	
501	3.764246e-08	1.182914e-08	1.799999e+00	
502	3.774246e-08	1.181992e-08	1.799999e+00	
503	3.784246e-08	1.181119e-08	1.799999e+00	
504	3.794246e-08	1.180292e-08	1.799999e+00	
505	3.804246e-08	1.179509e-08	1.800000e+00	
506	3.814246e-08	1.178765e-08	1.800000e+00	
507	3.824246e-08	1.178060e-08	1.800000e+00	
508	3.834246e-08	1.177390e-08	1.800000e+00	
509	3.844246e-08	1.176753e-08	1.800000e+00	
510	3.854246e-08	1.176147e-08	1.800000e+00	
511	3.864246e-08	1.175571e-08	1.800000e+00	
512	3.874246e-08	1.175022e-08	1.800000e+00	
513	3.884246e-08	1.174499e-08	1.800000e+00	
514	3.894246e-08	1.174001e-08	1.800000e+00	
515	3.900000e-08	1.173726e-08	1.800000e+00	
516	3.901000e-08	1.173680e-08	1.800000e+00	
517	3.903000e-08	1.173589e-08	1.800000e+00	
518	3.907000e-08	1.173404e-08	1.800000e+00	

Index   time            v(sum)          v(cout)         
--------------------------------------------------------------------------------
519	3.915000e-08	1.173042e-08	1.800000e+00	
520	3.925000e-08	1.172608e-08	1.800000e+00	
521	3.935000e-08	1.172194e-08	1.800000e+00	
522	3.945000e-08	1.171800e-08	1.800000e+00	
523	3.955000e-08	1.171422e-08	1.800000e+00	
524	3.965000e-08	1.171061e-08	1.800000e+00	
525	3.975000e-08	1.170716e-08	1.800000e+00	
526	3.985000e-08	1.170385e-08	1.800000e+00	
527	3.995000e-08	1.170068e-08	1.800000e+00	
528	4.000000e-08	1.169915e-08	1.800000e+00	
529	4.000467e-08	-7.98427e-07	1.800000e+00	
530	4.001400e-08	-1.36872e-06	1.800000e+00	
531	4.003267e-08	-2.79751e-07	1.800000e+00	
532	4.006731e-08	7.872162e-07	1.800000e+00	
533	4.012347e-08	-3.33134e-07	1.800000e+00	
534	4.019932e-08	-4.17700e-06	1.800000e+00	
535	4.028456e-08	-5.90119e-06	1.800000e+00	
536	4.036366e-08	1.471511e-06	1.800000e+00	
537	4.044012e-08	9.005726e-06	1.800000e+00	
538	4.048416e-08	1.233587e-05	1.800000e+00	
539	4.051352e-08	1.611891e-05	1.800000e+00	
540	4.054314e-08	2.416036e-05	1.800000e+00	
541	4.056327e-08	3.504679e-05	1.800000e+00	
542	4.057987e-08	5.190667e-05	1.800000e+00	
543	4.059554e-08	8.005404e-05	1.800001e+00	
544	4.061195e-08	1.232878e-04	1.800001e+00	
545	4.062690e-08	1.620414e-04	1.800001e+00	
546	4.063890e-08	1.894174e-04	1.799999e+00	
547	4.064535e-08	2.034061e-04	1.799994e+00	
548	4.065122e-08	2.133005e-04	1.799986e+00	
549	4.065694e-08	2.075185e-04	1.799974e+00	
550	4.066156e-08	1.710581e-04	1.799961e+00	
551	4.066717e-08	2.872805e-05	1.799939e+00	
552	4.067273e-08	-3.20813e-04	1.799906e+00	
553	4.067988e-08	-1.33816e-03	1.799804e+00	
554	4.068493e-08	-2.62151e-03	1.799660e+00	
555	4.069083e-08	-4.99964e-03	1.799570e+00	
556	4.069554e-08	-7.84082e-03	1.800123e+00	
557	4.069896e-08	-1.07565e-02	1.801405e+00	
558	4.070271e-08	-1.49541e-02	1.804608e+00	
559	4.070618e-08	-1.95632e-02	1.809500e+00	
560	4.070918e-08	-2.34400e-02	1.814771e+00	
561	4.071284e-08	-2.56668e-02	1.822107e+00	
562	4.071683e-08	-2.18756e-02	1.829691e+00	
563	4.072069e-08	-9.41119e-03	1.831132e+00	
564	4.072481e-08	1.974272e-02	1.812043e+00	
565	4.072875e-08	6.371574e-02	1.762126e+00	
566	4.073297e-08	1.234230e-01	1.678297e+00	
567	4.073679e-08	1.873317e-01	1.586018e+00	
568	4.074080e-08	2.619850e-01	1.479271e+00	
569	4.074691e-08	3.858798e-01	1.305771e+00	
570	4.075271e-08	5.107720e-01	1.135389e+00	
571	4.075970e-08	6.636247e-01	9.366238e-01	
572	4.076783e-08	8.355373e-01	7.276537e-01	
573	4.077709e-08	1.015707e+00	5.278722e-01	
574	4.078814e-08	1.202136e+00	3.453510e-01	
575	4.080393e-08	1.410692e+00	1.744427e-01	
576	4.082000e-08	1.559355e+00	7.877615e-02	

Index   time            v(sum)          v(cout)         
--------------------------------------------------------------------------------
577	4.083138e-08	1.632195e+00	4.319395e-02	
578	4.084078e-08	1.676314e+00	2.625966e-02	
579	4.084978e-08	1.708000e+00	1.638852e-02	
580	4.086012e-08	1.734909e+00	9.484802e-03	
581	4.087058e-08	1.754384e+00	5.406742e-03	
582	4.088480e-08	1.772290e+00	2.382057e-03	
583	4.090066e-08	1.784497e+00	8.216117e-04	
584	4.092248e-08	1.793594e+00	2.045281e-05	
585	4.094882e-08	1.798387e+00	-1.79514e-04	
586	4.098732e-08	1.800553e+00	-1.35880e-04	
587	4.100000e-08	1.800519e+00	-9.03599e-05	
588	4.100257e-08	1.800479e+00	-8.05648e-05	
589	4.100772e-08	1.800405e+00	-6.35913e-05	
590	4.101800e-08	1.800287e+00	-3.90574e-05	
591	4.103857e-08	1.800136e+00	-1.24651e-05	
592	4.107971e-08	1.800008e+00	4.206924e-06	
593	4.114150e-08	1.799972e+00	4.923135e-06	
594	4.124150e-08	1.799984e+00	1.381759e-06	
595	4.134150e-08	1.799996e+00	5.227183e-08	
596	4.144150e-08	1.800000e+00	-8.66031e-08	
597	4.154150e-08	1.800000e+00	-2.32789e-08	
598	4.164150e-08	1.800000e+00	8.317075e-09	
599	4.174150e-08	1.800000e+00	1.336274e-08	
600	4.184150e-08	1.800000e+00	1.243690e-08	
601	4.194150e-08	1.800000e+00	1.172986e-08	
602	4.204150e-08	1.800000e+00	1.157630e-08	
603	4.214150e-08	1.800000e+00	1.158380e-08	
604	4.224150e-08	1.800000e+00	1.159863e-08	
605	4.234150e-08	1.800000e+00	1.160282e-08	
606	4.244150e-08	1.800000e+00	1.160298e-08	
607	4.254150e-08	1.800000e+00	1.160269e-08	
608	4.264150e-08	1.800000e+00	1.160258e-08	
609	4.274150e-08	1.800000e+00	1.160257e-08	
610	4.284150e-08	1.800000e+00	1.160257e-08	
611	4.294150e-08	1.800000e+00	1.160257e-08	
612	4.304150e-08	1.800000e+00	1.160257e-08	
613	4.314150e-08	1.800000e+00	1.160257e-08	
614	4.324150e-08	1.800000e+00	1.160257e-08	
615	4.334150e-08	1.800000e+00	1.160257e-08	
616	4.344150e-08	1.800000e+00	1.160257e-08	
617	4.354150e-08	1.800000e+00	1.160257e-08	
618	4.364150e-08	1.800000e+00	1.160257e-08	
619	4.374150e-08	1.800000e+00	1.160257e-08	
620	4.384150e-08	1.800000e+00	1.160257e-08	
621	4.394150e-08	1.800000e+00	1.160257e-08	
622	4.404150e-08	1.800000e+00	1.160257e-08	
623	4.414150e-08	1.800000e+00	1.160256e-08	
624	4.424150e-08	1.800000e+00	1.160256e-08	
625	4.434150e-08	1.800000e+00	1.160256e-08	
626	4.444150e-08	1.800000e+00	1.160256e-08	
627	4.454150e-08	1.800000e+00	1.160256e-08	
628	4.464150e-08	1.800000e+00	1.160256e-08	
629	4.474150e-08	1.800000e+00	1.160256e-08	
630	4.484150e-08	1.800000e+00	1.160256e-08	
631	4.494150e-08	1.800000e+00	1.160256e-08	
632	4.504150e-08	1.800000e+00	1.160256e-08	
633	4.514150e-08	1.800000e+00	1.160256e-08	
634	4.524150e-08	1.800000e+00	1.160256e-08	

Index   time            v(sum)          v(cout)         
--------------------------------------------------------------------------------
635	4.534150e-08	1.800000e+00	1.160256e-08	
636	4.544150e-08	1.800000e+00	1.160256e-08	
637	4.554150e-08	1.800000e+00	1.160256e-08	
638	4.564150e-08	1.800000e+00	1.160256e-08	
639	4.574150e-08	1.800000e+00	1.160256e-08	
640	4.584150e-08	1.800000e+00	1.160256e-08	
641	4.594150e-08	1.800000e+00	1.160256e-08	
642	4.604150e-08	1.800000e+00	1.160256e-08	
643	4.614150e-08	1.800000e+00	1.160256e-08	
644	4.624150e-08	1.800000e+00	1.160256e-08	
645	4.634150e-08	1.800000e+00	1.160256e-08	
646	4.644150e-08	1.800000e+00	1.160256e-08	
647	4.654150e-08	1.800000e+00	1.160256e-08	
648	4.664150e-08	1.800000e+00	1.160256e-08	
649	4.674150e-08	1.800000e+00	1.160256e-08	
650	4.684150e-08	1.800000e+00	1.160256e-08	
651	4.694150e-08	1.800000e+00	1.160256e-08	
652	4.704150e-08	1.800000e+00	1.160256e-08	
653	4.714150e-08	1.800000e+00	1.160256e-08	
654	4.724150e-08	1.800000e+00	1.160256e-08	
655	4.734150e-08	1.800000e+00	1.160256e-08	
656	4.744150e-08	1.800000e+00	1.160256e-08	
657	4.754150e-08	1.800000e+00	1.160256e-08	
658	4.764150e-08	1.800000e+00	1.160256e-08	
659	4.774150e-08	1.800000e+00	1.160256e-08	
660	4.784150e-08	1.800000e+00	1.160256e-08	
661	4.794150e-08	1.800000e+00	1.160256e-08	
662	4.804150e-08	1.800000e+00	1.160256e-08	
663	4.814150e-08	1.800000e+00	1.160256e-08	
664	4.824150e-08	1.800000e+00	1.160256e-08	
665	4.834150e-08	1.800000e+00	1.160256e-08	
666	4.844150e-08	1.800000e+00	1.160256e-08	
667	4.854150e-08	1.800000e+00	1.160256e-08	
668	4.864150e-08	1.800000e+00	1.160256e-08	
669	4.874150e-08	1.800000e+00	1.160256e-08	
670	4.884150e-08	1.800000e+00	1.160256e-08	
671	4.894150e-08	1.800000e+00	1.160256e-08	
672	4.900000e-08	1.800000e+00	1.160256e-08	
673	4.901000e-08	1.800000e+00	1.160256e-08	
674	4.903000e-08	1.800000e+00	1.160256e-08	
675	4.907000e-08	1.800000e+00	1.160256e-08	
676	4.915000e-08	1.800000e+00	1.160256e-08	
677	4.925000e-08	1.800000e+00	1.160256e-08	
678	4.935000e-08	1.800000e+00	1.160256e-08	
679	4.945000e-08	1.800000e+00	1.160256e-08	
680	4.955000e-08	1.800000e+00	1.160256e-08	
681	4.965000e-08	1.800000e+00	1.160256e-08	
682	4.975000e-08	1.800000e+00	1.160256e-08	
683	4.985000e-08	1.800000e+00	1.160256e-08	
684	4.995000e-08	1.800000e+00	1.160256e-08	
685	5.000000e-08	1.800000e+00	1.160256e-08	
686	5.000467e-08	1.800000e+00	3.924771e-08	
687	5.001400e-08	1.800001e+00	3.025561e-08	
688	5.003267e-08	1.800000e+00	-1.48816e-08	
689	5.007000e-08	1.800000e+00	-1.30386e-09	
690	5.014467e-08	1.800000e+00	2.020471e-08	
691	5.023423e-08	1.800000e+00	1.358876e-08	
692	5.032803e-08	1.799999e+00	8.004542e-09	

Index   time            v(sum)          v(cout)         
--------------------------------------------------------------------------------
693	5.038985e-08	1.799995e+00	-3.42242e-08	
694	5.043763e-08	1.799987e+00	-1.14687e-07	
695	5.047133e-08	1.799707e+00	-3.97059e-07	
696	5.049413e-08	1.798578e+00	8.657780e-08	
697	5.050776e-08	1.797000e+00	1.421165e-05	
698	5.051943e-08	1.795743e+00	4.652009e-05	
699	5.052915e-08	1.795588e+00	1.118500e-04	
700	5.053969e-08	1.796999e+00	2.614649e-04	
701	5.054993e-08	1.800636e+00	1.882568e-04	
702	5.055580e-08	1.804015e+00	-4.27354e-04	
703	5.056070e-08	1.807604e+00	-1.98133e-03	
704	5.056593e-08	1.811815e+00	-5.54301e-03	
705	5.056946e-08	1.814530e+00	-8.86320e-03	
706	5.057349e-08	1.817323e+00	-9.74939e-03	
707	5.057667e-08	1.819305e+00	-4.60742e-03	
708	5.058033e-08	1.821420e+00	1.097341e-02	
709	5.058311e-08	1.822519e+00	3.194993e-02	
710	5.058638e-08	1.822114e+00	6.851347e-02	
711	5.058906e-08	1.819419e+00	1.062449e-01	
712	5.059210e-08	1.812465e+00	1.545275e-01	
713	5.059549e-08	1.798394e+00	2.123859e-01	
714	5.059931e-08	1.772602e+00	2.805199e-01	
715	5.060312e-08	1.731043e+00	3.500407e-01	
716	5.060697e-08	1.670546e+00	4.214186e-01	
717	5.061011e-08	1.610675e+00	4.799397e-01	
718	5.061407e-08	1.523559e+00	5.537258e-01	
719	5.061835e-08	1.417994e+00	6.326811e-01	
720	5.062404e-08	1.264868e+00	7.356215e-01	
721	5.063033e-08	1.087120e+00	8.456797e-01	
722	5.064109e-08	8.014766e-01	1.022326e+00	
723	5.065225e-08	5.543217e-01	1.191461e+00	
724	5.066452e-08	3.497336e-01	1.352692e+00	
725	5.067708e-08	2.066722e-01	1.483793e+00	
726	5.069167e-08	1.048756e-01	1.595445e+00	
727	5.070327e-08	5.880964e-02	1.657952e+00	
728	5.071350e-08	3.482126e-02	1.697839e+00	
729	5.072321e-08	2.107427e-02	1.725577e+00	
730	5.073299e-08	1.265979e-02	1.746056e+00	
731	5.074356e-08	7.237247e-03	1.761996e+00	
732	5.075606e-08	3.626837e-03	1.775020e+00	
733	5.077110e-08	1.444721e-03	1.785077e+00	
734	5.078991e-08	3.017739e-04	1.792358e+00	
735	5.081377e-08	-1.27724e-04	1.796947e+00	
736	5.084576e-08	-1.74618e-04	1.799350e+00	
737	5.089140e-08	-8.71560e-05	1.800177e+00	
738	5.096589e-08	-9.74185e-06	1.800167e+00	
739	5.100000e-08	8.536015e-07	1.800020e+00	
740	5.100768e-08	7.439446e-06	1.799987e+00	
741	5.102305e-08	2.315036e-05	1.799939e+00	
742	5.104982e-08	3.296187e-05	1.799897e+00	
743	5.110335e-08	1.847946e-05	1.799885e+00	
744	5.120335e-08	-1.23987e-06	1.799915e+00	
745	5.130335e-08	-2.89393e-06	1.799943e+00	
746	5.140335e-08	-8.40856e-07	1.799960e+00	
747	5.150335e-08	5.832625e-08	1.799969e+00	
748	5.160335e-08	1.499964e-07	1.799975e+00	
749	5.170335e-08	8.601958e-08	1.799979e+00	
750	5.180335e-08	5.082068e-08	1.799982e+00	

Index   time            v(sum)          v(cout)         
--------------------------------------------------------------------------------
751	5.190335e-08	3.970764e-08	1.799985e+00	
752	5.200335e-08	3.501526e-08	1.799987e+00	
753	5.210335e-08	3.132514e-08	1.799989e+00	
754	5.220335e-08	2.812275e-08	1.799990e+00	
755	5.230335e-08	2.550101e-08	1.799991e+00	
756	5.240335e-08	2.340351e-08	1.799992e+00	
757	5.250335e-08	2.171462e-08	1.799993e+00	
758	5.260335e-08	2.033656e-08	1.799994e+00	
759	5.270335e-08	1.919912e-08	1.799994e+00	
760	5.280335e-08	1.825153e-08	1.799995e+00	
761	5.290335e-08	1.745570e-08	1.799995e+00	
762	5.300335e-08	1.678238e-08	1.799996e+00	
763	5.310335e-08	1.620883e-08	1.799996e+00	
764	5.320335e-08	1.571717e-08	1.799996e+00	
765	5.330335e-08	1.529327e-08	1.799996e+00	
766	5.340335e-08	1.492582e-08	1.799997e+00	
767	5.350335e-08	1.460569e-08	1.799997e+00	
768	5.360335e-08	1.432550e-08	1.799997e+00	
769	5.370335e-08	1.407919e-08	1.799997e+00	
770	5.380335e-08	1.386178e-08	1.799997e+00	
771	5.390335e-08	1.366915e-08	1.799998e+00	
772	5.400335e-08	1.349786e-08	1.799998e+00	
773	5.410335e-08	1.334502e-08	1.799998e+00	
774	5.420335e-08	1.320821e-08	1.799998e+00	
775	5.430335e-08	1.308539e-08	1.799998e+00	
776	5.440335e-08	1.297480e-08	1.799998e+00	
777	5.450335e-08	1.287496e-08	1.799998e+00	
778	5.460335e-08	1.278459e-08	1.799998e+00	
779	5.470335e-08	1.270259e-08	1.799998e+00	
780	5.480335e-08	1.262802e-08	1.799999e+00	
781	5.490335e-08	1.256005e-08	1.799999e+00	
782	5.500335e-08	1.249796e-08	1.799999e+00	
783	5.510335e-08	1.244113e-08	1.799999e+00	
784	5.520335e-08	1.238902e-08	1.799999e+00	
785	5.530335e-08	1.234115e-08	1.799999e+00	
786	5.540335e-08	1.229708e-08	1.799999e+00	
787	5.550335e-08	1.225646e-08	1.799999e+00	
788	5.560335e-08	1.221895e-08	1.799999e+00	
789	5.570335e-08	1.218426e-08	1.799999e+00	
790	5.580335e-08	1.215212e-08	1.799999e+00	
791	5.590335e-08	1.212231e-08	1.799999e+00	
792	5.600335e-08	1.209462e-08	1.799999e+00	
793	5.610335e-08	1.206887e-08	1.799999e+00	
794	5.620335e-08	1.204488e-08	1.799999e+00	
795	5.630335e-08	1.202252e-08	1.799999e+00	
796	5.640335e-08	1.200163e-08	1.799999e+00	
797	5.650335e-08	1.198211e-08	1.799999e+00	
798	5.660335e-08	1.196384e-08	1.799999e+00	
799	5.670335e-08	1.194673e-08	1.799999e+00	
800	5.680335e-08	1.193068e-08	1.799999e+00	
801	5.690335e-08	1.191562e-08	1.799999e+00	
802	5.700335e-08	1.190146e-08	1.799999e+00	
803	5.710335e-08	1.188815e-08	1.799999e+00	
804	5.720335e-08	1.187562e-08	1.799999e+00	
805	5.730335e-08	1.186380e-08	1.799999e+00	
806	5.740335e-08	1.185267e-08	1.799999e+00	
807	5.750335e-08	1.184215e-08	1.799999e+00	
808	5.760335e-08	1.183222e-08	1.799999e+00	

Index   time            v(sum)          v(cout)         
--------------------------------------------------------------------------------
809	5.770335e-08	1.182283e-08	1.799999e+00	
810	5.780335e-08	1.181394e-08	1.799999e+00	
811	5.790335e-08	1.180553e-08	1.799999e+00	
812	5.800335e-08	1.179755e-08	1.799999e+00	
813	5.810335e-08	1.178999e-08	1.800000e+00	
814	5.820335e-08	1.178282e-08	1.800000e+00	
815	5.830335e-08	1.177601e-08	1.800000e+00	
816	5.840335e-08	1.176953e-08	1.800000e+00	
817	5.850335e-08	1.176338e-08	1.800000e+00	
818	5.860335e-08	1.175752e-08	1.800000e+00	
819	5.870335e-08	1.175195e-08	1.800000e+00	
820	5.880335e-08	1.174664e-08	1.800000e+00	
821	5.890335e-08	1.174157e-08	1.800000e+00	
822	5.900000e-08	1.173691e-08	1.800000e+00	
823	5.901000e-08	1.173645e-08	1.800000e+00	
824	5.903000e-08	1.173554e-08	1.800000e+00	
825	5.907000e-08	1.173371e-08	1.800000e+00	
826	5.915000e-08	1.173010e-08	1.800000e+00	
827	5.925000e-08	1.172577e-08	1.800000e+00	
828	5.935000e-08	1.172165e-08	1.800000e+00	
829	5.945000e-08	1.171771e-08	1.800000e+00	
830	5.955000e-08	1.171395e-08	1.800000e+00	
831	5.965000e-08	1.171036e-08	1.800000e+00	
832	5.975000e-08	1.170691e-08	1.800000e+00	
833	5.985000e-08	1.170361e-08	1.800000e+00	
834	5.995000e-08	1.170045e-08	1.800000e+00	
835	6.000000e-08	1.169892e-08	1.800000e+00	
836	6.000467e-08	-7.85719e-07	1.800000e+00	
837	6.001400e-08	-1.36406e-06	1.800000e+00	
838	6.003267e-08	-2.96457e-07	1.800000e+00	
839	6.007000e-08	8.018771e-07	1.800000e+00	
840	6.014467e-08	-1.44151e-06	1.800000e+00	
841	6.023423e-08	-4.98939e-06	1.800000e+00	
842	6.032803e-08	-3.07812e-06	1.800000e+00	
843	6.038982e-08	4.469929e-06	1.800000e+00	
844	6.043356e-08	8.825116e-06	1.800000e+00	
845	6.046763e-08	1.098127e-05	1.800000e+00	
846	6.048831e-08	1.267856e-05	1.800000e+00	
847	6.050508e-08	1.475198e-05	1.800000e+00	
848	6.051725e-08	1.712590e-05	1.799997e+00	
849	6.052721e-08	2.006245e-05	1.799989e+00	
850	6.053869e-08	2.444035e-05	1.799927e+00	
851	6.054800e-08	2.845910e-05	1.799818e+00	
852	6.055493e-08	3.140449e-05	1.799822e+00	
853	6.056110e-08	3.340044e-05	1.799845e+00	
854	6.056499e-08	3.383156e-05	1.798406e+00	
855	6.056846e-08	3.324937e-05	1.793712e+00	
856	6.057198e-08	3.203302e-05	1.786902e+00	
857	6.057565e-08	3.085039e-05	1.780338e+00	
858	6.057976e-08	3.050273e-05	1.775339e+00	
859	6.058398e-08	3.149711e-05	1.773315e+00	
860	6.058878e-08	3.534201e-05	1.774255e+00	
861	6.059450e-08	4.537959e-05	1.778001e+00	
862	6.059855e-08	4.870547e-05	1.781404e+00	
863	6.060264e-08	3.930030e-05	1.784827e+00	
864	6.060685e-08	1.545645e-06	1.787974e+00	
865	6.061005e-08	-1.36112e-04	1.790030e+00	
866	6.061395e-08	-5.10359e-04	1.792139e+00	

Index   time            v(sum)          v(cout)         
--------------------------------------------------------------------------------
867	6.061826e-08	-9.51545e-04	1.793997e+00	
868	6.062242e-08	-1.16818e-03	1.795399e+00	
869	6.062662e-08	-1.04316e-03	1.796500e+00	
870	6.063084e-08	-6.23472e-04	1.797350e+00	
871	6.063452e-08	-1.23442e-04	1.797907e+00	
872	6.063861e-08	4.811179e-04	1.798349e+00	
873	6.064184e-08	9.466484e-04	1.798566e+00	
874	6.064562e-08	1.397330e-03	1.798654e+00	
875	6.064819e-08	1.583143e-03	1.798621e+00	
876	6.065133e-08	1.612897e-03	1.798600e+00	
877	6.065457e-08	1.595530e-03	1.799036e+00	
878	6.065787e-08	1.556700e-03	1.800520e+00	
879	6.066109e-08	1.337975e-03	1.803600e+00	
880	6.066406e-08	9.679393e-04	1.807816e+00	
881	6.066717e-08	4.911164e-04	1.812884e+00	
882	6.067014e-08	6.569846e-05	1.817821e+00	
883	6.067331e-08	-2.74835e-04	1.822627e+00	
884	6.067709e-08	-5.27618e-04	1.827277e+00	
885	6.068001e-08	-6.31148e-04	1.829760e+00	
886	6.068291e-08	-6.77791e-04	1.831344e+00	
887	6.068528e-08	-6.85780e-04	1.832423e+00	
888	6.068803e-08	-6.72210e-04	1.832879e+00	
889	6.069090e-08	-6.40500e-04	1.831942e+00	
890	6.069352e-08	-6.01530e-04	1.830205e+00	
891	6.069631e-08	-5.53895e-04	1.827815e+00	
892	6.069933e-08	-4.99035e-04	1.825139e+00	
893	6.070332e-08	-4.26825e-04	1.821964e+00	
894	6.070907e-08	-3.30123e-04	1.818067e+00	
895	6.072006e-08	-1.85013e-04	1.812365e+00	
896	6.073429e-08	-7.23036e-05	1.807443e+00	
897	6.074959e-08	-1.59079e-05	1.804221e+00	
898	6.076989e-08	8.834441e-06	1.801865e+00	
899	6.079737e-08	1.194169e-05	1.800443e+00	
900	6.084618e-08	6.287916e-06	1.799728e+00	
901	6.094379e-08	1.399638e-06	1.799713e+00	
902	6.100000e-08	1.040036e-06	1.799878e+00	
903	6.100556e-08	1.056108e-05	1.799897e+00	
904	6.101668e-08	2.024875e-05	1.799928e+00	
905	6.103892e-08	1.594778e-05	1.799968e+00	
906	6.108339e-08	1.667281e-06	1.799999e+00	
907	6.116765e-08	-3.68125e-06	1.800009e+00	
908	6.126765e-08	-1.37829e-06	1.800004e+00	
909	6.136765e-08	-7.95848e-08	1.800001e+00	
910	6.146765e-08	1.019800e-07	1.800000e+00	
911	6.156765e-08	4.720305e-08	1.800000e+00	
912	6.166765e-08	1.535809e-08	1.800000e+00	
913	6.176765e-08	9.896482e-09	1.800000e+00	
914	6.186765e-08	1.075178e-08	1.800000e+00	
915	6.196765e-08	1.146678e-08	1.800000e+00	
916	6.206765e-08	1.162780e-08	1.800000e+00	
917	6.216765e-08	1.162192e-08	1.800000e+00	
918	6.226765e-08	1.160688e-08	1.800000e+00	
919	6.236765e-08	1.160243e-08	1.800000e+00	
920	6.246765e-08	1.160220e-08	1.800000e+00	
921	6.256765e-08	1.160248e-08	1.800000e+00	
922	6.266765e-08	1.160259e-08	1.800000e+00	
923	6.276765e-08	1.160260e-08	1.800000e+00	
924	6.286765e-08	1.160259e-08	1.800000e+00	

Index   time            v(sum)          v(cout)         
--------------------------------------------------------------------------------
925	6.296765e-08	1.160258e-08	1.800000e+00	
926	6.306765e-08	1.160258e-08	1.800000e+00	
927	6.316765e-08	1.160257e-08	1.800000e+00	
928	6.326765e-08	1.160257e-08	1.800000e+00	
929	6.336765e-08	1.160257e-08	1.800000e+00	
930	6.346765e-08	1.160257e-08	1.800000e+00	
931	6.356765e-08	1.160257e-08	1.800000e+00	
932	6.366765e-08	1.160257e-08	1.800000e+00	
933	6.376765e-08	1.160257e-08	1.800000e+00	
934	6.386765e-08	1.160257e-08	1.800000e+00	
935	6.396765e-08	1.160257e-08	1.800000e+00	
936	6.406765e-08	1.160257e-08	1.800000e+00	
937	6.416765e-08	1.160257e-08	1.800000e+00	
938	6.426765e-08	1.160257e-08	1.800000e+00	
939	6.436765e-08	1.160257e-08	1.800000e+00	
940	6.446765e-08	1.160257e-08	1.800000e+00	
941	6.456765e-08	1.160257e-08	1.800000e+00	
942	6.466765e-08	1.160257e-08	1.800000e+00	
943	6.476765e-08	1.160257e-08	1.800000e+00	
944	6.486765e-08	1.160257e-08	1.800000e+00	
945	6.496765e-08	1.160256e-08	1.800000e+00	
946	6.506765e-08	1.160256e-08	1.800000e+00	
947	6.516765e-08	1.160256e-08	1.800000e+00	
948	6.526765e-08	1.160256e-08	1.800000e+00	
949	6.536765e-08	1.160256e-08	1.800000e+00	
950	6.546765e-08	1.160256e-08	1.800000e+00	
951	6.556765e-08	1.160256e-08	1.800000e+00	
952	6.566765e-08	1.160256e-08	1.800000e+00	
953	6.576765e-08	1.160256e-08	1.800000e+00	
954	6.586765e-08	1.160256e-08	1.800000e+00	
955	6.596765e-08	1.160256e-08	1.800000e+00	
956	6.606765e-08	1.160256e-08	1.800000e+00	
957	6.616765e-08	1.160256e-08	1.800000e+00	
958	6.626765e-08	1.160256e-08	1.800000e+00	
959	6.636765e-08	1.160256e-08	1.800000e+00	
960	6.646765e-08	1.160256e-08	1.800000e+00	
961	6.656765e-08	1.160256e-08	1.800000e+00	
962	6.666765e-08	1.160256e-08	1.800000e+00	
963	6.676765e-08	1.160256e-08	1.800000e+00	
964	6.686765e-08	1.160256e-08	1.800000e+00	
965	6.696765e-08	1.160256e-08	1.800000e+00	
966	6.706765e-08	1.160256e-08	1.800000e+00	
967	6.716765e-08	1.160256e-08	1.800000e+00	
968	6.726765e-08	1.160256e-08	1.800000e+00	
969	6.736765e-08	1.160256e-08	1.800000e+00	
970	6.746765e-08	1.160256e-08	1.800000e+00	
971	6.756765e-08	1.160256e-08	1.800000e+00	
972	6.766765e-08	1.160256e-08	1.800000e+00	
973	6.776765e-08	1.160256e-08	1.800000e+00	
974	6.786765e-08	1.160256e-08	1.800000e+00	
975	6.796765e-08	1.160256e-08	1.800000e+00	
976	6.806765e-08	1.160256e-08	1.800000e+00	
977	6.816765e-08	1.160256e-08	1.800000e+00	
978	6.826765e-08	1.160256e-08	1.800000e+00	
979	6.836765e-08	1.160256e-08	1.800000e+00	
980	6.846765e-08	1.160256e-08	1.800000e+00	
981	6.856765e-08	1.160256e-08	1.800000e+00	
982	6.866765e-08	1.160256e-08	1.800000e+00	

Index   time            v(sum)          v(cout)         
--------------------------------------------------------------------------------
983	6.876765e-08	1.160256e-08	1.800000e+00	
984	6.886765e-08	1.160256e-08	1.800000e+00	
985	6.896765e-08	1.160256e-08	1.800000e+00	
986	6.900000e-08	1.160256e-08	1.800000e+00	
987	6.901000e-08	1.160256e-08	1.800000e+00	
988	6.903000e-08	1.160256e-08	1.800000e+00	
989	6.907000e-08	1.160256e-08	1.800000e+00	
990	6.915000e-08	1.160256e-08	1.800000e+00	
991	6.925000e-08	1.160256e-08	1.800000e+00	
992	6.935000e-08	1.160256e-08	1.800000e+00	
993	6.945000e-08	1.160256e-08	1.800000e+00	
994	6.955000e-08	1.160256e-08	1.800000e+00	
995	6.965000e-08	1.160256e-08	1.800000e+00	
996	6.975000e-08	1.160256e-08	1.800000e+00	
997	6.985000e-08	1.160256e-08	1.800000e+00	
998	6.995000e-08	1.160256e-08	1.800000e+00	
999	7.000000e-08	1.160256e-08	1.800000e+00	
1000	7.000467e-08	8.556812e-06	1.800000e+00	
1001	7.001400e-08	1.902840e-05	1.800000e+00	
1002	7.003267e-08	1.851897e-05	1.800000e+00	
1003	7.007000e-08	5.906847e-06	1.800000e+00	
1004	7.014467e-08	-1.74360e-06	1.800000e+00	
1005	7.022596e-08	1.696491e-07	1.800000e+00	
1006	7.030667e-08	-1.73614e-05	1.800000e+00	
1007	7.036720e-08	-2.14510e-04	1.800000e+00	
1008	7.043412e-08	-7.52713e-04	1.800000e+00	
1009	7.047524e-08	-1.64293e-03	1.800000e+00	
1010	7.051029e-08	-2.89935e-03	1.800000e+00	
1011	7.052664e-08	4.085895e-03	1.800000e+00	
1012	7.054013e-08	2.406275e-02	1.800000e+00	
1013	7.055252e-08	6.879097e-02	1.800000e+00	
1014	7.056266e-08	1.398326e-01	1.800000e+00	
1015	7.057317e-08	2.529041e-01	1.800000e+00	
1016	7.058285e-08	3.856922e-01	1.800000e+00	
1017	7.059206e-08	5.299500e-01	1.800000e+00	
1018	7.060337e-08	7.172741e-01	1.800000e+00	
1019	7.061374e-08	8.870732e-01	1.800000e+00	
1020	7.062544e-08	1.068329e+00	1.800000e+00	
1021	7.063798e-08	1.246655e+00	1.800000e+00	
1022	7.065327e-08	1.426120e+00	1.800000e+00	
1023	7.066858e-08	1.558506e+00	1.800000e+00	
1024	7.068349e-08	1.647600e+00	1.800000e+00	
1025	7.071330e-08	1.748198e+00	1.800000e+00	
1026	7.074747e-08	1.792994e+00	1.800000e+00	
1027	7.078431e-08	1.805081e+00	1.800000e+00	
1028	7.082790e-08	1.805081e+00	1.800000e+00	
1029	7.088465e-08	1.802208e+00	1.800000e+00	
1030	7.096465e-08	1.800193e+00	1.800000e+00	
1031	7.100000e-08	1.799945e+00	1.800000e+00	
1032	7.100846e-08	1.799903e+00	1.800000e+00	
1033	7.102538e-08	1.799875e+00	1.800000e+00	
1034	7.105201e-08	1.799889e+00	1.800000e+00	
1035	7.110527e-08	1.799922e+00	1.800000e+00	
1036	7.118175e-08	1.799944e+00	1.800000e+00	
1037	7.128175e-08	1.799958e+00	1.800000e+00	
1038	7.138175e-08	1.799966e+00	1.800000e+00	
1039	7.148175e-08	1.799973e+00	1.800000e+00	
1040	7.158175e-08	1.799978e+00	1.800000e+00	

Index   time            v(sum)          v(cout)         
--------------------------------------------------------------------------------
1041	7.168175e-08	1.799981e+00	1.800000e+00	
1042	7.178175e-08	1.799984e+00	1.800000e+00	
1043	7.188175e-08	1.799986e+00	1.800000e+00	
1044	7.198175e-08	1.799988e+00	1.800000e+00	
1045	7.208175e-08	1.799990e+00	1.800000e+00	
1046	7.218175e-08	1.799991e+00	1.800000e+00	
1047	7.228175e-08	1.799992e+00	1.800000e+00	
1048	7.238175e-08	1.799993e+00	1.800000e+00	
1049	7.248175e-08	1.799993e+00	1.800000e+00	
1050	7.258175e-08	1.799994e+00	1.800000e+00	
1051	7.268175e-08	1.799995e+00	1.800000e+00	
1052	7.278175e-08	1.799995e+00	1.800000e+00	
1053	7.288175e-08	1.799995e+00	1.800000e+00	
1054	7.298175e-08	1.799996e+00	1.800000e+00	
1055	7.308175e-08	1.799996e+00	1.800000e+00	
1056	7.318175e-08	1.799996e+00	1.800000e+00	
1057	7.328175e-08	1.799997e+00	1.800000e+00	
1058	7.338175e-08	1.799997e+00	1.800000e+00	
1059	7.348175e-08	1.799997e+00	1.800000e+00	
1060	7.358175e-08	1.799997e+00	1.800000e+00	
1061	7.368175e-08	1.799997e+00	1.800000e+00	
1062	7.378175e-08	1.799998e+00	1.800000e+00	
1063	7.388175e-08	1.799998e+00	1.800000e+00	
1064	7.398175e-08	1.799998e+00	1.800000e+00	
1065	7.408175e-08	1.799998e+00	1.800000e+00	
1066	7.418175e-08	1.799998e+00	1.800000e+00	
1067	7.428175e-08	1.799998e+00	1.800000e+00	
1068	7.438175e-08	1.799998e+00	1.800000e+00	
1069	7.448175e-08	1.799998e+00	1.800000e+00	
1070	7.458175e-08	1.799998e+00	1.800000e+00	
1071	7.468175e-08	1.799998e+00	1.800000e+00	
1072	7.478175e-08	1.799999e+00	1.800000e+00	
1073	7.488175e-08	1.799999e+00	1.800000e+00	
1074	7.498175e-08	1.799999e+00	1.800000e+00	
1075	7.508175e-08	1.799999e+00	1.800000e+00	
1076	7.518175e-08	1.799999e+00	1.800000e+00	
1077	7.528175e-08	1.799999e+00	1.800000e+00	
1078	7.538175e-08	1.799999e+00	1.800000e+00	
1079	7.548175e-08	1.799999e+00	1.800000e+00	
1080	7.558175e-08	1.799999e+00	1.800000e+00	
1081	7.568175e-08	1.799999e+00	1.800000e+00	
1082	7.578175e-08	1.799999e+00	1.800000e+00	
1083	7.588175e-08	1.799999e+00	1.800000e+00	
1084	7.598175e-08	1.799999e+00	1.800000e+00	
1085	7.608175e-08	1.799999e+00	1.800000e+00	
1086	7.618175e-08	1.799999e+00	1.800000e+00	
1087	7.628175e-08	1.799999e+00	1.800000e+00	
1088	7.638175e-08	1.799999e+00	1.800000e+00	
1089	7.648175e-08	1.799999e+00	1.800000e+00	
1090	7.658175e-08	1.799999e+00	1.800000e+00	
1091	7.668175e-08	1.799999e+00	1.800000e+00	
1092	7.678175e-08	1.799999e+00	1.800000e+00	
1093	7.688175e-08	1.799999e+00	1.800000e+00	
1094	7.698175e-08	1.799999e+00	1.800000e+00	
1095	7.708175e-08	1.799999e+00	1.800000e+00	
1096	7.718175e-08	1.799999e+00	1.800000e+00	
1097	7.728175e-08	1.799999e+00	1.800000e+00	
1098	7.738175e-08	1.799999e+00	1.800000e+00	

Index   time            v(sum)          v(cout)         
--------------------------------------------------------------------------------
1099	7.748175e-08	1.799999e+00	1.800000e+00	
1100	7.758175e-08	1.799999e+00	1.800000e+00	
1101	7.768175e-08	1.799999e+00	1.800000e+00	
1102	7.778175e-08	1.799999e+00	1.800000e+00	
1103	7.788175e-08	1.799999e+00	1.800000e+00	
1104	7.798175e-08	1.800000e+00	1.800000e+00	
1105	7.808175e-08	1.800000e+00	1.800000e+00	
1106	7.818175e-08	1.800000e+00	1.800000e+00	
1107	7.828175e-08	1.800000e+00	1.800000e+00	
1108	7.838175e-08	1.800000e+00	1.800000e+00	
1109	7.848175e-08	1.800000e+00	1.800000e+00	
1110	7.858175e-08	1.800000e+00	1.800000e+00	
1111	7.868175e-08	1.800000e+00	1.800000e+00	
1112	7.878175e-08	1.800000e+00	1.800000e+00	
1113	7.888175e-08	1.800000e+00	1.800000e+00	
1114	7.898175e-08	1.800000e+00	1.800000e+00	
1115	7.908175e-08	1.800000e+00	1.800000e+00	
1116	7.918175e-08	1.800000e+00	1.800000e+00	
1117	7.928175e-08	1.800000e+00	1.800000e+00	
1118	7.938175e-08	1.800000e+00	1.800000e+00	
1119	7.948175e-08	1.800000e+00	1.800000e+00	
1120	7.958175e-08	1.800000e+00	1.800000e+00	
1121	7.968175e-08	1.800000e+00	1.800000e+00	
1122	7.978175e-08	1.800000e+00	1.800000e+00	
1123	7.988175e-08	1.800000e+00	1.800000e+00	
1124	7.998175e-08	1.800000e+00	1.800000e+00	
1125	8.000000e-08	1.800000e+00	1.800000e+00	


Total analysis time (seconds) = 0.0362391

Total elapsed time (seconds) = 0.041 

Total DRAM available = 16013.297 MB.
DRAM currently available =  333.922 MB.
Maximum ngspice program size =   22.055 MB.
Current ngspice program size =   12.863 MB.

Shared ngspice pages =   10.645 MB.
Text (code) pages =    6.543 MB.
Stack = 0 bytes.
Library pages =    2.375 MB.

