
-- Running command `plugin -i /opt/oss-cad-suite/share/yosys/plugins/slang.so; read_slang --std latest /workspace/alapeno/rtl/core/alapeno_pkg.sv /workspace/alapeno/rtl/matrix/alapeno_matrix.sv /workspace/alapeno/rtl/matrix/alapeno_tile_ctrl.sv; hierarchy -check -top alapeno_tile_ctrl; proc; memory; techmap; stat' --

1. Executing SLANG frontend.
Top level design units:
    alapeno_tile_ctrl


Build succeeded: 0 errors, 0 warnings

1.1. Executing PROC_CLEAN pass (remove empty switches from decision trees).
Found and cleaned up 1 empty switch in `\alapeno_tile_ctrl.$1309'.
Found and cleaned up 3 empty switches in `\alapeno_tile_ctrl.$137'.
Found and cleaned up 1 empty switch in `\alapeno_tile_ctrl.$8'.
Cleaned up 5 empty switches.

1.2. Executing PROC_RMDEAD pass (remove dead branches from decision trees).
Marked 6 switch rules as full_case in process $1309 in module alapeno_tile_ctrl.
Removed 1 dead cases from process $137 in module alapeno_tile_ctrl.
Marked 189 switch rules as full_case in process $137 in module alapeno_tile_ctrl.
Marked 22 switch rules as full_case in process $8 in module alapeno_tile_ctrl.
Removed a total of 1 dead cases.

1.3. Executing PROC_PRUNE pass (remove redundant assignments in processes).
Removed 83 redundant assignments.
Promoted 0 assignments to connections.

1.4. Executing PROC_INIT pass (extract init attributes).

1.5. Executing PROC_ROM pass (convert switches to ROMs).
Converted 0 switches.
<suppressed ~372 debug messages>

1.6. Executing PROC_MUX pass (convert decision trees to multiplexers).
Creating decoders for process `\alapeno_tile_ctrl.$1309'.
     1/12: $fault_b$1318
     2/12: $done_b$1317
     3/12: $run_q$1316
     4/12: $fault_b$1321
     5/12: $done_b$1320
     6/12: $run_q$1319
     7/12: $fault_b$1324
     8/12: $done_b$1323
     9/12: $run_q$1322
    10/12: $fault_b$1327
    11/12: $done_b$1326
    12/12: $run_q$1325
Creating decoders for process `\alapeno_tile_ctrl.$137'.
     1/436: $u_matrix.n$1184
     2/436: $u_matrix.state$1182
     3/436: $u_matrix.m$1179
     4/436: $u_matrix.state$1178
     5/436: $u_matrix.state$1175
     6/436: $u_matrix.pass$1176
     7/436: $u_matrix.pass$1180
     8/436: $u_matrix.pass$1185
     9/436: $u_matrix.m$1183
    10/436: $u_matrix.pack_w[255:248]$1168
    11/436: $u_matrix.pack_w[247:240]$1163
    12/436: $u_matrix.pack_w[239:232]$1158
    13/436: $u_matrix.pack_w[231:224]$1153
    14/436: $u_matrix.pack_w[223:216]$1148
    15/436: $u_matrix.pack_w[215:208]$1143
    16/436: $u_matrix.pack_w[207:200]$1138
    17/436: $u_matrix.pack_w[199:192]$1133
    18/436: $u_matrix.pack_w[191:184]$1128
    19/436: $u_matrix.pack_w[183:176]$1123
    20/436: $u_matrix.pack_w[175:168]$1118
    21/436: $u_matrix.pack_w[167:160]$1113
    22/436: $u_matrix.pack_w[159:152]$1108
    23/436: $u_matrix.pack_w[151:144]$1103
    24/436: $u_matrix.pack_w[143:136]$1098
    25/436: $u_matrix.pack_w[135:128]$1093
    26/436: $u_matrix.pack_w[127:120]$1088
    27/436: $u_matrix.pack_w[119:112]$1083
    28/436: $u_matrix.pack_w[111:104]$1078
    29/436: $u_matrix.pack_w[103:96]$1073
    30/436: $u_matrix.pack_w[95:88]$1068
    31/436: $u_matrix.pack_w[87:80]$1063
    32/436: $u_matrix.pack_w[79:72]$1058
    33/436: $u_matrix.pack_w[71:64]$1053
    34/436: $u_matrix.pack_w[63:56]$1048
    35/436: $u_matrix.pack_w[55:48]$1043
    36/436: $u_matrix.pack_w[47:40]$1038
    37/436: $u_matrix.pack_w[39:32]$1033
    38/436: $u_matrix.pack_w[31:24]$1028
    39/436: $u_matrix.pack_w[23:16]$1023
    40/436: $u_matrix.pack_w[15:8]$1018
    41/436: $u_matrix.pack_w[7:0]$1013
    42/436: $u_matrix.ix$1008
    43/436: $u_matrix.state$991
    44/436: $u_matrix.n$983
    45/436: $u_matrix.m$978
    46/436: $u_matrix.pass$979
    47/436: $u_matrix.state$977
    48/436: $u_matrix.pass$984
    49/436: $u_matrix.m$982
    50/436: $u_matrix.state$981
    51/436: $u_matrix.state$992
    52/436: $u_matrix.d2b$999
    53/436: $u_matrix.d1b$998
    54/436: $u_matrix.ix$997
    55/436: $u_matrix.bi$996
    56/436: $u_matrix.pass$995
    57/436: $u_matrix.n$994
    58/436: $u_matrix.m$993
    59/436: $u_matrix.n$925
    60/436: $u_matrix.m$921
    61/436: $u_matrix.state$920
    62/436: $u_matrix.m$924
    63/436: $u_matrix.state$923
    64/436: $u_matrix.k$717
    65/436: $u_matrix.state$714
    66/436: $u_matrix.n$712
    67/436: $u_matrix.state$710
    68/436: $u_matrix.m$708
    69/436: $u_matrix.state$707
    70/436: $u_matrix.m$711
    71/436: $u_matrix.bi$696
    72/436: $$root.alapeno_pkg.euclid_mod_p.rem$535
    73/436: $$root.alapeno_pkg.euclid_mod_p.rem$532
    74/436: $$root.alapeno_pkg.euclid_mod_p.rem$529
    75/436: $$root.alapeno_pkg.euclid_mod_p.rem$526
    76/436: $$root.alapeno_pkg.euclid_mod_p.rem$523
    77/436: $$root.alapeno_pkg.euclid_mod_p.rem$520
    78/436: $$root.alapeno_pkg.euclid_mod_p.rem$517
    79/436: $$root.alapeno_pkg.euclid_mod_p.rem$514
    80/436: $$root.alapeno_pkg.euclid_mod_p.rem$511
    81/436: $$root.alapeno_pkg.euclid_mod_p.rem$508
    82/436: $$root.alapeno_pkg.euclid_mod_p.rem$505
    83/436: $$root.alapeno_pkg.euclid_mod_p.rem$502
    84/436: $$root.alapeno_pkg.euclid_mod_p.rem$499
    85/436: $$root.alapeno_pkg.euclid_mod_p.rem$496
    86/436: $$root.alapeno_pkg.euclid_mod_p.rem$493
    87/436: $$root.alapeno_pkg.euclid_mod_p.rem$490
    88/436: $$root.alapeno_pkg.euclid_mod_p.rem$487
    89/436: $$root.alapeno_pkg.euclid_mod_p.rem$484
    90/436: $$root.alapeno_pkg.euclid_mod_p.rem$481
    91/436: $$root.alapeno_pkg.euclid_mod_p.rem$478
    92/436: $$root.alapeno_pkg.euclid_mod_p.rem$475
    93/436: $$root.alapeno_pkg.euclid_mod_p.rem$472
    94/436: $$root.alapeno_pkg.euclid_mod_p.rem$469
    95/436: $$root.alapeno_pkg.euclid_mod_p.rem$466
    96/436: $$root.alapeno_pkg.euclid_mod_p.rem$463
    97/436: $$root.alapeno_pkg.euclid_mod_p.rem$460
    98/436: $$root.alapeno_pkg.euclid_mod_p.rem$457
    99/436: $$root.alapeno_pkg.euclid_mod_p.rem$454
   100/436: $$root.alapeno_pkg.euclid_mod_p.rem$451
   101/436: $$root.alapeno_pkg.euclid_mod_p.rem$448
   102/436: $$root.alapeno_pkg.euclid_mod_p.rem$445
   103/436: $$root.alapeno_pkg.euclid_mod_p.rem$442
   104/436: $$root.alapeno_pkg.euclid_mod_p.rem$439
   105/436: $$root.alapeno_pkg.euclid_mod_p.rem$436
   106/436: $$root.alapeno_pkg.euclid_mod_p.rem$433
   107/436: $$root.alapeno_pkg.euclid_mod_p.rem$430
   108/436: $$root.alapeno_pkg.euclid_mod_p.rem$427
   109/436: $$root.alapeno_pkg.euclid_mod_p.rem$424
   110/436: $$root.alapeno_pkg.euclid_mod_p.rem$421
   111/436: $$root.alapeno_pkg.euclid_mod_p.rem$418
   112/436: $$root.alapeno_pkg.euclid_mod_p.rem$415
   113/436: $$root.alapeno_pkg.euclid_mod_p.acc$412
   114/436: $$root.alapeno_pkg.euclid_mod_p.acc$409
   115/436: $u_matrix.zbytes$698
   116/436: $u_matrix.pmod$697
   117/436: $u_matrix.pmod$700
   118/436: $u_matrix.bi$699
   119/436: $$root.alapeno_pkg.field_add.field_add$369
   120/436: $u_matrix.zbytes$701
   121/436: $u_matrix.zbytes$723
   122/436: $u_matrix.pmod$722
   123/436: $u_matrix.ix$721
   124/436: $u_matrix.bi$720
   125/436: $u_matrix.accz$719
   126/436: $u_matrix.fres$718
   127/436: $u_matrix.n$716
   128/436: $u_matrix.m$715
   129/436: $u_matrix.zbytes$733
   130/436: $u_matrix.pmod$732
   131/436: $u_matrix.ix$731
   132/436: $u_matrix.bi$730
   133/436: $u_matrix.accz$729
   134/436: $u_matrix.fres$728
   135/436: $u_matrix.k$727
   136/436: $u_matrix.n$726
   137/436: $u_matrix.m$725
   138/436: $u_matrix.state$724
   139/436: $u_matrix.step_bad$332
   140/436: $u_matrix.accz$331
   141/436: $u_matrix.state$330
   142/436: $u_matrix.step_bad$337
   143/436: $u_matrix.za$336
   144/436: $u_matrix.accz$334
   145/436: $u_matrix.state$333
   146/436: $u_matrix.step_bad$325
   147/436: $u_matrix.accz$324
   148/436: $u_matrix.state$323
   149/436: $u_matrix.sprod$335
   150/436: $u_matrix.step_bad$346
   151/436: $u_matrix.za$345
   152/436: $u_matrix.sprod$344
   153/436: $u_matrix.accz$339
   154/436: $u_matrix.state$338
   155/436: $u_matrix.step_bad$318
   156/436: $u_matrix.accz$317
   157/436: $u_matrix.state$316
   158/436: $u_matrix.za$314
   159/436: $u_matrix.sprod$313
   160/436: $u_matrix.pred$343
   161/436: $u_matrix.diff65$342
   162/436: $u_matrix.qs$341
   163/436: $u_matrix.ks$340
   164/436: $u_matrix.pred$353
   165/436: $$root.alapeno_pkg.field_add.field_add$304
   166/436: $u_matrix.fres$305
   167/436: $$root.alapeno_pkg.euclid_mod_p.rem$300
   168/436: $$root.alapeno_pkg.euclid_mod_p.rem$297
   169/436: $$root.alapeno_pkg.euclid_mod_p.rem$294
   170/436: $$root.alapeno_pkg.euclid_mod_p.rem$291
   171/436: $$root.alapeno_pkg.euclid_mod_p.rem$288
   172/436: $$root.alapeno_pkg.euclid_mod_p.rem$285
   173/436: $$root.alapeno_pkg.euclid_mod_p.rem$282
   174/436: $$root.alapeno_pkg.euclid_mod_p.rem$279
   175/436: $$root.alapeno_pkg.euclid_mod_p.rem$276
   176/436: $$root.alapeno_pkg.euclid_mod_p.rem$273
   177/436: $$root.alapeno_pkg.euclid_mod_p.rem$270
   178/436: $$root.alapeno_pkg.euclid_mod_p.rem$267
   179/436: $$root.alapeno_pkg.euclid_mod_p.rem$264
   180/436: $$root.alapeno_pkg.euclid_mod_p.rem$261
   181/436: $$root.alapeno_pkg.euclid_mod_p.rem$258
   182/436: $$root.alapeno_pkg.euclid_mod_p.rem$255
   183/436: $$root.alapeno_pkg.euclid_mod_p.rem$252
   184/436: $$root.alapeno_pkg.euclid_mod_p.rem$249
   185/436: $$root.alapeno_pkg.euclid_mod_p.rem$246
   186/436: $$root.alapeno_pkg.euclid_mod_p.rem$243
   187/436: $$root.alapeno_pkg.euclid_mod_p.rem$240
   188/436: $$root.alapeno_pkg.euclid_mod_p.rem$237
   189/436: $$root.alapeno_pkg.euclid_mod_p.rem$234
   190/436: $$root.alapeno_pkg.euclid_mod_p.rem$231
   191/436: $$root.alapeno_pkg.euclid_mod_p.rem$228
   192/436: $$root.alapeno_pkg.euclid_mod_p.rem$225
   193/436: $$root.alapeno_pkg.euclid_mod_p.rem$222
   194/436: $$root.alapeno_pkg.euclid_mod_p.rem$219
   195/436: $$root.alapeno_pkg.euclid_mod_p.rem$216
   196/436: $$root.alapeno_pkg.euclid_mod_p.rem$213
   197/436: $$root.alapeno_pkg.euclid_mod_p.rem$210
   198/436: $$root.alapeno_pkg.euclid_mod_p.rem$207
   199/436: $$root.alapeno_pkg.euclid_mod_p.rem$204
   200/436: $$root.alapeno_pkg.euclid_mod_p.rem$201
   201/436: $$root.alapeno_pkg.euclid_mod_p.rem$198
   202/436: $$root.alapeno_pkg.euclid_mod_p.rem$195
   203/436: $$root.alapeno_pkg.euclid_mod_p.rem$192
   204/436: $$root.alapeno_pkg.euclid_mod_p.rem$189
   205/436: $$root.alapeno_pkg.euclid_mod_p.rem$186
   206/436: $$root.alapeno_pkg.euclid_mod_p.rem$183
   207/436: $$root.alapeno_pkg.euclid_mod_p.rem$180
   208/436: $$root.alapeno_pkg.euclid_mod_p.acc$177
   209/436: $$root.alapeno_pkg.field_sub.field_sub$166
   210/436: $u_matrix.step_bad$358
   211/436: $u_matrix.za$357
   212/436: $u_matrix.sprod$356
   213/436: $u_matrix.pmod$355
   214/436: $u_matrix.dres$354
   215/436: $u_matrix.diff65$352
   216/436: $u_matrix.qs$351
   217/436: $u_matrix.ks$350
   218/436: $u_matrix.accz$349
   219/436: $u_matrix.fres$348
   220/436: $u_matrix.state$347
   221/436: $u_matrix.step_bad$751
   222/436: $u_matrix.state$734
   223/436: $u_matrix.zbytes$750
   224/436: $u_matrix.za$749
   225/436: $u_matrix.sprod$748
   226/436: $u_matrix.pmod$747
   227/436: $u_matrix.dres$746
   228/436: $u_matrix.pred$745
   229/436: $u_matrix.diff65$744
   230/436: $u_matrix.qs$743
   231/436: $u_matrix.ks$742
   232/436: $u_matrix.ix$741
   233/436: $u_matrix.bi$740
   234/436: $u_matrix.accz$739
   235/436: $u_matrix.fres$738
   236/436: $u_matrix.k$737
   237/436: $u_matrix.n$736
   238/436: $u_matrix.m$735
   239/436: $u_matrix.state$156
   240/436: $u_matrix.hold_a$157
   241/436: $u_matrix.state$1186
   242/436: $u_matrix.state$143
   243/436: $u_matrix.state$144
   244/436: $u_matrix.state$145
   245/436: $u_matrix.state$146
   246/436: $u_matrix.accz$153
   247/436: $u_matrix.fres$152
   248/436: $u_matrix.pass$151
   249/436: $u_matrix.k$150
   250/436: $u_matrix.n$149
   251/436: $u_matrix.m$148
   252/436: $u_matrix.state$147
   253/436: $u_matrix.step_bad$1217
   254/436: $u_matrix.jnew$1216
   255/436: $u_matrix.d2b$1215
   256/436: $u_matrix.d1b$1214
   257/436: $u_matrix.zbytes$1213
   258/436: $u_matrix.beat$1212
   259/436: $u_matrix.pack_w$1211
   260/436: $u_matrix.d2$1210
   261/436: $u_matrix.d1$1209
   262/436: $u_matrix.d0$1208
   263/436: $u_matrix.za$1207
   264/436: $u_matrix.sprod$1206
   265/436: $u_matrix.pmod$1205
   266/436: $u_matrix.dres$1204
   267/436: $u_matrix.bval$1203
   268/436: $u_matrix.pred$1202
   269/436: $u_matrix.diff65$1201
   270/436: $u_matrix.qs$1200
   271/436: $u_matrix.ks$1199
   272/436: $u_matrix.ix$1198
   273/436: $u_matrix.bi$1197
   274/436: $u_matrix.accz$1196
   275/436: $u_matrix.fres$1195
   276/436: $u_matrix.hold_j$1194
   277/436: $u_matrix.hold_p$1193
   278/436: $u_matrix.hold_e$1192
   279/436: $u_matrix.hold_a$1191
   280/436: $u_matrix.pass$1190
   281/436: $u_matrix.k$1189
   282/436: $u_matrix.n$1188
   283/436: $u_matrix.m$1187
   284/436: $u_matrix.state$1218
   285/436: $u_matrix.step_bad$1249
   286/436: $u_matrix.jnew$1248
   287/436: $u_matrix.d2b$1247
   288/436: $u_matrix.d1b$1246
   289/436: $u_matrix.zbytes$1245
   290/436: $u_matrix.beat$1244
   291/436: $u_matrix.pack_w$1243
   292/436: $u_matrix.d2$1242
   293/436: $u_matrix.d1$1241
   294/436: $u_matrix.d0$1240
   295/436: $u_matrix.za$1239
   296/436: $u_matrix.sprod$1238
   297/436: $u_matrix.pmod$1237
   298/436: $u_matrix.dres$1236
   299/436: $u_matrix.bval$1235
   300/436: $u_matrix.pred$1234
   301/436: $u_matrix.diff65$1233
   302/436: $u_matrix.qs$1232
   303/436: $u_matrix.ks$1231
   304/436: $u_matrix.ix$1230
   305/436: $u_matrix.bi$1229
   306/436: $u_matrix.accz$1228
   307/436: $u_matrix.fres$1227
   308/436: $u_matrix.hold_j$1226
   309/436: $u_matrix.hold_p$1225
   310/436: $u_matrix.hold_e$1224
   311/436: $u_matrix.hold_a$1223
   312/436: $u_matrix.pass$1222
   313/436: $u_matrix.k$1221
   314/436: $u_matrix.n$1220
   315/436: $u_matrix.m$1219
   316/436: $u_matrix.beat$1277
   317/436: $u_matrix.accz$1261
   318/436: $u_matrix.fres$1260
   319/436: $u_matrix.hold_j$1259
   320/436: $u_matrix.hold_p$1258
   321/436: $u_matrix.hold_e$1257
   322/436: $u_matrix.hold_a$1255
   323/436: $u_matrix.pass$1254
   324/436: $u_matrix.k$1253
   325/436: $u_matrix.n$1252
   326/436: $u_matrix.m$1251
   327/436: $u_matrix.state$1250
   328/436: $u_matrix.step_bad$1282
   329/436: $u_matrix.jnew$1281
   330/436: $u_matrix.d2b$1280
   331/436: $u_matrix.d1b$1279
   332/436: $u_matrix.zbytes$1278
   333/436: $u_matrix.pack_w$1276
   334/436: $u_matrix.d2$1275
   335/436: $u_matrix.d1$1274
   336/436: $u_matrix.d0$1273
   337/436: $u_matrix.za$1272
   338/436: $u_matrix.sprod$1271
   339/436: $u_matrix.pmod$1270
   340/436: $u_matrix.dres$1269
   341/436: $u_matrix.bval$1268
   342/436: $u_matrix.pred$1267
   343/436: $u_matrix.diff65$1266
   344/436: $u_matrix.qs$1265
   345/436: $u_matrix.ks$1264
   346/436: $u_matrix.ix$1263
   347/436: $u_matrix.bi$1262
   348/436: $u_matrix.hold_b$1256
   349/436: $969
   350/436: $965
   351/436: $961
   352/436: $957
   353/436: $953
   354/436: $949
   355/436: $945
   356/436: $941
   357/436: $912
   358/436: $907
   359/436: $902
   360/436: $897
   361/436: $892
   362/436: $887
   363/436: $882
   364/436: $877
   365/436: $872
   366/436: $867
   367/436: $862
   368/436: $857
   369/436: $852
   370/436: $847
   371/436: $842
   372/436: $837
   373/436: $832
   374/436: $827
   375/436: $822
   376/436: $817
   377/436: $812
   378/436: $807
   379/436: $802
   380/436: $797
   381/436: $792
   382/436: $787
   383/436: $782
   384/436: $777
   385/436: $772
   386/436: $767
   387/436: $762
   388/436: $757
   389/436: $693
   390/436: $689
   391/436: $685
   392/436: $681
   393/436: $677
   394/436: $673
   395/436: $669
   396/436: $665
   397/436: $661
   398/436: $657
   399/436: $653
   400/436: $649
   401/436: $645
   402/436: $641
   403/436: $637
   404/436: $633
   405/436: $629
   406/436: $625
   407/436: $621
   408/436: $617
   409/436: $613
   410/436: $609
   411/436: $605
   412/436: $601
   413/436: $597
   414/436: $593
   415/436: $589
   416/436: $585
   417/436: $581
   418/436: $577
   419/436: $573
   420/436: $569
   421/436: $565
   422/436: $561
   423/436: $557
   424/436: $553
   425/436: $549
   426/436: $545
   427/436: $541
   428/436: $537
   429/436: $400
   430/436: $396
   431/436: $392
   432/436: $388
   433/436: $384
   434/436: $380
   435/436: $376
   436/436: $372
Creating decoders for process `\alapeno_tile_ctrl.$8'.
     1/79: $u_matrix.fail$61
     2/79: $u_matrix.b_discard$60
     3/79: $u_matrix.fail$65
     4/79: $u_matrix.complete$64
     5/79: $u_matrix.b_discard$63
     6/79: $u_matrix.b_publish$62
     7/79: $u_matrix.b_addr$56
     8/79: $u_matrix.b_addr$57
     9/79: $u_matrix.fail$75
    10/79: $u_matrix.complete$74
    11/79: $u_matrix.b_wdata$73
    12/79: $u_matrix.b_size$72
    13/79: $u_matrix.b_addr$71
    14/79: $u_matrix.b_discard$70
    15/79: $u_matrix.b_publish$69
    16/79: $u_matrix.b_shadow$68
    17/79: $u_matrix.b_we$67
    18/79: $u_matrix.b_valid$66
    19/79: $u_matrix.b_size$82
    20/79: $u_matrix.b_addr$81
    21/79: $u_matrix.b_valid$76
    22/79: $u_matrix.fail$85
    23/79: $u_matrix.complete$84
    24/79: $u_matrix.b_wdata$83
    25/79: $u_matrix.b_discard$80
    26/79: $u_matrix.b_publish$79
    27/79: $u_matrix.b_shadow$78
    28/79: $u_matrix.b_we$77
    29/79: $u_matrix.b_size$92
    30/79: $u_matrix.b_addr$91
    31/79: $u_matrix.b_valid$86
    32/79: $u_matrix.fail$95
    33/79: $u_matrix.complete$94
    34/79: $u_matrix.b_wdata$93
    35/79: $u_matrix.b_discard$90
    36/79: $u_matrix.b_publish$89
    37/79: $u_matrix.b_shadow$88
    38/79: $u_matrix.b_we$87
    39/79: $u_matrix.b_size$102
    40/79: $u_matrix.b_addr$101
    41/79: $u_matrix.b_valid$96
    42/79: $u_matrix.fail$105
    43/79: $u_matrix.complete$104
    44/79: $u_matrix.b_wdata$103
    45/79: $u_matrix.b_discard$100
    46/79: $u_matrix.b_publish$99
    47/79: $u_matrix.b_shadow$98
    48/79: $u_matrix.b_we$97
    49/79: $u_matrix.b_size$112
    50/79: $u_matrix.b_addr$111
    51/79: $u_matrix.b_valid$106
    52/79: $u_matrix.b_addr$25
    53/79: $u_matrix.fail$115
    54/79: $u_matrix.complete$114
    55/79: $u_matrix.b_wdata$113
    56/79: $u_matrix.b_discard$110
    57/79: $u_matrix.b_publish$109
    58/79: $u_matrix.b_shadow$108
    59/79: $u_matrix.b_we$107
    60/79: $u_matrix.b_size$122
    61/79: $u_matrix.b_addr$121
    62/79: $u_matrix.b_valid$116
    63/79: $u_matrix.fail$125
    64/79: $u_matrix.complete$124
    65/79: $u_matrix.b_wdata$123
    66/79: $u_matrix.b_discard$120
    67/79: $u_matrix.b_publish$119
    68/79: $u_matrix.b_shadow$118
    69/79: $u_matrix.b_we$117
    70/79: $u_matrix.b_discard$130
    71/79: $u_matrix.fail$135
    72/79: $u_matrix.complete$134
    73/79: $u_matrix.b_wdata$133
    74/79: $u_matrix.b_size$132
    75/79: $u_matrix.b_addr$131
    76/79: $u_matrix.b_publish$129
    77/79: $u_matrix.b_shadow$128
    78/79: $u_matrix.b_we$127
    79/79: $u_matrix.b_valid$126

1.7. Executing PROC_CLEAN pass (remove empty switches from decision trees).
Found and cleaned up 7 empty switches in `\alapeno_tile_ctrl.$1309'.
Removing empty process `alapeno_tile_ctrl.$1309'.
Found and cleaned up 342 empty switches in `\alapeno_tile_ctrl.$137'.
Removing empty process `alapeno_tile_ctrl.$137'.
Found and cleaned up 23 empty switches in `\alapeno_tile_ctrl.$8'.
Removing empty process `alapeno_tile_ctrl.$8'.
Cleaned up 372 empty switches.

1.8. Executing OPT_EXPR pass (perform const folding).
Optimizing module alapeno_tile_ctrl.
<suppressed ~157 debug messages>

2. Executing HIERARCHY pass (managing design hierarchy).

2.1. Analyzing design hierarchy..
Top module:  \alapeno_tile_ctrl

2.2. Analyzing design hierarchy..
Top module:  \alapeno_tile_ctrl
Removed 0 unused modules.

3. Executing PROC pass (convert processes to netlists).

3.1. Executing PROC_CLEAN pass (remove empty switches from decision trees).
Cleaned up 0 empty switches.

3.2. Executing PROC_RMDEAD pass (remove dead branches from decision trees).
Removed a total of 0 dead cases.

3.3. Executing PROC_PRUNE pass (remove redundant assignments in processes).
Removed 0 redundant assignments.
Promoted 0 assignments to connections.

3.4. Executing PROC_INIT pass (extract init attributes).

3.5. Executing PROC_ARST pass (detect async resets in processes).

3.6. Executing PROC_ROM pass (convert switches to ROMs).
Converted 0 switches.

3.7. Executing PROC_MUX pass (convert decision trees to multiplexers).

3.8. Executing PROC_DLATCH pass (convert process syncs to latches).

3.9. Executing PROC_DFF pass (convert process syncs to FFs).

3.10. Executing PROC_MEMWR pass (convert process memory writes to cells).

3.11. Executing PROC_CLEAN pass (remove empty switches from decision trees).
Cleaned up 0 empty switches.

3.12. Executing OPT_EXPR pass (perform const folding).
Optimizing module alapeno_tile_ctrl.

4. Executing MEMORY pass.

4.1. Executing OPT_MEM pass (optimize memories).
Performed a total of 0 transformations.

4.2. Executing OPT_MEM_PRIORITY pass (removing unnecessary memory write priority relations).
Performed a total of 3828 transformations.

4.3. Executing OPT_MEM_FEEDBACK pass (finding memory read-to-write feedback paths).
  Analyzing alapeno_tile_ctrl.u_matrix.obuf write port 0.
  Analyzing alapeno_tile_ctrl.u_matrix.obuf write port 1.
  Analyzing alapeno_tile_ctrl.u_matrix.obuf write port 2.
  Analyzing alapeno_tile_ctrl.u_matrix.obuf write port 3.
  Analyzing alapeno_tile_ctrl.u_matrix.obuf write port 4.
  Analyzing alapeno_tile_ctrl.u_matrix.obuf write port 5.
  Analyzing alapeno_tile_ctrl.u_matrix.obuf write port 6.
  Analyzing alapeno_tile_ctrl.u_matrix.obuf write port 7.
  Analyzing alapeno_tile_ctrl.u_matrix.obuf write port 8.
  Analyzing alapeno_tile_ctrl.u_matrix.obuf write port 9.
  Analyzing alapeno_tile_ctrl.u_matrix.obuf write port 10.
  Analyzing alapeno_tile_ctrl.u_matrix.obuf write port 11.
  Analyzing alapeno_tile_ctrl.u_matrix.obuf write port 12.
  Analyzing alapeno_tile_ctrl.u_matrix.obuf write port 13.
  Analyzing alapeno_tile_ctrl.u_matrix.obuf write port 14.
  Analyzing alapeno_tile_ctrl.u_matrix.obuf write port 15.
  Analyzing alapeno_tile_ctrl.u_matrix.obuf write port 16.
  Analyzing alapeno_tile_ctrl.u_matrix.obuf write port 17.
  Analyzing alapeno_tile_ctrl.u_matrix.obuf write port 18.
  Analyzing alapeno_tile_ctrl.u_matrix.obuf write port 19.
  Analyzing alapeno_tile_ctrl.u_matrix.obuf write port 20.
  Analyzing alapeno_tile_ctrl.u_matrix.obuf write port 21.
  Analyzing alapeno_tile_ctrl.u_matrix.obuf write port 22.
  Analyzing alapeno_tile_ctrl.u_matrix.obuf write port 23.
  Analyzing alapeno_tile_ctrl.u_matrix.obuf write port 24.
  Analyzing alapeno_tile_ctrl.u_matrix.obuf write port 25.
  Analyzing alapeno_tile_ctrl.u_matrix.obuf write port 26.
  Analyzing alapeno_tile_ctrl.u_matrix.obuf write port 27.
  Analyzing alapeno_tile_ctrl.u_matrix.obuf write port 28.
  Analyzing alapeno_tile_ctrl.u_matrix.obuf write port 29.
  Analyzing alapeno_tile_ctrl.u_matrix.obuf write port 30.
  Analyzing alapeno_tile_ctrl.u_matrix.obuf write port 31.
  Analyzing alapeno_tile_ctrl.u_matrix.obuf write port 32.
  Analyzing alapeno_tile_ctrl.u_matrix.obuf write port 33.
  Analyzing alapeno_tile_ctrl.u_matrix.obuf write port 34.
  Analyzing alapeno_tile_ctrl.u_matrix.obuf write port 35.
  Analyzing alapeno_tile_ctrl.u_matrix.obuf write port 36.
  Analyzing alapeno_tile_ctrl.u_matrix.obuf write port 37.
  Analyzing alapeno_tile_ctrl.u_matrix.obuf write port 38.
  Analyzing alapeno_tile_ctrl.u_matrix.obuf write port 39.
  Analyzing alapeno_tile_ctrl.u_matrix.obuf write port 40.
  Analyzing alapeno_tile_ctrl.u_matrix.obuf write port 41.
  Analyzing alapeno_tile_ctrl.u_matrix.obuf write port 42.
  Analyzing alapeno_tile_ctrl.u_matrix.obuf write port 43.
  Analyzing alapeno_tile_ctrl.u_matrix.obuf write port 44.
  Analyzing alapeno_tile_ctrl.u_matrix.obuf write port 45.
  Analyzing alapeno_tile_ctrl.u_matrix.obuf write port 46.
  Analyzing alapeno_tile_ctrl.u_matrix.obuf write port 47.
  Analyzing alapeno_tile_ctrl.u_matrix.obuf write port 48.
  Analyzing alapeno_tile_ctrl.u_matrix.obuf write port 49.
  Analyzing alapeno_tile_ctrl.u_matrix.obuf write port 50.
  Analyzing alapeno_tile_ctrl.u_matrix.obuf write port 51.
  Analyzing alapeno_tile_ctrl.u_matrix.obuf write port 52.
  Analyzing alapeno_tile_ctrl.u_matrix.obuf write port 53.
  Analyzing alapeno_tile_ctrl.u_matrix.obuf write port 54.
  Analyzing alapeno_tile_ctrl.u_matrix.obuf write port 55.
  Analyzing alapeno_tile_ctrl.u_matrix.obuf write port 56.
  Analyzing alapeno_tile_ctrl.u_matrix.obuf write port 57.
  Analyzing alapeno_tile_ctrl.u_matrix.obuf write port 58.
  Analyzing alapeno_tile_ctrl.u_matrix.obuf write port 59.
  Analyzing alapeno_tile_ctrl.u_matrix.obuf write port 60.
  Analyzing alapeno_tile_ctrl.u_matrix.obuf write port 61.
  Analyzing alapeno_tile_ctrl.u_matrix.obuf write port 62.
  Analyzing alapeno_tile_ctrl.u_matrix.obuf write port 63.
  Analyzing alapeno_tile_ctrl.u_matrix.obuf write port 64.
  Analyzing alapeno_tile_ctrl.u_matrix.obuf write port 65.
  Analyzing alapeno_tile_ctrl.u_matrix.obuf write port 66.
  Analyzing alapeno_tile_ctrl.u_matrix.obuf write port 67.
  Analyzing alapeno_tile_ctrl.u_matrix.obuf write port 68.
  Analyzing alapeno_tile_ctrl.u_matrix.obuf write port 69.
  Analyzing alapeno_tile_ctrl.u_matrix.obuf write port 70.
  Analyzing alapeno_tile_ctrl.u_matrix.obuf write port 71.
  Analyzing alapeno_tile_ctrl.u_matrix.obuf write port 72.
  Analyzing alapeno_tile_ctrl.u_matrix.obuf write port 73.
  Analyzing alapeno_tile_ctrl.u_matrix.obuf write port 74.
  Analyzing alapeno_tile_ctrl.u_matrix.obuf write port 75.
  Analyzing alapeno_tile_ctrl.u_matrix.obuf write port 76.
  Analyzing alapeno_tile_ctrl.u_matrix.obuf write port 77.
  Analyzing alapeno_tile_ctrl.u_matrix.obuf write port 78.
  Analyzing alapeno_tile_ctrl.u_matrix.obuf write port 79.
  Analyzing alapeno_tile_ctrl.u_matrix.obuf write port 80.
  Analyzing alapeno_tile_ctrl.u_matrix.obuf write port 81.
  Analyzing alapeno_tile_ctrl.u_matrix.obuf write port 82.
  Analyzing alapeno_tile_ctrl.u_matrix.obuf write port 83.
  Analyzing alapeno_tile_ctrl.u_matrix.obuf write port 84.
  Analyzing alapeno_tile_ctrl.u_matrix.obuf write port 85.
  Analyzing alapeno_tile_ctrl.u_matrix.obuf write port 86.
  Analyzing alapeno_tile_ctrl.u_matrix.obuf write port 87.

4.4. Executing MEMORY_BMUX2ROM pass (converting muxes to ROMs).

4.5. Executing MEMORY_DFF pass (merging $dff cells to $memrd).
Checking read port `\u_matrix.obuf'[0] in module `\alapeno_tile_ctrl': no output FF found.
Checking read port `\u_matrix.obuf'[1] in module `\alapeno_tile_ctrl': no output FF found.
Checking read port `\u_matrix.obuf'[2] in module `\alapeno_tile_ctrl': no output FF found.
Checking read port `\u_matrix.obuf'[3] in module `\alapeno_tile_ctrl': no output FF found.
Checking read port `\u_matrix.obuf'[4] in module `\alapeno_tile_ctrl': no output FF found.
Checking read port `\u_matrix.obuf'[5] in module `\alapeno_tile_ctrl': no output FF found.
Checking read port `\u_matrix.obuf'[6] in module `\alapeno_tile_ctrl': no output FF found.
Checking read port `\u_matrix.obuf'[7] in module `\alapeno_tile_ctrl': no output FF found.
Checking read port `\u_matrix.obuf'[8] in module `\alapeno_tile_ctrl': no output FF found.
Checking read port `\u_matrix.obuf'[9] in module `\alapeno_tile_ctrl': no output FF found.
Checking read port `\u_matrix.obuf'[10] in module `\alapeno_tile_ctrl': no output FF found.
Checking read port `\u_matrix.obuf'[11] in module `\alapeno_tile_ctrl': no output FF found.
Checking read port `\u_matrix.obuf'[12] in module `\alapeno_tile_ctrl': no output FF found.
Checking read port `\u_matrix.obuf'[13] in module `\alapeno_tile_ctrl': no output FF found.
Checking read port `\u_matrix.obuf'[14] in module `\alapeno_tile_ctrl': no output FF found.
Checking read port `\u_matrix.obuf'[15] in module `\alapeno_tile_ctrl': no output FF found.
Checking read port `\u_matrix.obuf'[16] in module `\alapeno_tile_ctrl': no output FF found.
Checking read port `\u_matrix.obuf'[17] in module `\alapeno_tile_ctrl': no output FF found.
Checking read port `\u_matrix.obuf'[18] in module `\alapeno_tile_ctrl': no output FF found.
Checking read port `\u_matrix.obuf'[19] in module `\alapeno_tile_ctrl': no output FF found.
Checking read port `\u_matrix.obuf'[20] in module `\alapeno_tile_ctrl': no output FF found.
Checking read port `\u_matrix.obuf'[21] in module `\alapeno_tile_ctrl': no output FF found.
Checking read port `\u_matrix.obuf'[22] in module `\alapeno_tile_ctrl': no output FF found.
Checking read port `\u_matrix.obuf'[23] in module `\alapeno_tile_ctrl': no output FF found.
Checking read port `\u_matrix.obuf'[24] in module `\alapeno_tile_ctrl': no output FF found.
Checking read port `\u_matrix.obuf'[25] in module `\alapeno_tile_ctrl': no output FF found.
Checking read port `\u_matrix.obuf'[26] in module `\alapeno_tile_ctrl': no output FF found.
Checking read port `\u_matrix.obuf'[27] in module `\alapeno_tile_ctrl': no output FF found.
Checking read port `\u_matrix.obuf'[28] in module `\alapeno_tile_ctrl': no output FF found.
Checking read port `\u_matrix.obuf'[29] in module `\alapeno_tile_ctrl': no output FF found.
Checking read port `\u_matrix.obuf'[30] in module `\alapeno_tile_ctrl': no output FF found.
Checking read port `\u_matrix.obuf'[31] in module `\alapeno_tile_ctrl': no output FF found.
Checking read port address `\u_matrix.obuf'[0] in module `\alapeno_tile_ctrl': no address FF found.
Checking read port address `\u_matrix.obuf'[1] in module `\alapeno_tile_ctrl': no address FF found.
Checking read port address `\u_matrix.obuf'[2] in module `\alapeno_tile_ctrl': no address FF found.
Checking read port address `\u_matrix.obuf'[3] in module `\alapeno_tile_ctrl': no address FF found.
Checking read port address `\u_matrix.obuf'[4] in module `\alapeno_tile_ctrl': no address FF found.
Checking read port address `\u_matrix.obuf'[5] in module `\alapeno_tile_ctrl': no address FF found.
Checking read port address `\u_matrix.obuf'[6] in module `\alapeno_tile_ctrl': no address FF found.
Checking read port address `\u_matrix.obuf'[7] in module `\alapeno_tile_ctrl': no address FF found.
Checking read port address `\u_matrix.obuf'[8] in module `\alapeno_tile_ctrl': no address FF found.
Checking read port address `\u_matrix.obuf'[9] in module `\alapeno_tile_ctrl': no address FF found.
Checking read port address `\u_matrix.obuf'[10] in module `\alapeno_tile_ctrl': no address FF found.
Checking read port address `\u_matrix.obuf'[11] in module `\alapeno_tile_ctrl': no address FF found.
Checking read port address `\u_matrix.obuf'[12] in module `\alapeno_tile_ctrl': no address FF found.
Checking read port address `\u_matrix.obuf'[13] in module `\alapeno_tile_ctrl': no address FF found.
Checking read port address `\u_matrix.obuf'[14] in module `\alapeno_tile_ctrl': no address FF found.
Checking read port address `\u_matrix.obuf'[15] in module `\alapeno_tile_ctrl': no address FF found.
Checking read port address `\u_matrix.obuf'[16] in module `\alapeno_tile_ctrl': no address FF found.
Checking read port address `\u_matrix.obuf'[17] in module `\alapeno_tile_ctrl': no address FF found.
Checking read port address `\u_matrix.obuf'[18] in module `\alapeno_tile_ctrl': no address FF found.
Checking read port address `\u_matrix.obuf'[19] in module `\alapeno_tile_ctrl': no address FF found.
Checking read port address `\u_matrix.obuf'[20] in module `\alapeno_tile_ctrl': no address FF found.
Checking read port address `\u_matrix.obuf'[21] in module `\alapeno_tile_ctrl': no address FF found.
Checking read port address `\u_matrix.obuf'[22] in module `\alapeno_tile_ctrl': no address FF found.
Checking read port address `\u_matrix.obuf'[23] in module `\alapeno_tile_ctrl': no address FF found.
Checking read port address `\u_matrix.obuf'[24] in module `\alapeno_tile_ctrl': no address FF found.
Checking read port address `\u_matrix.obuf'[25] in module `\alapeno_tile_ctrl': no address FF found.
Checking read port address `\u_matrix.obuf'[26] in module `\alapeno_tile_ctrl': no address FF found.
Checking read port address `\u_matrix.obuf'[27] in module `\alapeno_tile_ctrl': no address FF found.
Checking read port address `\u_matrix.obuf'[28] in module `\alapeno_tile_ctrl': no address FF found.
Checking read port address `\u_matrix.obuf'[29] in module `\alapeno_tile_ctrl': no address FF found.
Checking read port address `\u_matrix.obuf'[30] in module `\alapeno_tile_ctrl': no address FF found.
Checking read port address `\u_matrix.obuf'[31] in module `\alapeno_tile_ctrl': no address FF found.

4.6. Executing OPT_CLEAN pass (remove unused cells and wires).
Finding unused cells or wires in module \alapeno_tile_ctrl..
Removed 374 unused cells and 3158 unused wires.
<suppressed ~426 debug messages>

4.7. Executing MEMORY_SHARE pass (consolidating $memrd/$memwr cells).
Consolidating read ports of memory alapeno_tile_ctrl.u_matrix.obuf by address:
Consolidating write ports of memory alapeno_tile_ctrl.u_matrix.obuf by address:
Consolidating write ports of memory alapeno_tile_ctrl.u_matrix.obuf using sat-based resource sharing:
  Checking group clocked with posedge \clk, width 8: ports 0, 1, 2, 3, 4, 5, 6, 7, 8, 9, 10, 11, 12, 13, 14, 15, 16, 17, 18, 19, 20, 21, 22, 23, 24, 25, 26, 27, 28, 29, 30, 31, 32, 33, 34, 35, 36, 37, 38, 39, 40, 41, 42, 43, 44, 45, 46, 47, 48, 49, 50, 51, 52, 53, 54, 55, 56, 57, 58, 59, 60, 61, 62, 63, 64, 65, 66, 67, 68, 69, 70, 71, 72, 73, 74, 75, 76, 77, 78, 79, 80, 81, 82, 83, 84, 85, 86, 87.
  Common input cone for all EN signals: 832 cells.
  Size of unconstrained SAT problem: 36975 variables, 98933 clauses
  Merging port 1 into port 0.
  Merging port 2 into port 0.
  Merging port 3 into port 0.
  Merging port 4 into port 0.
  Merging port 5 into port 0.
  Merging port 6 into port 0.
  Merging port 7 into port 0.
  Merging port 8 into port 0.
  Merging port 9 into port 0.
  Merging port 10 into port 0.
  Merging port 11 into port 0.
  Merging port 12 into port 0.
  Merging port 13 into port 0.
  Merging port 14 into port 0.
  Merging port 15 into port 0.
  Merging port 16 into port 0.
  According to SAT solver sharing of port 0 with port 17 is not possible.
  According to SAT solver sharing of port 0 with port 18 is not possible.
  According to SAT solver sharing of port 0 with port 19 is not possible.
  According to SAT solver sharing of port 0 with port 20 is not possible.
  According to SAT solver sharing of port 0 with port 21 is not possible.
  According to SAT solver sharing of port 0 with port 22 is not possible.
  According to SAT solver sharing of port 0 with port 23 is not possible.
  According to SAT solver sharing of port 0 with port 24 is not possible.
  According to SAT solver sharing of port 0 with port 25 is not possible.
  According to SAT solver sharing of port 0 with port 26 is not possible.
  According to SAT solver sharing of port 0 with port 27 is not possible.
  According to SAT solver sharing of port 0 with port 28 is not possible.
  According to SAT solver sharing of port 0 with port 29 is not possible.
  According to SAT solver sharing of port 0 with port 30 is not possible.
  According to SAT solver sharing of port 0 with port 31 is not possible.
  According to SAT solver sharing of port 0 with port 32 is not possible.
  According to SAT solver sharing of port 0 with port 33 is not possible.
  According to SAT solver sharing of port 0 with port 34 is not possible.
  According to SAT solver sharing of port 0 with port 35 is not possible.
  According to SAT solver sharing of port 0 with port 36 is not possible.
  According to SAT solver sharing of port 0 with port 37 is not possible.
  According to SAT solver sharing of port 0 with port 38 is not possible.
  According to SAT solver sharing of port 0 with port 39 is not possible.
  According to SAT solver sharing of port 0 with port 40 is not possible.
  According to SAT solver sharing of port 0 with port 41 is not possible.
  According to SAT solver sharing of port 0 with port 42 is not possible.
  According to SAT solver sharing of port 0 with port 43 is not possible.
  According to SAT solver sharing of port 0 with port 44 is not possible.
  According to SAT solver sharing of port 0 with port 45 is not possible.
  According to SAT solver sharing of port 0 with port 46 is not possible.
  According to SAT solver sharing of port 0 with port 47 is not possible.
  Merging port 48 into port 0.
  According to SAT solver sharing of port 0 with port 49 is not possible.
  According to SAT solver sharing of port 0 with port 50 is not possible.
  According to SAT solver sharing of port 0 with port 51 is not possible.
  According to SAT solver sharing of port 0 with port 52 is not possible.
  According to SAT solver sharing of port 0 with port 53 is not possible.
  According to SAT solver sharing of port 0 with port 54 is not possible.
  According to SAT solver sharing of port 0 with port 55 is not possible.
  According to SAT solver sharing of port 0 with port 56 is not possible.
  According to SAT solver sharing of port 0 with port 57 is not possible.
  According to SAT solver sharing of port 0 with port 58 is not possible.
  According to SAT solver sharing of port 0 with port 59 is not possible.
  According to SAT solver sharing of port 0 with port 60 is not possible.
  According to SAT solver sharing of port 0 with port 61 is not possible.
  According to SAT solver sharing of port 0 with port 62 is not possible.
  According to SAT solver sharing of port 0 with port 63 is not possible.
  According to SAT solver sharing of port 0 with port 64 is not possible.
  According to SAT solver sharing of port 0 with port 65 is not possible.
  According to SAT solver sharing of port 0 with port 66 is not possible.
  According to SAT solver sharing of port 0 with port 67 is not possible.
  According to SAT solver sharing of port 0 with port 68 is not possible.
  According to SAT solver sharing of port 0 with port 69 is not possible.
  According to SAT solver sharing of port 0 with port 70 is not possible.
  According to SAT solver sharing of port 0 with port 71 is not possible.
  According to SAT solver sharing of port 0 with port 72 is not possible.
  According to SAT solver sharing of port 0 with port 73 is not possible.
  According to SAT solver sharing of port 0 with port 74 is not possible.
  According to SAT solver sharing of port 0 with port 75 is not possible.
  According to SAT solver sharing of port 0 with port 76 is not possible.
  According to SAT solver sharing of port 0 with port 77 is not possible.
  According to SAT solver sharing of port 0 with port 78 is not possible.
  According to SAT solver sharing of port 0 with port 79 is not possible.
  Merging port 80 into port 0.
  According to SAT solver sharing of port 0 with port 81 is not possible.
  According to SAT solver sharing of port 0 with port 82 is not possible.
  According to SAT solver sharing of port 0 with port 83 is not possible.
  According to SAT solver sharing of port 0 with port 84 is not possible.
  According to SAT solver sharing of port 0 with port 85 is not possible.
  According to SAT solver sharing of port 0 with port 86 is not possible.
  According to SAT solver sharing of port 0 with port 87 is not possible.
  According to SAT solver sharing of port 17 with port 18 is not possible.
  According to SAT solver sharing of port 17 with port 19 is not possible.
  According to SAT solver sharing of port 17 with port 20 is not possible.
  According to SAT solver sharing of port 17 with port 21 is not possible.
  According to SAT solver sharing of port 17 with port 22 is not possible.
  According to SAT solver sharing of port 17 with port 23 is not possible.
  According to SAT solver sharing of port 17 with port 24 is not possible.
  According to SAT solver sharing of port 17 with port 25 is not possible.
  According to SAT solver sharing of port 17 with port 26 is not possible.
  According to SAT solver sharing of port 17 with port 27 is not possible.
  According to SAT solver sharing of port 17 with port 28 is not possible.
  According to SAT solver sharing of port 17 with port 29 is not possible.
  According to SAT solver sharing of port 17 with port 30 is not possible.
  According to SAT solver sharing of port 17 with port 31 is not possible.
  According to SAT solver sharing of port 17 with port 32 is not possible.
  According to SAT solver sharing of port 17 with port 33 is not possible.
  According to SAT solver sharing of port 17 with port 34 is not possible.
  According to SAT solver sharing of port 17 with port 35 is not possible.
  According to SAT solver sharing of port 17 with port 36 is not possible.
  According to SAT solver sharing of port 17 with port 37 is not possible.
  According to SAT solver sharing of port 17 with port 38 is not possible.
  According to SAT solver sharing of port 17 with port 39 is not possible.
  According to SAT solver sharing of port 17 with port 40 is not possible.
  According to SAT solver sharing of port 17 with port 41 is not possible.
  According to SAT solver sharing of port 17 with port 42 is not possible.
  According to SAT solver sharing of port 17 with port 43 is not possible.
  According to SAT solver sharing of port 17 with port 44 is not possible.
  According to SAT solver sharing of port 17 with port 45 is not possible.
  According to SAT solver sharing of port 17 with port 46 is not possible.
  According to SAT solver sharing of port 17 with port 47 is not possible.
  Merging port 49 into port 17.
  According to SAT solver sharing of port 17 with port 50 is not possible.
  According to SAT solver sharing of port 17 with port 51 is not possible.
  According to SAT solver sharing of port 17 with port 52 is not possible.
  According to SAT solver sharing of port 17 with port 53 is not possible.
  According to SAT solver sharing of port 17 with port 54 is not possible.
  According to SAT solver sharing of port 17 with port 55 is not possible.
  According to SAT solver sharing of port 17 with port 56 is not possible.
  According to SAT solver sharing of port 17 with port 57 is not possible.
  According to SAT solver sharing of port 17 with port 58 is not possible.
  According to SAT solver sharing of port 17 with port 59 is not possible.
  According to SAT solver sharing of port 17 with port 60 is not possible.
  According to SAT solver sharing of port 17 with port 61 is not possible.
  According to SAT solver sharing of port 17 with port 62 is not possible.
  According to SAT solver sharing of port 17 with port 63 is not possible.
  According to SAT solver sharing of port 17 with port 64 is not possible.
  According to SAT solver sharing of port 17 with port 65 is not possible.
  According to SAT solver sharing of port 17 with port 66 is not possible.
  According to SAT solver sharing of port 17 with port 67 is not possible.
  According to SAT solver sharing of port 17 with port 68 is not possible.
  According to SAT solver sharing of port 17 with port 69 is not possible.
  According to SAT solver sharing of port 17 with port 70 is not possible.
  According to SAT solver sharing of port 17 with port 71 is not possible.
  According to SAT solver sharing of port 17 with port 72 is not possible.
  According to SAT solver sharing of port 17 with port 73 is not possible.
  According to SAT solver sharing of port 17 with port 74 is not possible.
  According to SAT solver sharing of port 17 with port 75 is not possible.
  According to SAT solver sharing of port 17 with port 76 is not possible.
  According to SAT solver sharing of port 17 with port 77 is not possible.
  According to SAT solver sharing of port 17 with port 78 is not possible.
  According to SAT solver sharing of port 17 with port 79 is not possible.
  Merging port 81 into port 17.
  According to SAT solver sharing of port 17 with port 82 is not possible.
  According to SAT solver sharing of port 17 with port 83 is not possible.
  According to SAT solver sharing of port 17 with port 84 is not possible.
  According to SAT solver sharing of port 17 with port 85 is not possible.
  According to SAT solver sharing of port 17 with port 86 is not possible.
  According to SAT solver sharing of port 17 with port 87 is not possible.
  According to SAT solver sharing of port 18 with port 19 is not possible.
  According to SAT solver sharing of port 18 with port 20 is not possible.
  According to SAT solver sharing of port 18 with port 21 is not possible.
  According to SAT solver sharing of port 18 with port 22 is not possible.
  According to SAT solver sharing of port 18 with port 23 is not possible.
  According to SAT solver sharing of port 18 with port 24 is not possible.
  According to SAT solver sharing of port 18 with port 25 is not possible.
  According to SAT solver sharing of port 18 with port 26 is not possible.
  According to SAT solver sharing of port 18 with port 27 is not possible.
  According to SAT solver sharing of port 18 with port 28 is not possible.
  According to SAT solver sharing of port 18 with port 29 is not possible.
  According to SAT solver sharing of port 18 with port 30 is not possible.
  According to SAT solver sharing of port 18 with port 31 is not possible.
  According to SAT solver sharing of port 18 with port 32 is not possible.
  According to SAT solver sharing of port 18 with port 33 is not possible.
  According to SAT solver sharing of port 18 with port 34 is not possible.
  According to SAT solver sharing of port 18 with port 35 is not possible.
  According to SAT solver sharing of port 18 with port 36 is not possible.
  According to SAT solver sharing of port 18 with port 37 is not possible.
  According to SAT solver sharing of port 18 with port 38 is not possible.
  According to SAT solver sharing of port 18 with port 39 is not possible.
  According to SAT solver sharing of port 18 with port 40 is not possible.
  According to SAT solver sharing of port 18 with port 41 is not possible.
  According to SAT solver sharing of port 18 with port 42 is not possible.
  According to SAT solver sharing of port 18 with port 43 is not possible.
  According to SAT solver sharing of port 18 with port 44 is not possible.
  According to SAT solver sharing of port 18 with port 45 is not possible.
  According to SAT solver sharing of port 18 with port 46 is not possible.
  According to SAT solver sharing of port 18 with port 47 is not possible.
  Merging port 50 into port 18.
  According to SAT solver sharing of port 18 with port 51 is not possible.
  According to SAT solver sharing of port 18 with port 52 is not possible.
  According to SAT solver sharing of port 18 with port 53 is not possible.
  According to SAT solver sharing of port 18 with port 54 is not possible.
  According to SAT solver sharing of port 18 with port 55 is not possible.
  According to SAT solver sharing of port 18 with port 56 is not possible.
  According to SAT solver sharing of port 18 with port 57 is not possible.
  According to SAT solver sharing of port 18 with port 58 is not possible.
  According to SAT solver sharing of port 18 with port 59 is not possible.
  According to SAT solver sharing of port 18 with port 60 is not possible.
  According to SAT solver sharing of port 18 with port 61 is not possible.
  According to SAT solver sharing of port 18 with port 62 is not possible.
  According to SAT solver sharing of port 18 with port 63 is not possible.
  According to SAT solver sharing of port 18 with port 64 is not possible.
  According to SAT solver sharing of port 18 with port 65 is not possible.
  According to SAT solver sharing of port 18 with port 66 is not possible.
  According to SAT solver sharing of port 18 with port 67 is not possible.
  According to SAT solver sharing of port 18 with port 68 is not possible.
  According to SAT solver sharing of port 18 with port 69 is not possible.
  According to SAT solver sharing of port 18 with port 70 is not possible.
  According to SAT solver sharing of port 18 with port 71 is not possible.
  According to SAT solver sharing of port 18 with port 72 is not possible.
  According to SAT solver sharing of port 18 with port 73 is not possible.
  According to SAT solver sharing of port 18 with port 74 is not possible.
  According to SAT solver sharing of port 18 with port 75 is not possible.
  According to SAT solver sharing of port 18 with port 76 is not possible.
  According to SAT solver sharing of port 18 with port 77 is not possible.
  According to SAT solver sharing of port 18 with port 78 is not possible.
  According to SAT solver sharing of port 18 with port 79 is not possible.
  Merging port 82 into port 18.
  According to SAT solver sharing of port 18 with port 83 is not possible.
  According to SAT solver sharing of port 18 with port 84 is not possible.
  According to SAT solver sharing of port 18 with port 85 is not possible.
  According to SAT solver sharing of port 18 with port 86 is not possible.
  According to SAT solver sharing of port 18 with port 87 is not possible.
  According to SAT solver sharing of port 19 with port 20 is not possible.
  According to SAT solver sharing of port 19 with port 21 is not possible.
  According to SAT solver sharing of port 19 with port 22 is not possible.
  According to SAT solver sharing of port 19 with port 23 is not possible.
  According to SAT solver sharing of port 19 with port 24 is not possible.
  According to SAT solver sharing of port 19 with port 25 is not possible.
  According to SAT solver sharing of port 19 with port 26 is not possible.
  According to SAT solver sharing of port 19 with port 27 is not possible.
  According to SAT solver sharing of port 19 with port 28 is not possible.
  According to SAT solver sharing of port 19 with port 29 is not possible.
  According to SAT solver sharing of port 19 with port 30 is not possible.
  According to SAT solver sharing of port 19 with port 31 is not possible.
  According to SAT solver sharing of port 19 with port 32 is not possible.
  According to SAT solver sharing of port 19 with port 33 is not possible.
  According to SAT solver sharing of port 19 with port 34 is not possible.
  According to SAT solver sharing of port 19 with port 35 is not possible.
  According to SAT solver sharing of port 19 with port 36 is not possible.
  According to SAT solver sharing of port 19 with port 37 is not possible.
  According to SAT solver sharing of port 19 with port 38 is not possible.
  According to SAT solver sharing of port 19 with port 39 is not possible.
  According to SAT solver sharing of port 19 with port 40 is not possible.
  According to SAT solver sharing of port 19 with port 41 is not possible.
  According to SAT solver sharing of port 19 with port 42 is not possible.
  According to SAT solver sharing of port 19 with port 43 is not possible.
  According to SAT solver sharing of port 19 with port 44 is not possible.
  According to SAT solver sharing of port 19 with port 45 is not possible.
  According to SAT solver sharing of port 19 with port 46 is not possible.
  According to SAT solver sharing of port 19 with port 47 is not possible.
  Merging port 51 into port 19.
  According to SAT solver sharing of port 19 with port 52 is not possible.
  According to SAT solver sharing of port 19 with port 53 is not possible.
  According to SAT solver sharing of port 19 with port 54 is not possible.
  According to SAT solver sharing of port 19 with port 55 is not possible.
  According to SAT solver sharing of port 19 with port 56 is not possible.
  According to SAT solver sharing of port 19 with port 57 is not possible.
  According to SAT solver sharing of port 19 with port 58 is not possible.
  According to SAT solver sharing of port 19 with port 59 is not possible.
  According to SAT solver sharing of port 19 with port 60 is not possible.
  According to SAT solver sharing of port 19 with port 61 is not possible.
  According to SAT solver sharing of port 19 with port 62 is not possible.
  According to SAT solver sharing of port 19 with port 63 is not possible.
  According to SAT solver sharing of port 19 with port 64 is not possible.
  According to SAT solver sharing of port 19 with port 65 is not possible.
  According to SAT solver sharing of port 19 with port 66 is not possible.
  According to SAT solver sharing of port 19 with port 67 is not possible.
  According to SAT solver sharing of port 19 with port 68 is not possible.
  According to SAT solver sharing of port 19 with port 69 is not possible.
  According to SAT solver sharing of port 19 with port 70 is not possible.
  According to SAT solver sharing of port 19 with port 71 is not possible.
  According to SAT solver sharing of port 19 with port 72 is not possible.
  According to SAT solver sharing of port 19 with port 73 is not possible.
  According to SAT solver sharing of port 19 with port 74 is not possible.
  According to SAT solver sharing of port 19 with port 75 is not possible.
  According to SAT solver sharing of port 19 with port 76 is not possible.
  According to SAT solver sharing of port 19 with port 77 is not possible.
  According to SAT solver sharing of port 19 with port 78 is not possible.
  According to SAT solver sharing of port 19 with port 79 is not possible.
  Merging port 83 into port 19.
  According to SAT solver sharing of port 19 with port 84 is not possible.
  According to SAT solver sharing of port 19 with port 85 is not possible.
  According to SAT solver sharing of port 19 with port 86 is not possible.
  According to SAT solver sharing of port 19 with port 87 is not possible.
  According to SAT solver sharing of port 20 with port 21 is not possible.
  According to SAT solver sharing of port 20 with port 22 is not possible.
  According to SAT solver sharing of port 20 with port 23 is not possible.
  According to SAT solver sharing of port 20 with port 24 is not possible.
  According to SAT solver sharing of port 20 with port 25 is not possible.
  According to SAT solver sharing of port 20 with port 26 is not possible.
  According to SAT solver sharing of port 20 with port 27 is not possible.
  According to SAT solver sharing of port 20 with port 28 is not possible.
  According to SAT solver sharing of port 20 with port 29 is not possible.
  According to SAT solver sharing of port 20 with port 30 is not possible.
  According to SAT solver sharing of port 20 with port 31 is not possible.
  According to SAT solver sharing of port 20 with port 32 is not possible.
  According to SAT solver sharing of port 20 with port 33 is not possible.
  According to SAT solver sharing of port 20 with port 34 is not possible.
  According to SAT solver sharing of port 20 with port 35 is not possible.
  According to SAT solver sharing of port 20 with port 36 is not possible.
  According to SAT solver sharing of port 20 with port 37 is not possible.
  According to SAT solver sharing of port 20 with port 38 is not possible.
  According to SAT solver sharing of port 20 with port 39 is not possible.
  According to SAT solver sharing of port 20 with port 40 is not possible.
  According to SAT solver sharing of port 20 with port 41 is not possible.
  According to SAT solver sharing of port 20 with port 42 is not possible.
  According to SAT solver sharing of port 20 with port 43 is not possible.
  According to SAT solver sharing of port 20 with port 44 is not possible.
  According to SAT solver sharing of port 20 with port 45 is not possible.
  According to SAT solver sharing of port 20 with port 46 is not possible.
  According to SAT solver sharing of port 20 with port 47 is not possible.
  Merging port 52 into port 20.
  According to SAT solver sharing of port 20 with port 53 is not possible.
  According to SAT solver sharing of port 20 with port 54 is not possible.
  According to SAT solver sharing of port 20 with port 55 is not possible.
  According to SAT solver sharing of port 20 with port 56 is not possible.
  According to SAT solver sharing of port 20 with port 57 is not possible.
  According to SAT solver sharing of port 20 with port 58 is not possible.
  According to SAT solver sharing of port 20 with port 59 is not possible.
  According to SAT solver sharing of port 20 with port 60 is not possible.
  According to SAT solver sharing of port 20 with port 61 is not possible.
  According to SAT solver sharing of port 20 with port 62 is not possible.
  According to SAT solver sharing of port 20 with port 63 is not possible.
  According to SAT solver sharing of port 20 with port 64 is not possible.
  According to SAT solver sharing of port 20 with port 65 is not possible.
  According to SAT solver sharing of port 20 with port 66 is not possible.
  According to SAT solver sharing of port 20 with port 67 is not possible.
  According to SAT solver sharing of port 20 with port 68 is not possible.
  According to SAT solver sharing of port 20 with port 69 is not possible.
  According to SAT solver sharing of port 20 with port 70 is not possible.
  According to SAT solver sharing of port 20 with port 71 is not possible.
  According to SAT solver sharing of port 20 with port 72 is not possible.
  According to SAT solver sharing of port 20 with port 73 is not possible.
  According to SAT solver sharing of port 20 with port 74 is not possible.
  According to SAT solver sharing of port 20 with port 75 is not possible.
  According to SAT solver sharing of port 20 with port 76 is not possible.
  According to SAT solver sharing of port 20 with port 77 is not possible.
  According to SAT solver sharing of port 20 with port 78 is not possible.
  According to SAT solver sharing of port 20 with port 79 is not possible.
  Merging port 84 into port 20.
  According to SAT solver sharing of port 20 with port 85 is not possible.
  According to SAT solver sharing of port 20 with port 86 is not possible.
  According to SAT solver sharing of port 20 with port 87 is not possible.
  According to SAT solver sharing of port 21 with port 22 is not possible.
  According to SAT solver sharing of port 21 with port 23 is not possible.
  According to SAT solver sharing of port 21 with port 24 is not possible.
  According to SAT solver sharing of port 21 with port 25 is not possible.
  According to SAT solver sharing of port 21 with port 26 is not possible.
  According to SAT solver sharing of port 21 with port 27 is not possible.
  According to SAT solver sharing of port 21 with port 28 is not possible.
  According to SAT solver sharing of port 21 with port 29 is not possible.
  According to SAT solver sharing of port 21 with port 30 is not possible.
  According to SAT solver sharing of port 21 with port 31 is not possible.
  According to SAT solver sharing of port 21 with port 32 is not possible.
  According to SAT solver sharing of port 21 with port 33 is not possible.
  According to SAT solver sharing of port 21 with port 34 is not possible.
  According to SAT solver sharing of port 21 with port 35 is not possible.
  According to SAT solver sharing of port 21 with port 36 is not possible.
  According to SAT solver sharing of port 21 with port 37 is not possible.
  According to SAT solver sharing of port 21 with port 38 is not possible.
  According to SAT solver sharing of port 21 with port 39 is not possible.
  According to SAT solver sharing of port 21 with port 40 is not possible.
  According to SAT solver sharing of port 21 with port 41 is not possible.
  According to SAT solver sharing of port 21 with port 42 is not possible.
  According to SAT solver sharing of port 21 with port 43 is not possible.
  According to SAT solver sharing of port 21 with port 44 is not possible.
  According to SAT solver sharing of port 21 with port 45 is not possible.
  According to SAT solver sharing of port 21 with port 46 is not possible.
  According to SAT solver sharing of port 21 with port 47 is not possible.
  Merging port 53 into port 21.
  According to SAT solver sharing of port 21 with port 54 is not possible.
  According to SAT solver sharing of port 21 with port 55 is not possible.
  According to SAT solver sharing of port 21 with port 56 is not possible.
  According to SAT solver sharing of port 21 with port 57 is not possible.
  According to SAT solver sharing of port 21 with port 58 is not possible.
  According to SAT solver sharing of port 21 with port 59 is not possible.
  According to SAT solver sharing of port 21 with port 60 is not possible.
  According to SAT solver sharing of port 21 with port 61 is not possible.
  According to SAT solver sharing of port 21 with port 62 is not possible.
  According to SAT solver sharing of port 21 with port 63 is not possible.
  According to SAT solver sharing of port 21 with port 64 is not possible.
  According to SAT solver sharing of port 21 with port 65 is not possible.
  According to SAT solver sharing of port 21 with port 66 is not possible.
  According to SAT solver sharing of port 21 with port 67 is not possible.
  According to SAT solver sharing of port 21 with port 68 is not possible.
  According to SAT solver sharing of port 21 with port 69 is not possible.
  According to SAT solver sharing of port 21 with port 70 is not possible.
  According to SAT solver sharing of port 21 with port 71 is not possible.
  According to SAT solver sharing of port 21 with port 72 is not possible.
  According to SAT solver sharing of port 21 with port 73 is not possible.
  According to SAT solver sharing of port 21 with port 74 is not possible.
  According to SAT solver sharing of port 21 with port 75 is not possible.
  According to SAT solver sharing of port 21 with port 76 is not possible.
  According to SAT solver sharing of port 21 with port 77 is not possible.
  According to SAT solver sharing of port 21 with port 78 is not possible.
  According to SAT solver sharing of port 21 with port 79 is not possible.
  Merging port 85 into port 21.
  According to SAT solver sharing of port 21 with port 86 is not possible.
  According to SAT solver sharing of port 21 with port 87 is not possible.
  According to SAT solver sharing of port 22 with port 23 is not possible.
  According to SAT solver sharing of port 22 with port 24 is not possible.
  According to SAT solver sharing of port 22 with port 25 is not possible.
  According to SAT solver sharing of port 22 with port 26 is not possible.
  According to SAT solver sharing of port 22 with port 27 is not possible.
  According to SAT solver sharing of port 22 with port 28 is not possible.
  According to SAT solver sharing of port 22 with port 29 is not possible.
  According to SAT solver sharing of port 22 with port 30 is not possible.
  According to SAT solver sharing of port 22 with port 31 is not possible.
  According to SAT solver sharing of port 22 with port 32 is not possible.
  According to SAT solver sharing of port 22 with port 33 is not possible.
  According to SAT solver sharing of port 22 with port 34 is not possible.
  According to SAT solver sharing of port 22 with port 35 is not possible.
  According to SAT solver sharing of port 22 with port 36 is not possible.
  According to SAT solver sharing of port 22 with port 37 is not possible.
  According to SAT solver sharing of port 22 with port 38 is not possible.
  According to SAT solver sharing of port 22 with port 39 is not possible.
  According to SAT solver sharing of port 22 with port 40 is not possible.
  According to SAT solver sharing of port 22 with port 41 is not possible.
  According to SAT solver sharing of port 22 with port 42 is not possible.
  According to SAT solver sharing of port 22 with port 43 is not possible.
  According to SAT solver sharing of port 22 with port 44 is not possible.
  According to SAT solver sharing of port 22 with port 45 is not possible.
  According to SAT solver sharing of port 22 with port 46 is not possible.
  According to SAT solver sharing of port 22 with port 47 is not possible.
  Merging port 54 into port 22.
  According to SAT solver sharing of port 22 with port 55 is not possible.
  According to SAT solver sharing of port 22 with port 56 is not possible.
  According to SAT solver sharing of port 22 with port 57 is not possible.
  According to SAT solver sharing of port 22 with port 58 is not possible.
  According to SAT solver sharing of port 22 with port 59 is not possible.
  According to SAT solver sharing of port 22 with port 60 is not possible.
  According to SAT solver sharing of port 22 with port 61 is not possible.
  According to SAT solver sharing of port 22 with port 62 is not possible.
  According to SAT solver sharing of port 22 with port 63 is not possible.
  According to SAT solver sharing of port 22 with port 64 is not possible.
  According to SAT solver sharing of port 22 with port 65 is not possible.
  According to SAT solver sharing of port 22 with port 66 is not possible.
  According to SAT solver sharing of port 22 with port 67 is not possible.
  According to SAT solver sharing of port 22 with port 68 is not possible.
  According to SAT solver sharing of port 22 with port 69 is not possible.
  According to SAT solver sharing of port 22 with port 70 is not possible.
  According to SAT solver sharing of port 22 with port 71 is not possible.
  According to SAT solver sharing of port 22 with port 72 is not possible.
  According to SAT solver sharing of port 22 with port 73 is not possible.
  According to SAT solver sharing of port 22 with port 74 is not possible.
  According to SAT solver sharing of port 22 with port 75 is not possible.
  According to SAT solver sharing of port 22 with port 76 is not possible.
  According to SAT solver sharing of port 22 with port 77 is not possible.
  According to SAT solver sharing of port 22 with port 78 is not possible.
  According to SAT solver sharing of port 22 with port 79 is not possible.
  Merging port 86 into port 22.
  According to SAT solver sharing of port 22 with port 87 is not possible.
  According to SAT solver sharing of port 23 with port 24 is not possible.
  According to SAT solver sharing of port 23 with port 25 is not possible.
  According to SAT solver sharing of port 23 with port 26 is not possible.
  According to SAT solver sharing of port 23 with port 27 is not possible.
  According to SAT solver sharing of port 23 with port 28 is not possible.
  According to SAT solver sharing of port 23 with port 29 is not possible.
  According to SAT solver sharing of port 23 with port 30 is not possible.
  According to SAT solver sharing of port 23 with port 31 is not possible.
  According to SAT solver sharing of port 23 with port 32 is not possible.
  According to SAT solver sharing of port 23 with port 33 is not possible.
  According to SAT solver sharing of port 23 with port 34 is not possible.
  According to SAT solver sharing of port 23 with port 35 is not possible.
  According to SAT solver sharing of port 23 with port 36 is not possible.
  According to SAT solver sharing of port 23 with port 37 is not possible.
  According to SAT solver sharing of port 23 with port 38 is not possible.
  According to SAT solver sharing of port 23 with port 39 is not possible.
  According to SAT solver sharing of port 23 with port 40 is not possible.
  According to SAT solver sharing of port 23 with port 41 is not possible.
  According to SAT solver sharing of port 23 with port 42 is not possible.
  According to SAT solver sharing of port 23 with port 43 is not possible.
  According to SAT solver sharing of port 23 with port 44 is not possible.
  According to SAT solver sharing of port 23 with port 45 is not possible.
  According to SAT solver sharing of port 23 with port 46 is not possible.
  According to SAT solver sharing of port 23 with port 47 is not possible.
  Merging port 55 into port 23.
  According to SAT solver sharing of port 23 with port 56 is not possible.
  According to SAT solver sharing of port 23 with port 57 is not possible.
  According to SAT solver sharing of port 23 with port 58 is not possible.
  According to SAT solver sharing of port 23 with port 59 is not possible.
  According to SAT solver sharing of port 23 with port 60 is not possible.
  According to SAT solver sharing of port 23 with port 61 is not possible.
  According to SAT solver sharing of port 23 with port 62 is not possible.
  According to SAT solver sharing of port 23 with port 63 is not possible.
  According to SAT solver sharing of port 23 with port 64 is not possible.
  According to SAT solver sharing of port 23 with port 65 is not possible.
  According to SAT solver sharing of port 23 with port 66 is not possible.
  According to SAT solver sharing of port 23 with port 67 is not possible.
  According to SAT solver sharing of port 23 with port 68 is not possible.
  According to SAT solver sharing of port 23 with port 69 is not possible.
  According to SAT solver sharing of port 23 with port 70 is not possible.
  According to SAT solver sharing of port 23 with port 71 is not possible.
  According to SAT solver sharing of port 23 with port 72 is not possible.
  According to SAT solver sharing of port 23 with port 73 is not possible.
  According to SAT solver sharing of port 23 with port 74 is not possible.
  According to SAT solver sharing of port 23 with port 75 is not possible.
  According to SAT solver sharing of port 23 with port 76 is not possible.
  According to SAT solver sharing of port 23 with port 77 is not possible.
  According to SAT solver sharing of port 23 with port 78 is not possible.
  According to SAT solver sharing of port 23 with port 79 is not possible.
  Merging port 87 into port 23.
  According to SAT solver sharing of port 24 with port 25 is not possible.
  According to SAT solver sharing of port 24 with port 26 is not possible.
  According to SAT solver sharing of port 24 with port 27 is not possible.
  According to SAT solver sharing of port 24 with port 28 is not possible.
  According to SAT solver sharing of port 24 with port 29 is not possible.
  According to SAT solver sharing of port 24 with port 30 is not possible.
  According to SAT solver sharing of port 24 with port 31 is not possible.
  According to SAT solver sharing of port 24 with port 32 is not possible.
  According to SAT solver sharing of port 24 with port 33 is not possible.
  According to SAT solver sharing of port 24 with port 34 is not possible.
  According to SAT solver sharing of port 24 with port 35 is not possible.
  According to SAT solver sharing of port 24 with port 36 is not possible.
  According to SAT solver sharing of port 24 with port 37 is not possible.
  According to SAT solver sharing of port 24 with port 38 is not possible.
  According to SAT solver sharing of port 24 with port 39 is not possible.
  According to SAT solver sharing of port 24 with port 40 is not possible.
  According to SAT solver sharing of port 24 with port 41 is not possible.
  According to SAT solver sharing of port 24 with port 42 is not possible.
  According to SAT solver sharing of port 24 with port 43 is not possible.
  According to SAT solver sharing of port 24 with port 44 is not possible.
  According to SAT solver sharing of port 24 with port 45 is not possible.
  According to SAT solver sharing of port 24 with port 46 is not possible.
  According to SAT solver sharing of port 24 with port 47 is not possible.
  Merging port 56 into port 24.
  According to SAT solver sharing of port 24 with port 57 is not possible.
  According to SAT solver sharing of port 24 with port 58 is not possible.
  According to SAT solver sharing of port 24 with port 59 is not possible.
  According to SAT solver sharing of port 24 with port 60 is not possible.
  According to SAT solver sharing of port 24 with port 61 is not possible.
  According to SAT solver sharing of port 24 with port 62 is not possible.
  According to SAT solver sharing of port 24 with port 63 is not possible.
  According to SAT solver sharing of port 24 with port 64 is not possible.
  According to SAT solver sharing of port 24 with port 65 is not possible.
  According to SAT solver sharing of port 24 with port 66 is not possible.
  According to SAT solver sharing of port 24 with port 67 is not possible.
  According to SAT solver sharing of port 24 with port 68 is not possible.
  According to SAT solver sharing of port 24 with port 69 is not possible.
  According to SAT solver sharing of port 24 with port 70 is not possible.
  According to SAT solver sharing of port 24 with port 71 is not possible.
  According to SAT solver sharing of port 24 with port 72 is not possible.
  According to SAT solver sharing of port 24 with port 73 is not possible.
  According to SAT solver sharing of port 24 with port 74 is not possible.
  According to SAT solver sharing of port 24 with port 75 is not possible.
  According to SAT solver sharing of port 24 with port 76 is not possible.
  According to SAT solver sharing of port 24 with port 77 is not possible.
  According to SAT solver sharing of port 24 with port 78 is not possible.
  According to SAT solver sharing of port 24 with port 79 is not possible.
  According to SAT solver sharing of port 25 with port 26 is not possible.
  According to SAT solver sharing of port 25 with port 27 is not possible.
  According to SAT solver sharing of port 25 with port 28 is not possible.
  According to SAT solver sharing of port 25 with port 29 is not possible.
  According to SAT solver sharing of port 25 with port 30 is not possible.
  According to SAT solver sharing of port 25 with port 31 is not possible.
  According to SAT solver sharing of port 25 with port 32 is not possible.
  According to SAT solver sharing of port 25 with port 33 is not possible.
  According to SAT solver sharing of port 25 with port 34 is not possible.
  According to SAT solver sharing of port 25 with port 35 is not possible.
  According to SAT solver sharing of port 25 with port 36 is not possible.
  According to SAT solver sharing of port 25 with port 37 is not possible.
  According to SAT solver sharing of port 25 with port 38 is not possible.
  According to SAT solver sharing of port 25 with port 39 is not possible.
  According to SAT solver sharing of port 25 with port 40 is not possible.
  According to SAT solver sharing of port 25 with port 41 is not possible.
  According to SAT solver sharing of port 25 with port 42 is not possible.
  According to SAT solver sharing of port 25 with port 43 is not possible.
  According to SAT solver sharing of port 25 with port 44 is not possible.
  According to SAT solver sharing of port 25 with port 45 is not possible.
  According to SAT solver sharing of port 25 with port 46 is not possible.
  According to SAT solver sharing of port 25 with port 47 is not possible.
  Merging port 57 into port 25.
  According to SAT solver sharing of port 25 with port 58 is not possible.
  According to SAT solver sharing of port 25 with port 59 is not possible.
  According to SAT solver sharing of port 25 with port 60 is not possible.
  According to SAT solver sharing of port 25 with port 61 is not possible.
  According to SAT solver sharing of port 25 with port 62 is not possible.
  According to SAT solver sharing of port 25 with port 63 is not possible.
  According to SAT solver sharing of port 25 with port 64 is not possible.
  According to SAT solver sharing of port 25 with port 65 is not possible.
  According to SAT solver sharing of port 25 with port 66 is not possible.
  According to SAT solver sharing of port 25 with port 67 is not possible.
  According to SAT solver sharing of port 25 with port 68 is not possible.
  According to SAT solver sharing of port 25 with port 69 is not possible.
  According to SAT solver sharing of port 25 with port 70 is not possible.
  According to SAT solver sharing of port 25 with port 71 is not possible.
  According to SAT solver sharing of port 25 with port 72 is not possible.
  According to SAT solver sharing of port 25 with port 73 is not possible.
  According to SAT solver sharing of port 25 with port 74 is not possible.
  According to SAT solver sharing of port 25 with port 75 is not possible.
  According to SAT solver sharing of port 25 with port 76 is not possible.
  According to SAT solver sharing of port 25 with port 77 is not possible.
  According to SAT solver sharing of port 25 with port 78 is not possible.
  According to SAT solver sharing of port 25 with port 79 is not possible.
  According to SAT solver sharing of port 26 with port 27 is not possible.
  According to SAT solver sharing of port 26 with port 28 is not possible.
  According to SAT solver sharing of port 26 with port 29 is not possible.
  According to SAT solver sharing of port 26 with port 30 is not possible.
  According to SAT solver sharing of port 26 with port 31 is not possible.
  According to SAT solver sharing of port 26 with port 32 is not possible.
  According to SAT solver sharing of port 26 with port 33 is not possible.
  According to SAT solver sharing of port 26 with port 34 is not possible.
  According to SAT solver sharing of port 26 with port 35 is not possible.
  According to SAT solver sharing of port 26 with port 36 is not possible.
  According to SAT solver sharing of port 26 with port 37 is not possible.
  According to SAT solver sharing of port 26 with port 38 is not possible.
  According to SAT solver sharing of port 26 with port 39 is not possible.
  According to SAT solver sharing of port 26 with port 40 is not possible.
  According to SAT solver sharing of port 26 with port 41 is not possible.
  According to SAT solver sharing of port 26 with port 42 is not possible.
  According to SAT solver sharing of port 26 with port 43 is not possible.
  According to SAT solver sharing of port 26 with port 44 is not possible.
  According to SAT solver sharing of port 26 with port 45 is not possible.
  According to SAT solver sharing of port 26 with port 46 is not possible.
  According to SAT solver sharing of port 26 with port 47 is not possible.
  Merging port 58 into port 26.
  According to SAT solver sharing of port 26 with port 59 is not possible.
  According to SAT solver sharing of port 26 with port 60 is not possible.
  According to SAT solver sharing of port 26 with port 61 is not possible.
  According to SAT solver sharing of port 26 with port 62 is not possible.
  According to SAT solver sharing of port 26 with port 63 is not possible.
  According to SAT solver sharing of port 26 with port 64 is not possible.
  According to SAT solver sharing of port 26 with port 65 is not possible.
  According to SAT solver sharing of port 26 with port 66 is not possible.
  According to SAT solver sharing of port 26 with port 67 is not possible.
  According to SAT solver sharing of port 26 with port 68 is not possible.
  According to SAT solver sharing of port 26 with port 69 is not possible.
  According to SAT solver sharing of port 26 with port 70 is not possible.
  According to SAT solver sharing of port 26 with port 71 is not possible.
  According to SAT solver sharing of port 26 with port 72 is not possible.
  According to SAT solver sharing of port 26 with port 73 is not possible.
  According to SAT solver sharing of port 26 with port 74 is not possible.
  According to SAT solver sharing of port 26 with port 75 is not possible.
  According to SAT solver sharing of port 26 with port 76 is not possible.
  According to SAT solver sharing of port 26 with port 77 is not possible.
  According to SAT solver sharing of port 26 with port 78 is not possible.
  According to SAT solver sharing of port 26 with port 79 is not possible.
  According to SAT solver sharing of port 27 with port 28 is not possible.
  According to SAT solver sharing of port 27 with port 29 is not possible.
  According to SAT solver sharing of port 27 with port 30 is not possible.
  According to SAT solver sharing of port 27 with port 31 is not possible.
  According to SAT solver sharing of port 27 with port 32 is not possible.
  According to SAT solver sharing of port 27 with port 33 is not possible.
  According to SAT solver sharing of port 27 with port 34 is not possible.
  According to SAT solver sharing of port 27 with port 35 is not possible.
  According to SAT solver sharing of port 27 with port 36 is not possible.
  According to SAT solver sharing of port 27 with port 37 is not possible.
  According to SAT solver sharing of port 27 with port 38 is not possible.
  According to SAT solver sharing of port 27 with port 39 is not possible.
  According to SAT solver sharing of port 27 with port 40 is not possible.
  According to SAT solver sharing of port 27 with port 41 is not possible.
  According to SAT solver sharing of port 27 with port 42 is not possible.
  According to SAT solver sharing of port 27 with port 43 is not possible.
  According to SAT solver sharing of port 27 with port 44 is not possible.
  According to SAT solver sharing of port 27 with port 45 is not possible.
  According to SAT solver sharing of port 27 with port 46 is not possible.
  According to SAT solver sharing of port 27 with port 47 is not possible.
  Merging port 59 into port 27.
  According to SAT solver sharing of port 27 with port 60 is not possible.
  According to SAT solver sharing of port 27 with port 61 is not possible.
  According to SAT solver sharing of port 27 with port 62 is not possible.
  According to SAT solver sharing of port 27 with port 63 is not possible.
  According to SAT solver sharing of port 27 with port 64 is not possible.
  According to SAT solver sharing of port 27 with port 65 is not possible.
  According to SAT solver sharing of port 27 with port 66 is not possible.
  According to SAT solver sharing of port 27 with port 67 is not possible.
  According to SAT solver sharing of port 27 with port 68 is not possible.
  According to SAT solver sharing of port 27 with port 69 is not possible.
  According to SAT solver sharing of port 27 with port 70 is not possible.
  According to SAT solver sharing of port 27 with port 71 is not possible.
  According to SAT solver sharing of port 27 with port 72 is not possible.
  According to SAT solver sharing of port 27 with port 73 is not possible.
  According to SAT solver sharing of port 27 with port 74 is not possible.
  According to SAT solver sharing of port 27 with port 75 is not possible.
  According to SAT solver sharing of port 27 with port 76 is not possible.
  According to SAT solver sharing of port 27 with port 77 is not possible.
  According to SAT solver sharing of port 27 with port 78 is not possible.
  According to SAT solver sharing of port 27 with port 79 is not possible.
  According to SAT solver sharing of port 28 with port 29 is not possible.
  According to SAT solver sharing of port 28 with port 30 is not possible.
  According to SAT solver sharing of port 28 with port 31 is not possible.
  According to SAT solver sharing of port 28 with port 32 is not possible.
  According to SAT solver sharing of port 28 with port 33 is not possible.
  According to SAT solver sharing of port 28 with port 34 is not possible.
  According to SAT solver sharing of port 28 with port 35 is not possible.
  According to SAT solver sharing of port 28 with port 36 is not possible.
  According to SAT solver sharing of port 28 with port 37 is not possible.
  According to SAT solver sharing of port 28 with port 38 is not possible.
  According to SAT solver sharing of port 28 with port 39 is not possible.
  According to SAT solver sharing of port 28 with port 40 is not possible.
  According to SAT solver sharing of port 28 with port 41 is not possible.
  According to SAT solver sharing of port 28 with port 42 is not possible.
  According to SAT solver sharing of port 28 with port 43 is not possible.
  According to SAT solver sharing of port 28 with port 44 is not possible.
  According to SAT solver sharing of port 28 with port 45 is not possible.
  According to SAT solver sharing of port 28 with port 46 is not possible.
  According to SAT solver sharing of port 28 with port 47 is not possible.
  Merging port 60 into port 28.
  According to SAT solver sharing of port 28 with port 61 is not possible.
  According to SAT solver sharing of port 28 with port 62 is not possible.
  According to SAT solver sharing of port 28 with port 63 is not possible.
  According to SAT solver sharing of port 28 with port 64 is not possible.
  According to SAT solver sharing of port 28 with port 65 is not possible.
  According to SAT solver sharing of port 28 with port 66 is not possible.
  According to SAT solver sharing of port 28 with port 67 is not possible.
  According to SAT solver sharing of port 28 with port 68 is not possible.
  According to SAT solver sharing of port 28 with port 69 is not possible.
  According to SAT solver sharing of port 28 with port 70 is not possible.
  According to SAT solver sharing of port 28 with port 71 is not possible.
  According to SAT solver sharing of port 28 with port 72 is not possible.
  According to SAT solver sharing of port 28 with port 73 is not possible.
  According to SAT solver sharing of port 28 with port 74 is not possible.
  According to SAT solver sharing of port 28 with port 75 is not possible.
  According to SAT solver sharing of port 28 with port 76 is not possible.
  According to SAT solver sharing of port 28 with port 77 is not possible.
  According to SAT solver sharing of port 28 with port 78 is not possible.
  According to SAT solver sharing of port 28 with port 79 is not possible.
  According to SAT solver sharing of port 29 with port 30 is not possible.
  According to SAT solver sharing of port 29 with port 31 is not possible.
  According to SAT solver sharing of port 29 with port 32 is not possible.
  According to SAT solver sharing of port 29 with port 33 is not possible.
  According to SAT solver sharing of port 29 with port 34 is not possible.
  According to SAT solver sharing of port 29 with port 35 is not possible.
  According to SAT solver sharing of port 29 with port 36 is not possible.
  According to SAT solver sharing of port 29 with port 37 is not possible.
  According to SAT solver sharing of port 29 with port 38 is not possible.
  According to SAT solver sharing of port 29 with port 39 is not possible.
  According to SAT solver sharing of port 29 with port 40 is not possible.
  According to SAT solver sharing of port 29 with port 41 is not possible.
  According to SAT solver sharing of port 29 with port 42 is not possible.
  According to SAT solver sharing of port 29 with port 43 is not possible.
  According to SAT solver sharing of port 29 with port 44 is not possible.
  According to SAT solver sharing of port 29 with port 45 is not possible.
  According to SAT solver sharing of port 29 with port 46 is not possible.
  According to SAT solver sharing of port 29 with port 47 is not possible.
  Merging port 61 into port 29.
  According to SAT solver sharing of port 29 with port 62 is not possible.
  According to SAT solver sharing of port 29 with port 63 is not possible.
  According to SAT solver sharing of port 29 with port 64 is not possible.
  According to SAT solver sharing of port 29 with port 65 is not possible.
  According to SAT solver sharing of port 29 with port 66 is not possible.
  According to SAT solver sharing of port 29 with port 67 is not possible.
  According to SAT solver sharing of port 29 with port 68 is not possible.
  According to SAT solver sharing of port 29 with port 69 is not possible.
  According to SAT solver sharing of port 29 with port 70 is not possible.
  According to SAT solver sharing of port 29 with port 71 is not possible.
  According to SAT solver sharing of port 29 with port 72 is not possible.
  According to SAT solver sharing of port 29 with port 73 is not possible.
  According to SAT solver sharing of port 29 with port 74 is not possible.
  According to SAT solver sharing of port 29 with port 75 is not possible.
  According to SAT solver sharing of port 29 with port 76 is not possible.
  According to SAT solver sharing of port 29 with port 77 is not possible.
  According to SAT solver sharing of port 29 with port 78 is not possible.
  According to SAT solver sharing of port 29 with port 79 is not possible.
  According to SAT solver sharing of port 30 with port 31 is not possible.
  According to SAT solver sharing of port 30 with port 32 is not possible.
  According to SAT solver sharing of port 30 with port 33 is not possible.
  According to SAT solver sharing of port 30 with port 34 is not possible.
  According to SAT solver sharing of port 30 with port 35 is not possible.
  According to SAT solver sharing of port 30 with port 36 is not possible.
  According to SAT solver sharing of port 30 with port 37 is not possible.
  According to SAT solver sharing of port 30 with port 38 is not possible.
  According to SAT solver sharing of port 30 with port 39 is not possible.
  According to SAT solver sharing of port 30 with port 40 is not possible.
  According to SAT solver sharing of port 30 with port 41 is not possible.
  According to SAT solver sharing of port 30 with port 42 is not possible.
  According to SAT solver sharing of port 30 with port 43 is not possible.
  According to SAT solver sharing of port 30 with port 44 is not possible.
  According to SAT solver sharing of port 30 with port 45 is not possible.
  According to SAT solver sharing of port 30 with port 46 is not possible.
  According to SAT solver sharing of port 30 with port 47 is not possible.
  Merging port 62 into port 30.
  According to SAT solver sharing of port 30 with port 63 is not possible.
  According to SAT solver sharing of port 30 with port 64 is not possible.
  According to SAT solver sharing of port 30 with port 65 is not possible.
  According to SAT solver sharing of port 30 with port 66 is not possible.
  According to SAT solver sharing of port 30 with port 67 is not possible.
  According to SAT solver sharing of port 30 with port 68 is not possible.
  According to SAT solver sharing of port 30 with port 69 is not possible.
  According to SAT solver sharing of port 30 with port 70 is not possible.
  According to SAT solver sharing of port 30 with port 71 is not possible.
  According to SAT solver sharing of port 30 with port 72 is not possible.
  According to SAT solver sharing of port 30 with port 73 is not possible.
  According to SAT solver sharing of port 30 with port 74 is not possible.
  According to SAT solver sharing of port 30 with port 75 is not possible.
  According to SAT solver sharing of port 30 with port 76 is not possible.
  According to SAT solver sharing of port 30 with port 77 is not possible.
  According to SAT solver sharing of port 30 with port 78 is not possible.
  According to SAT solver sharing of port 30 with port 79 is not possible.
  According to SAT solver sharing of port 31 with port 32 is not possible.
  According to SAT solver sharing of port 31 with port 33 is not possible.
  According to SAT solver sharing of port 31 with port 34 is not possible.
  According to SAT solver sharing of port 31 with port 35 is not possible.
  According to SAT solver sharing of port 31 with port 36 is not possible.
  According to SAT solver sharing of port 31 with port 37 is not possible.
  According to SAT solver sharing of port 31 with port 38 is not possible.
  According to SAT solver sharing of port 31 with port 39 is not possible.
  According to SAT solver sharing of port 31 with port 40 is not possible.
  According to SAT solver sharing of port 31 with port 41 is not possible.
  According to SAT solver sharing of port 31 with port 42 is not possible.
  According to SAT solver sharing of port 31 with port 43 is not possible.
  According to SAT solver sharing of port 31 with port 44 is not possible.
  According to SAT solver sharing of port 31 with port 45 is not possible.
  According to SAT solver sharing of port 31 with port 46 is not possible.
  According to SAT solver sharing of port 31 with port 47 is not possible.
  Merging port 63 into port 31.
  According to SAT solver sharing of port 31 with port 64 is not possible.
  According to SAT solver sharing of port 31 with port 65 is not possible.
  According to SAT solver sharing of port 31 with port 66 is not possible.
  According to SAT solver sharing of port 31 with port 67 is not possible.
  According to SAT solver sharing of port 31 with port 68 is not possible.
  According to SAT solver sharing of port 31 with port 69 is not possible.
  According to SAT solver sharing of port 31 with port 70 is not possible.
  According to SAT solver sharing of port 31 with port 71 is not possible.
  According to SAT solver sharing of port 31 with port 72 is not possible.
  According to SAT solver sharing of port 31 with port 73 is not possible.
  According to SAT solver sharing of port 31 with port 74 is not possible.
  According to SAT solver sharing of port 31 with port 75 is not possible.
  According to SAT solver sharing of port 31 with port 76 is not possible.
  According to SAT solver sharing of port 31 with port 77 is not possible.
  According to SAT solver sharing of port 31 with port 78 is not possible.
  According to SAT solver sharing of port 31 with port 79 is not possible.
  According to SAT solver sharing of port 32 with port 33 is not possible.
  According to SAT solver sharing of port 32 with port 34 is not possible.
  According to SAT solver sharing of port 32 with port 35 is not possible.
  According to SAT solver sharing of port 32 with port 36 is not possible.
  According to SAT solver sharing of port 32 with port 37 is not possible.
  According to SAT solver sharing of port 32 with port 38 is not possible.
  According to SAT solver sharing of port 32 with port 39 is not possible.
  According to SAT solver sharing of port 32 with port 40 is not possible.
  According to SAT solver sharing of port 32 with port 41 is not possible.
  According to SAT solver sharing of port 32 with port 42 is not possible.
  According to SAT solver sharing of port 32 with port 43 is not possible.
  According to SAT solver sharing of port 32 with port 44 is not possible.
  According to SAT solver sharing of port 32 with port 45 is not possible.
  According to SAT solver sharing of port 32 with port 46 is not possible.
  According to SAT solver sharing of port 32 with port 47 is not possible.
  Merging port 64 into port 32.
  According to SAT solver sharing of port 32 with port 65 is not possible.
  According to SAT solver sharing of port 32 with port 66 is not possible.
  According to SAT solver sharing of port 32 with port 67 is not possible.
  According to SAT solver sharing of port 32 with port 68 is not possible.
  According to SAT solver sharing of port 32 with port 69 is not possible.
  According to SAT solver sharing of port 32 with port 70 is not possible.
  According to SAT solver sharing of port 32 with port 71 is not possible.
  According to SAT solver sharing of port 32 with port 72 is not possible.
  According to SAT solver sharing of port 32 with port 73 is not possible.
  According to SAT solver sharing of port 32 with port 74 is not possible.
  According to SAT solver sharing of port 32 with port 75 is not possible.
  According to SAT solver sharing of port 32 with port 76 is not possible.
  According to SAT solver sharing of port 32 with port 77 is not possible.
  According to SAT solver sharing of port 32 with port 78 is not possible.
  According to SAT solver sharing of port 32 with port 79 is not possible.
  According to SAT solver sharing of port 33 with port 34 is not possible.
  According to SAT solver sharing of port 33 with port 35 is not possible.
  According to SAT solver sharing of port 33 with port 36 is not possible.
  According to SAT solver sharing of port 33 with port 37 is not possible.
  According to SAT solver sharing of port 33 with port 38 is not possible.
  According to SAT solver sharing of port 33 with port 39 is not possible.
  According to SAT solver sharing of port 33 with port 40 is not possible.
  According to SAT solver sharing of port 33 with port 41 is not possible.
  According to SAT solver sharing of port 33 with port 42 is not possible.
  According to SAT solver sharing of port 33 with port 43 is not possible.
  According to SAT solver sharing of port 33 with port 44 is not possible.
  According to SAT solver sharing of port 33 with port 45 is not possible.
  According to SAT solver sharing of port 33 with port 46 is not possible.
  According to SAT solver sharing of port 33 with port 47 is not possible.
  Merging port 65 into port 33.
  According to SAT solver sharing of port 33 with port 66 is not possible.
  According to SAT solver sharing of port 33 with port 67 is not possible.
  According to SAT solver sharing of port 33 with port 68 is not possible.
  According to SAT solver sharing of port 33 with port 69 is not possible.
  According to SAT solver sharing of port 33 with port 70 is not possible.
  According to SAT solver sharing of port 33 with port 71 is not possible.
  According to SAT solver sharing of port 33 with port 72 is not possible.
  According to SAT solver sharing of port 33 with port 73 is not possible.
  According to SAT solver sharing of port 33 with port 74 is not possible.
  According to SAT solver sharing of port 33 with port 75 is not possible.
  According to SAT solver sharing of port 33 with port 76 is not possible.
  According to SAT solver sharing of port 33 with port 77 is not possible.
  According to SAT solver sharing of port 33 with port 78 is not possible.
  According to SAT solver sharing of port 33 with port 79 is not possible.
  According to SAT solver sharing of port 34 with port 35 is not possible.
  According to SAT solver sharing of port 34 with port 36 is not possible.
  According to SAT solver sharing of port 34 with port 37 is not possible.
  According to SAT solver sharing of port 34 with port 38 is not possible.
  According to SAT solver sharing of port 34 with port 39 is not possible.
  According to SAT solver sharing of port 34 with port 40 is not possible.
  According to SAT solver sharing of port 34 with port 41 is not possible.
  According to SAT solver sharing of port 34 with port 42 is not possible.
  According to SAT solver sharing of port 34 with port 43 is not possible.
  According to SAT solver sharing of port 34 with port 44 is not possible.
  According to SAT solver sharing of port 34 with port 45 is not possible.
  According to SAT solver sharing of port 34 with port 46 is not possible.
  According to SAT solver sharing of port 34 with port 47 is not possible.
  Merging port 66 into port 34.
  According to SAT solver sharing of port 34 with port 67 is not possible.
  According to SAT solver sharing of port 34 with port 68 is not possible.
  According to SAT solver sharing of port 34 with port 69 is not possible.
  According to SAT solver sharing of port 34 with port 70 is not possible.
  According to SAT solver sharing of port 34 with port 71 is not possible.
  According to SAT solver sharing of port 34 with port 72 is not possible.
  According to SAT solver sharing of port 34 with port 73 is not possible.
  According to SAT solver sharing of port 34 with port 74 is not possible.
  According to SAT solver sharing of port 34 with port 75 is not possible.
  According to SAT solver sharing of port 34 with port 76 is not possible.
  According to SAT solver sharing of port 34 with port 77 is not possible.
  According to SAT solver sharing of port 34 with port 78 is not possible.
  According to SAT solver sharing of port 34 with port 79 is not possible.
  According to SAT solver sharing of port 35 with port 36 is not possible.
  According to SAT solver sharing of port 35 with port 37 is not possible.
  According to SAT solver sharing of port 35 with port 38 is not possible.
  According to SAT solver sharing of port 35 with port 39 is not possible.
  According to SAT solver sharing of port 35 with port 40 is not possible.
  According to SAT solver sharing of port 35 with port 41 is not possible.
  According to SAT solver sharing of port 35 with port 42 is not possible.
  According to SAT solver sharing of port 35 with port 43 is not possible.
  According to SAT solver sharing of port 35 with port 44 is not possible.
  According to SAT solver sharing of port 35 with port 45 is not possible.
  According to SAT solver sharing of port 35 with port 46 is not possible.
  According to SAT solver sharing of port 35 with port 47 is not possible.
  Merging port 67 into port 35.
  According to SAT solver sharing of port 35 with port 68 is not possible.
  According to SAT solver sharing of port 35 with port 69 is not possible.
  According to SAT solver sharing of port 35 with port 70 is not possible.
  According to SAT solver sharing of port 35 with port 71 is not possible.
  According to SAT solver sharing of port 35 with port 72 is not possible.
  According to SAT solver sharing of port 35 with port 73 is not possible.
  According to SAT solver sharing of port 35 with port 74 is not possible.
  According to SAT solver sharing of port 35 with port 75 is not possible.
  According to SAT solver sharing of port 35 with port 76 is not possible.
  According to SAT solver sharing of port 35 with port 77 is not possible.
  According to SAT solver sharing of port 35 with port 78 is not possible.
  According to SAT solver sharing of port 35 with port 79 is not possible.
  According to SAT solver sharing of port 36 with port 37 is not possible.
  According to SAT solver sharing of port 36 with port 38 is not possible.
  According to SAT solver sharing of port 36 with port 39 is not possible.
  According to SAT solver sharing of port 36 with port 40 is not possible.
  According to SAT solver sharing of port 36 with port 41 is not possible.
  According to SAT solver sharing of port 36 with port 42 is not possible.
  According to SAT solver sharing of port 36 with port 43 is not possible.
  According to SAT solver sharing of port 36 with port 44 is not possible.
  According to SAT solver sharing of port 36 with port 45 is not possible.
  According to SAT solver sharing of port 36 with port 46 is not possible.
  According to SAT solver sharing of port 36 with port 47 is not possible.
  Merging port 68 into port 36.
  According to SAT solver sharing of port 36 with port 69 is not possible.
  According to SAT solver sharing of port 36 with port 70 is not possible.
  According to SAT solver sharing of port 36 with port 71 is not possible.
  According to SAT solver sharing of port 36 with port 72 is not possible.
  According to SAT solver sharing of port 36 with port 73 is not possible.
  According to SAT solver sharing of port 36 with port 74 is not possible.
  According to SAT solver sharing of port 36 with port 75 is not possible.
  According to SAT solver sharing of port 36 with port 76 is not possible.
  According to SAT solver sharing of port 36 with port 77 is not possible.
  According to SAT solver sharing of port 36 with port 78 is not possible.
  According to SAT solver sharing of port 36 with port 79 is not possible.
  According to SAT solver sharing of port 37 with port 38 is not possible.
  According to SAT solver sharing of port 37 with port 39 is not possible.
  According to SAT solver sharing of port 37 with port 40 is not possible.
  According to SAT solver sharing of port 37 with port 41 is not possible.
  According to SAT solver sharing of port 37 with port 42 is not possible.
  According to SAT solver sharing of port 37 with port 43 is not possible.
  According to SAT solver sharing of port 37 with port 44 is not possible.
  According to SAT solver sharing of port 37 with port 45 is not possible.
  According to SAT solver sharing of port 37 with port 46 is not possible.
  According to SAT solver sharing of port 37 with port 47 is not possible.
  Merging port 69 into port 37.
  According to SAT solver sharing of port 37 with port 70 is not possible.
  According to SAT solver sharing of port 37 with port 71 is not possible.
  According to SAT solver sharing of port 37 with port 72 is not possible.
  According to SAT solver sharing of port 37 with port 73 is not possible.
  According to SAT solver sharing of port 37 with port 74 is not possible.
  According to SAT solver sharing of port 37 with port 75 is not possible.
  According to SAT solver sharing of port 37 with port 76 is not possible.
  According to SAT solver sharing of port 37 with port 77 is not possible.
  According to SAT solver sharing of port 37 with port 78 is not possible.
  According to SAT solver sharing of port 37 with port 79 is not possible.
  According to SAT solver sharing of port 38 with port 39 is not possible.
  According to SAT solver sharing of port 38 with port 40 is not possible.
  According to SAT solver sharing of port 38 with port 41 is not possible.
  According to SAT solver sharing of port 38 with port 42 is not possible.
  According to SAT solver sharing of port 38 with port 43 is not possible.
  According to SAT solver sharing of port 38 with port 44 is not possible.
  According to SAT solver sharing of port 38 with port 45 is not possible.
  According to SAT solver sharing of port 38 with port 46 is not possible.
  According to SAT solver sharing of port 38 with port 47 is not possible.
  Merging port 70 into port 38.
  According to SAT solver sharing of port 38 with port 71 is not possible.
  According to SAT solver sharing of port 38 with port 72 is not possible.
  According to SAT solver sharing of port 38 with port 73 is not possible.
  According to SAT solver sharing of port 38 with port 74 is not possible.
  According to SAT solver sharing of port 38 with port 75 is not possible.
  According to SAT solver sharing of port 38 with port 76 is not possible.
  According to SAT solver sharing of port 38 with port 77 is not possible.
  According to SAT solver sharing of port 38 with port 78 is not possible.
  According to SAT solver sharing of port 38 with port 79 is not possible.
  According to SAT solver sharing of port 39 with port 40 is not possible.
  According to SAT solver sharing of port 39 with port 41 is not possible.
  According to SAT solver sharing of port 39 with port 42 is not possible.
  According to SAT solver sharing of port 39 with port 43 is not possible.
  According to SAT solver sharing of port 39 with port 44 is not possible.
  According to SAT solver sharing of port 39 with port 45 is not possible.
  According to SAT solver sharing of port 39 with port 46 is not possible.
  According to SAT solver sharing of port 39 with port 47 is not possible.
  Merging port 71 into port 39.
  According to SAT solver sharing of port 39 with port 72 is not possible.
  According to SAT solver sharing of port 39 with port 73 is not possible.
  According to SAT solver sharing of port 39 with port 74 is not possible.
  According to SAT solver sharing of port 39 with port 75 is not possible.
  According to SAT solver sharing of port 39 with port 76 is not possible.
  According to SAT solver sharing of port 39 with port 77 is not possible.
  According to SAT solver sharing of port 39 with port 78 is not possible.
  According to SAT solver sharing of port 39 with port 79 is not possible.
  According to SAT solver sharing of port 40 with port 41 is not possible.
  According to SAT solver sharing of port 40 with port 42 is not possible.
  According to SAT solver sharing of port 40 with port 43 is not possible.
  According to SAT solver sharing of port 40 with port 44 is not possible.
  According to SAT solver sharing of port 40 with port 45 is not possible.
  According to SAT solver sharing of port 40 with port 46 is not possible.
  According to SAT solver sharing of port 40 with port 47 is not possible.
  Merging port 72 into port 40.
  According to SAT solver sharing of port 40 with port 73 is not possible.
  According to SAT solver sharing of port 40 with port 74 is not possible.
  According to SAT solver sharing of port 40 with port 75 is not possible.
  According to SAT solver sharing of port 40 with port 76 is not possible.
  According to SAT solver sharing of port 40 with port 77 is not possible.
  According to SAT solver sharing of port 40 with port 78 is not possible.
  According to SAT solver sharing of port 40 with port 79 is not possible.
  According to SAT solver sharing of port 41 with port 42 is not possible.
  According to SAT solver sharing of port 41 with port 43 is not possible.
  According to SAT solver sharing of port 41 with port 44 is not possible.
  According to SAT solver sharing of port 41 with port 45 is not possible.
  According to SAT solver sharing of port 41 with port 46 is not possible.
  According to SAT solver sharing of port 41 with port 47 is not possible.
  Merging port 73 into port 41.
  According to SAT solver sharing of port 41 with port 74 is not possible.
  According to SAT solver sharing of port 41 with port 75 is not possible.
  According to SAT solver sharing of port 41 with port 76 is not possible.
  According to SAT solver sharing of port 41 with port 77 is not possible.
  According to SAT solver sharing of port 41 with port 78 is not possible.
  According to SAT solver sharing of port 41 with port 79 is not possible.
  According to SAT solver sharing of port 42 with port 43 is not possible.
  According to SAT solver sharing of port 42 with port 44 is not possible.
  According to SAT solver sharing of port 42 with port 45 is not possible.
  According to SAT solver sharing of port 42 with port 46 is not possible.
  According to SAT solver sharing of port 42 with port 47 is not possible.
  Merging port 74 into port 42.
  According to SAT solver sharing of port 42 with port 75 is not possible.
  According to SAT solver sharing of port 42 with port 76 is not possible.
  According to SAT solver sharing of port 42 with port 77 is not possible.
  According to SAT solver sharing of port 42 with port 78 is not possible.
  According to SAT solver sharing of port 42 with port 79 is not possible.
  According to SAT solver sharing of port 43 with port 44 is not possible.
  According to SAT solver sharing of port 43 with port 45 is not possible.
  According to SAT solver sharing of port 43 with port 46 is not possible.
  According to SAT solver sharing of port 43 with port 47 is not possible.
  Merging port 75 into port 43.
  According to SAT solver sharing of port 43 with port 76 is not possible.
  According to SAT solver sharing of port 43 with port 77 is not possible.
  According to SAT solver sharing of port 43 with port 78 is not possible.
  According to SAT solver sharing of port 43 with port 79 is not possible.
  According to SAT solver sharing of port 44 with port 45 is not possible.
  According to SAT solver sharing of port 44 with port 46 is not possible.
  According to SAT solver sharing of port 44 with port 47 is not possible.
  Merging port 76 into port 44.
  According to SAT solver sharing of port 44 with port 77 is not possible.
  According to SAT solver sharing of port 44 with port 78 is not possible.
  According to SAT solver sharing of port 44 with port 79 is not possible.
  According to SAT solver sharing of port 45 with port 46 is not possible.
  According to SAT solver sharing of port 45 with port 47 is not possible.
  Merging port 77 into port 45.
  According to SAT solver sharing of port 45 with port 78 is not possible.
  According to SAT solver sharing of port 45 with port 79 is not possible.
  According to SAT solver sharing of port 46 with port 47 is not possible.
  Merging port 78 into port 46.
  According to SAT solver sharing of port 46 with port 79 is not possible.
  Merging port 79 into port 47.

4.8. Executing OPT_MEM_WIDEN pass (optimize memories where all ports are wide).
Performed a total of 0 transformations.

4.9. Executing OPT_CLEAN pass (remove unused cells and wires).
Finding unused cells or wires in module \alapeno_tile_ctrl..

4.10. Executing MEMORY_COLLECT pass (generating $mem cells).

4.11. Executing MEMORY_MAP pass (converting memories to logic and flip-flops).
Mapping memory \u_matrix.obuf in module \alapeno_tile_ctrl:
  created 512 $dff cells and 0 static cells of width 8.
  read interface: 0 $dff and 16352 $mux cells.
  write interface: 131072 write mux blocks.

5. Executing TECHMAP pass (map to technology primitives).

5.1. Executing Verilog-2005 frontend: /opt/oss-cad-suite/lib/../share/yosys/techmap.v
Parsing Verilog input from `/opt/oss-cad-suite/lib/../share/yosys/techmap.v' to AST representation.
Generating RTLIL representation for module `\_90_simplemap_bool_ops'.
Generating RTLIL representation for module `\_90_simplemap_reduce_ops'.
Generating RTLIL representation for module `\_90_simplemap_logic_ops'.
Generating RTLIL representation for module `\_90_simplemap_compare_ops'.
Generating RTLIL representation for module `\_90_simplemap_various'.
Generating RTLIL representation for module `\_90_simplemap_registers'.
Generating RTLIL representation for module `\_90_shift_ops_shr_shl_sshl_sshr'.
Generating RTLIL representation for module `\_90_shift_shiftx'.
Generating RTLIL representation for module `\_90_fa'.
Generating RTLIL representation for module `\_90_lcu_brent_kung'.
Generating RTLIL representation for module `\_90_alu'.
Generating RTLIL representation for module `\_90_macc'.
Generating RTLIL representation for module `\_90_alumacc'.
Generating RTLIL representation for module `$__div_mod_u'.
Generating RTLIL representation for module `$__div_mod_trunc'.
Generating RTLIL representation for module `\_90_div'.
Generating RTLIL representation for module `\_90_mod'.
Generating RTLIL representation for module `$__div_mod_floor'.
Generating RTLIL representation for module `\_90_divfloor'.
Generating RTLIL representation for module `\_90_modfloor'.
Generating RTLIL representation for module `\_90_pow'.
Generating RTLIL representation for module `\_90_demux'.
Generating RTLIL representation for module `\_90_lut'.
Generating RTLIL representation for module `$connect'.
Generating RTLIL representation for module `$input_port'.
Successfully finished Verilog frontend.

5.2. Continuing TECHMAP pass.
Using extmapper simplemap for cells of type $and.
Using extmapper simplemap for cells of type $eq.
Using extmapper simplemap for cells of type $mux.
Using extmapper simplemap for cells of type $reduce_or.
Using extmapper simplemap for cells of type $reduce_bool.
Using extmapper simplemap for cells of type $logic_and.
Running "alumacc" on wrapper $extern:wrap:$mul:Y_WIDTH=32:B_SIGNED=0:A_SIGNED=0:B_WIDTH=32:A_WIDTH=32:394426c56d1a028ba8fdd5469b163e04011def47.
Using template $extern:wrap:$mul:Y_WIDTH=32:B_SIGNED=0:A_SIGNED=0:B_WIDTH=32:A_WIDTH=32:394426c56d1a028ba8fdd5469b163e04011def47 for cells of type $extern:wrap:$mul:Y_WIDTH=32:B_SIGNED=0:A_SIGNED=0:B_WIDTH=32:A_WIDTH=32:394426c56d1a028ba8fdd5469b163e04011def47.
Running "alumacc" on wrapper $extern:wrap:$add:Y_WIDTH=32:B_SIGNED=0:A_SIGNED=0:B_WIDTH=32:A_WIDTH=32:394426c56d1a028ba8fdd5469b163e04011def47.
Using template $extern:wrap:$add:Y_WIDTH=32:B_SIGNED=0:A_SIGNED=0:B_WIDTH=32:A_WIDTH=32:394426c56d1a028ba8fdd5469b163e04011def47 for cells of type $extern:wrap:$add:Y_WIDTH=32:B_SIGNED=0:A_SIGNED=0:B_WIDTH=32:A_WIDTH=32:394426c56d1a028ba8fdd5469b163e04011def47.
Using extmapper simplemap for cells of type $logic_not.
Using extmapper simplemap for cells of type $logic_or.
Running "alumacc" on wrapper $extern:wrap:$ge:Y_WIDTH=1:B_SIGNED=0:A_SIGNED=0:B_WIDTH=64:A_WIDTH=64:394426c56d1a028ba8fdd5469b163e04011def47.
Using template $extern:wrap:$ge:Y_WIDTH=1:B_SIGNED=0:A_SIGNED=0:B_WIDTH=64:A_WIDTH=64:394426c56d1a028ba8fdd5469b163e04011def47 for cells of type $extern:wrap:$ge:Y_WIDTH=1:B_SIGNED=0:A_SIGNED=0:B_WIDTH=64:A_WIDTH=64:394426c56d1a028ba8fdd5469b163e04011def47.
Running "alumacc" on wrapper $extern:wrap:$sub:Y_WIDTH=66:B_SIGNED=1:A_SIGNED=1:B_WIDTH=66:A_WIDTH=66:394426c56d1a028ba8fdd5469b163e04011def47.
Using template $extern:wrap:$sub:Y_WIDTH=66:B_SIGNED=1:A_SIGNED=1:B_WIDTH=66:A_WIDTH=66:394426c56d1a028ba8fdd5469b163e04011def47 for cells of type $extern:wrap:$sub:Y_WIDTH=66:B_SIGNED=1:A_SIGNED=1:B_WIDTH=66:A_WIDTH=66:394426c56d1a028ba8fdd5469b163e04011def47.
Running "alumacc" on wrapper $extern:wrap:$lt:Y_WIDTH=1:B_SIGNED=1:A_SIGNED=1:B_WIDTH=66:A_WIDTH=66:394426c56d1a028ba8fdd5469b163e04011def47.
Using template $extern:wrap:$lt:Y_WIDTH=1:B_SIGNED=1:A_SIGNED=1:B_WIDTH=66:A_WIDTH=66:394426c56d1a028ba8fdd5469b163e04011def47 for cells of type $extern:wrap:$lt:Y_WIDTH=1:B_SIGNED=1:A_SIGNED=1:B_WIDTH=66:A_WIDTH=66:394426c56d1a028ba8fdd5469b163e04011def47.
Running "alumacc" on wrapper $extern:wrap:$add:Y_WIDTH=64:B_SIGNED=0:A_SIGNED=0:B_WIDTH=64:A_WIDTH=64:394426c56d1a028ba8fdd5469b163e04011def47.
Using template $extern:wrap:$add:Y_WIDTH=64:B_SIGNED=0:A_SIGNED=0:B_WIDTH=64:A_WIDTH=64:394426c56d1a028ba8fdd5469b163e04011def47 for cells of type $extern:wrap:$add:Y_WIDTH=64:B_SIGNED=0:A_SIGNED=0:B_WIDTH=64:A_WIDTH=64:394426c56d1a028ba8fdd5469b163e04011def47.
Running "alumacc" on wrapper $extern:wrap:$gt:Y_WIDTH=1:B_SIGNED=0:A_SIGNED=0:B_WIDTH=64:A_WIDTH=64:394426c56d1a028ba8fdd5469b163e04011def47.
Using template $extern:wrap:$gt:Y_WIDTH=1:B_SIGNED=0:A_SIGNED=0:B_WIDTH=64:A_WIDTH=64:394426c56d1a028ba8fdd5469b163e04011def47 for cells of type $extern:wrap:$gt:Y_WIDTH=1:B_SIGNED=0:A_SIGNED=0:B_WIDTH=64:A_WIDTH=64:394426c56d1a028ba8fdd5469b163e04011def47.
Running "alumacc" on wrapper $extern:wrap:$mul:Y_WIDTH=128:B_SIGNED=0:A_SIGNED=0:B_WIDTH=128:A_WIDTH=128:394426c56d1a028ba8fdd5469b163e04011def47.
Using template $extern:wrap:$mul:Y_WIDTH=128:B_SIGNED=0:A_SIGNED=0:B_WIDTH=128:A_WIDTH=128:394426c56d1a028ba8fdd5469b163e04011def47 for cells of type $extern:wrap:$mul:Y_WIDTH=128:B_SIGNED=0:A_SIGNED=0:B_WIDTH=128:A_WIDTH=128:394426c56d1a028ba8fdd5469b163e04011def47.
Running "alumacc" on wrapper $extern:wrap:$mul:Y_WIDTH=96:B_SIGNED=0:A_SIGNED=0:B_WIDTH=192:A_WIDTH=192:394426c56d1a028ba8fdd5469b163e04011def47.
Using template $extern:wrap:$mul:Y_WIDTH=96:B_SIGNED=0:A_SIGNED=0:B_WIDTH=192:A_WIDTH=192:394426c56d1a028ba8fdd5469b163e04011def47 for cells of type $extern:wrap:$mul:Y_WIDTH=96:B_SIGNED=0:A_SIGNED=0:B_WIDTH=192:A_WIDTH=192:394426c56d1a028ba8fdd5469b163e04011def47.
Running "alumacc" on wrapper $extern:wrap:$add:Y_WIDTH=192:B_SIGNED=0:A_SIGNED=0:B_WIDTH=192:A_WIDTH=192:394426c56d1a028ba8fdd5469b163e04011def47.
Using template $extern:wrap:$add:Y_WIDTH=192:B_SIGNED=0:A_SIGNED=0:B_WIDTH=192:A_WIDTH=192:394426c56d1a028ba8fdd5469b163e04011def47 for cells of type $extern:wrap:$add:Y_WIDTH=192:B_SIGNED=0:A_SIGNED=0:B_WIDTH=192:A_WIDTH=192:394426c56d1a028ba8fdd5469b163e04011def47.
Running "alumacc" on wrapper $extern:wrap:$sub:Y_WIDTH=192:B_SIGNED=0:A_SIGNED=0:B_WIDTH=192:A_WIDTH=192:394426c56d1a028ba8fdd5469b163e04011def47.
Using template $extern:wrap:$sub:Y_WIDTH=192:B_SIGNED=0:A_SIGNED=0:B_WIDTH=192:A_WIDTH=192:394426c56d1a028ba8fdd5469b163e04011def47 for cells of type $extern:wrap:$sub:Y_WIDTH=192:B_SIGNED=0:A_SIGNED=0:B_WIDTH=192:A_WIDTH=192:394426c56d1a028ba8fdd5469b163e04011def47.
Running "alumacc" on wrapper $extern:wrap:$lt:Y_WIDTH=1:B_SIGNED=1:A_SIGNED=1:B_WIDTH=192:A_WIDTH=192:394426c56d1a028ba8fdd5469b163e04011def47.
Using template $extern:wrap:$lt:Y_WIDTH=1:B_SIGNED=1:A_SIGNED=1:B_WIDTH=192:A_WIDTH=192:394426c56d1a028ba8fdd5469b163e04011def47 for cells of type $extern:wrap:$lt:Y_WIDTH=1:B_SIGNED=1:A_SIGNED=1:B_WIDTH=192:A_WIDTH=192:394426c56d1a028ba8fdd5469b163e04011def47.
Running "alumacc" on wrapper $extern:wrap:$add:Y_WIDTH=192:B_SIGNED=1:A_SIGNED=1:B_WIDTH=192:A_WIDTH=192:394426c56d1a028ba8fdd5469b163e04011def47.
Using template $extern:wrap:$add:Y_WIDTH=192:B_SIGNED=1:A_SIGNED=1:B_WIDTH=192:A_WIDTH=192:394426c56d1a028ba8fdd5469b163e04011def47 for cells of type $extern:wrap:$add:Y_WIDTH=192:B_SIGNED=1:A_SIGNED=1:B_WIDTH=192:A_WIDTH=192:394426c56d1a028ba8fdd5469b163e04011def47.
Running "alumacc" on wrapper $extern:wrap:$ge:Y_WIDTH=1:B_SIGNED=0:A_SIGNED=0:B_WIDTH=192:A_WIDTH=192:394426c56d1a028ba8fdd5469b163e04011def47.
Using template $extern:wrap:$ge:Y_WIDTH=1:B_SIGNED=0:A_SIGNED=0:B_WIDTH=192:A_WIDTH=192:394426c56d1a028ba8fdd5469b163e04011def47 for cells of type $extern:wrap:$ge:Y_WIDTH=1:B_SIGNED=0:A_SIGNED=0:B_WIDTH=192:A_WIDTH=192:394426c56d1a028ba8fdd5469b163e04011def47.
Running "alumacc" on wrapper $extern:wrap:$add:Y_WIDTH=65:B_SIGNED=0:A_SIGNED=0:B_WIDTH=65:A_WIDTH=65:394426c56d1a028ba8fdd5469b163e04011def47.
Using template $extern:wrap:$add:Y_WIDTH=65:B_SIGNED=0:A_SIGNED=0:B_WIDTH=65:A_WIDTH=65:394426c56d1a028ba8fdd5469b163e04011def47 for cells of type $extern:wrap:$add:Y_WIDTH=65:B_SIGNED=0:A_SIGNED=0:B_WIDTH=65:A_WIDTH=65:394426c56d1a028ba8fdd5469b163e04011def47.
Running "alumacc" on wrapper $extern:wrap:$ge:Y_WIDTH=1:B_SIGNED=0:A_SIGNED=0:B_WIDTH=65:A_WIDTH=65:394426c56d1a028ba8fdd5469b163e04011def47.
Using template $extern:wrap:$ge:Y_WIDTH=1:B_SIGNED=0:A_SIGNED=0:B_WIDTH=65:A_WIDTH=65:394426c56d1a028ba8fdd5469b163e04011def47 for cells of type $extern:wrap:$ge:Y_WIDTH=1:B_SIGNED=0:A_SIGNED=0:B_WIDTH=65:A_WIDTH=65:394426c56d1a028ba8fdd5469b163e04011def47.
Running "alumacc" on wrapper $extern:wrap:$sub:Y_WIDTH=64:B_SIGNED=0:A_SIGNED=0:B_WIDTH=64:A_WIDTH=64:394426c56d1a028ba8fdd5469b163e04011def47.
Using template $extern:wrap:$sub:Y_WIDTH=64:B_SIGNED=0:A_SIGNED=0:B_WIDTH=64:A_WIDTH=64:394426c56d1a028ba8fdd5469b163e04011def47 for cells of type $extern:wrap:$sub:Y_WIDTH=64:B_SIGNED=0:A_SIGNED=0:B_WIDTH=64:A_WIDTH=64:394426c56d1a028ba8fdd5469b163e04011def47.
Running "alumacc" on wrapper $extern:wrap:$sub:Y_WIDTH=65:B_SIGNED=1:A_SIGNED=1:B_WIDTH=65:A_WIDTH=65:394426c56d1a028ba8fdd5469b163e04011def47.
Using template $extern:wrap:$sub:Y_WIDTH=65:B_SIGNED=1:A_SIGNED=1:B_WIDTH=65:A_WIDTH=65:394426c56d1a028ba8fdd5469b163e04011def47 for cells of type $extern:wrap:$sub:Y_WIDTH=65:B_SIGNED=1:A_SIGNED=1:B_WIDTH=65:A_WIDTH=65:394426c56d1a028ba8fdd5469b163e04011def47.
Running "alumacc" on wrapper $extern:wrap:$le:Y_WIDTH=1:B_SIGNED=1:A_SIGNED=1:B_WIDTH=65:A_WIDTH=65:394426c56d1a028ba8fdd5469b163e04011def47.
Using template $extern:wrap:$le:Y_WIDTH=1:B_SIGNED=1:A_SIGNED=1:B_WIDTH=65:A_WIDTH=65:394426c56d1a028ba8fdd5469b163e04011def47 for cells of type $extern:wrap:$le:Y_WIDTH=1:B_SIGNED=1:A_SIGNED=1:B_WIDTH=65:A_WIDTH=65:394426c56d1a028ba8fdd5469b163e04011def47.
Running "alumacc" on wrapper $extern:wrap:$mul:Y_WIDTH=128:B_SIGNED=1:A_SIGNED=1:B_WIDTH=128:A_WIDTH=128:394426c56d1a028ba8fdd5469b163e04011def47.
Using template $extern:wrap:$mul:Y_WIDTH=128:B_SIGNED=1:A_SIGNED=1:B_WIDTH=128:A_WIDTH=128:394426c56d1a028ba8fdd5469b163e04011def47 for cells of type $extern:wrap:$mul:Y_WIDTH=128:B_SIGNED=1:A_SIGNED=1:B_WIDTH=128:A_WIDTH=128:394426c56d1a028ba8fdd5469b163e04011def47.
Running "alumacc" on wrapper $extern:wrap:$add:Y_WIDTH=257:B_SIGNED=0:A_SIGNED=0:B_WIDTH=257:A_WIDTH=257:394426c56d1a028ba8fdd5469b163e04011def47.
Using template $extern:wrap:$add:Y_WIDTH=257:B_SIGNED=0:A_SIGNED=0:B_WIDTH=257:A_WIDTH=257:394426c56d1a028ba8fdd5469b163e04011def47 for cells of type $extern:wrap:$add:Y_WIDTH=257:B_SIGNED=0:A_SIGNED=0:B_WIDTH=257:A_WIDTH=257:394426c56d1a028ba8fdd5469b163e04011def47.
Running "alumacc" on wrapper $extern:wrap:$mul:Y_WIDTH=97:B_SIGNED=0:A_SIGNED=0:B_WIDTH=192:A_WIDTH=192:394426c56d1a028ba8fdd5469b163e04011def47.
Using template $extern:wrap:$mul:Y_WIDTH=97:B_SIGNED=0:A_SIGNED=0:B_WIDTH=192:A_WIDTH=192:394426c56d1a028ba8fdd5469b163e04011def47 for cells of type $extern:wrap:$mul:Y_WIDTH=97:B_SIGNED=0:A_SIGNED=0:B_WIDTH=192:A_WIDTH=192:394426c56d1a028ba8fdd5469b163e04011def47.
Running "alumacc" on wrapper $extern:wrap:$lt:Y_WIDTH=1:B_SIGNED=0:A_SIGNED=0:B_WIDTH=32:A_WIDTH=32:394426c56d1a028ba8fdd5469b163e04011def47.
Using template $extern:wrap:$lt:Y_WIDTH=1:B_SIGNED=0:A_SIGNED=0:B_WIDTH=32:A_WIDTH=32:394426c56d1a028ba8fdd5469b163e04011def47 for cells of type $extern:wrap:$lt:Y_WIDTH=1:B_SIGNED=0:A_SIGNED=0:B_WIDTH=32:A_WIDTH=32:394426c56d1a028ba8fdd5469b163e04011def47.
Running "alumacc" on wrapper $extern:wrap:$sub:Y_WIDTH=65:B_SIGNED=0:A_SIGNED=0:B_WIDTH=65:A_WIDTH=65:394426c56d1a028ba8fdd5469b163e04011def47.
Using template $extern:wrap:$sub:Y_WIDTH=65:B_SIGNED=0:A_SIGNED=0:B_WIDTH=65:A_WIDTH=65:394426c56d1a028ba8fdd5469b163e04011def47 for cells of type $extern:wrap:$sub:Y_WIDTH=65:B_SIGNED=0:A_SIGNED=0:B_WIDTH=65:A_WIDTH=65:394426c56d1a028ba8fdd5469b163e04011def47.
Using extmapper simplemap for cells of type $dff.
Using extmapper simplemap for cells of type $pmux.
Using template $paramod$fbc7873bff55778c0b3173955b7e4bce1d9d6834\_90_alu for cells of type $alu.
Using extmapper maccmap for cells of type $macc_v2.
  add $938y * 8 (32x32 bits, unsigned)
  add \u_matrix.m * 4 (32x32 bits, unsigned)
Using template $paramod$eea3ba9f46bf8f651c66fe7eea33370a4cb078d8\_90_alu for cells of type $alu.
Using extmapper simplemap for cells of type $not.
  add $753y * \u_matrix.ew (32x32 bits, unsigned)
  add \u_matrix.m * 4 (32x32 bits, unsigned)
Using template $paramod$8ce6bb76dec96e2ccda62f736a3a3e612c08ffa6\_90_alu for cells of type $alu.
Using extmapper simplemap for cells of type $reduce_and.
Using extmapper simplemap for cells of type $or.
Using template $paramod$4816bbed766c618973059e4131d2db26068ce047\_90_alu for cells of type $alu.
Using extmapper simplemap for cells of type $xor.
  add { 128'00000000000000000000000000000000000000000000000000000000000000000000000000000000000000000000000000000000000000000000000000000000 $procmux$5713_Y [191:128] } * 192'000000000000000000000000000000000000000000000000000000000000000000000000000000000000000000000000000000000000000000000000000000000000000000000000000000000000000100000000000000000000000000000000 (192x192 bits, unsigned)
  add { 128'00000000000000000000000000000000000000000000000000000000000000000000000000000000000000000000000000000000000000000000000000000000 $procmux$5713_Y [127:64] } * 192'000000000000000000000000000000000000000000000000000000000000000000000000000000000000000000000000000000000000000000000000000000000000000000000000000000000000000011111111111111111111111111111111 (192x192 bits, unsigned)
Using template $paramod$039520c137afc9cd69dd56c3fb11a4e1fbe5f664\_90_alu for cells of type $alu.
  add $363y * \u_matrix.ew (32x32 bits, unsigned)
  add \u_matrix.m * 4 (32x32 bits, unsigned)
Using template $paramod$f0996217759eabeb975c3dbc9d355b5030d99993\_90_alu for cells of type $alu.
  add { \u_matrix.hold_a [63] \u_matrix.hold_a [63] \u_matrix.hold_a [63] \u_matrix.hold_a [63] \u_matrix.hold_a [63] \u_matrix.hold_a [63] \u_matrix.hold_a [63] \u_matrix.hold_a [63] \u_matrix.hold_a [63] \u_matrix.hold_a [63] \u_matrix.hold_a [63] \u_matrix.hold_a [63] \u_matrix.hold_a [63] \u_matrix.hold_a [63] \u_matrix.hold_a [63] \u_matrix.hold_a [63] \u_matrix.hold_a [63] \u_matrix.hold_a [63] \u_matrix.hold_a [63] \u_matrix.hold_a [63] \u_matrix.hold_a [63] \u_matrix.hold_a [63] \u_matrix.hold_a [63] \u_matrix.hold_a [63] \u_matrix.hold_a [63] \u_matrix.hold_a [63] \u_matrix.hold_a [63] \u_matrix.hold_a [63] \u_matrix.hold_a [63] \u_matrix.hold_a [63] \u_matrix.hold_a [63] \u_matrix.hold_a [63] \u_matrix.hold_a [63] \u_matrix.hold_a [63] \u_matrix.hold_a [63] \u_matrix.hold_a [63] \u_matrix.hold_a [63] \u_matrix.hold_a [63] \u_matrix.hold_a [63] \u_matrix.hold_a [63] \u_matrix.hold_a [63] \u_matrix.hold_a [63] \u_matrix.hold_a [63] \u_matrix.hold_a [63] \u_matrix.hold_a [63] \u_matrix.hold_a [63] \u_matrix.hold_a [63] \u_matrix.hold_a [63] \u_matrix.hold_a [63] \u_matrix.hold_a [63] \u_matrix.hold_a [63] \u_matrix.hold_a [63] \u_matrix.hold_a [63] \u_matrix.hold_a [63] \u_matrix.hold_a [63] \u_matrix.hold_a [63] \u_matrix.hold_a [63] \u_matrix.hold_a [63] \u_matrix.hold_a [63] \u_matrix.hold_a [63] \u_matrix.hold_a [63] \u_matrix.hold_a [63] \u_matrix.hold_a [63] \u_matrix.hold_a [63] \u_matrix.hold_a } * { \b_rdata [63] \b_rdata [63] \b_rdata [63] \b_rdata [63] \b_rdata [63] \b_rdata [63] \b_rdata [63] \b_rdata [63] \b_rdata [63] \b_rdata [63] \b_rdata [63] \b_rdata [63] \b_rdata [63] \b_rdata [63] \b_rdata [63] \b_rdata [63] \b_rdata [63] \b_rdata [63] \b_rdata [63] \b_rdata [63] \b_rdata [63] \b_rdata [63] \b_rdata [63] \b_rdata [63] \b_rdata [63] \b_rdata [63] \b_rdata [63] \b_rdata [63] \b_rdata [63] \b_rdata [63] \b_rdata [63] \b_rdata [63] \b_rdata [63] \b_rdata [63] \b_rdata [63] \b_rdata [63] \b_rdata [63] \b_rdata [63] \b_rdata [63] \b_rdata [63] \b_rdata [63] \b_rdata [63] \b_rdata [63] \b_rdata [63] \b_rdata [63] \b_rdata [63] \b_rdata [63] \b_rdata [63] \b_rdata [63] \b_rdata [63] \b_rdata [63] \b_rdata [63] \b_rdata [63] \b_rdata [63] \b_rdata [63] \b_rdata [63] \b_rdata [63] \b_rdata [63] \b_rdata [63] \b_rdata [63] \b_rdata [63] \b_rdata [63] \b_rdata [63] \b_rdata [63] \b_rdata [63:0] } (128x128 bits, signed)
  add { 64'0000000000000000000000000000000000000000000000000000000000000000 \u_matrix.hold_a } * { 64'0000000000000000000000000000000000000000000000000000000000000000 \b_rdata [63:0] } (128x128 bits, unsigned)
  add { \u_matrix.hold_a [63] \u_matrix.hold_a [63] \u_matrix.hold_a [63] \u_matrix.hold_a [63] \u_matrix.hold_a [63] \u_matrix.hold_a [63] \u_matrix.hold_a [63] \u_matrix.hold_a [63] \u_matrix.hold_a [63] \u_matrix.hold_a [63] \u_matrix.hold_a [63] \u_matrix.hold_a [63] \u_matrix.hold_a [63] \u_matrix.hold_a [63] \u_matrix.hold_a [63] \u_matrix.hold_a [63] \u_matrix.hold_a [63] \u_matrix.hold_a [63] \u_matrix.hold_a [63] \u_matrix.hold_a [63] \u_matrix.hold_a [63] \u_matrix.hold_a [63] \u_matrix.hold_a [63] \u_matrix.hold_a [63] \u_matrix.hold_a [63] \u_matrix.hold_a [63] \u_matrix.hold_a [63] \u_matrix.hold_a [63] \u_matrix.hold_a [63] \u_matrix.hold_a [63] \u_matrix.hold_a [63] \u_matrix.hold_a [63] \u_matrix.hold_a [63] \u_matrix.hold_a [63] \u_matrix.hold_a [63] \u_matrix.hold_a [63] \u_matrix.hold_a [63] \u_matrix.hold_a [63] \u_matrix.hold_a [63] \u_matrix.hold_a [63] \u_matrix.hold_a [63] \u_matrix.hold_a [63] \u_matrix.hold_a [63] \u_matrix.hold_a [63] \u_matrix.hold_a [63] \u_matrix.hold_a [63] \u_matrix.hold_a [63] \u_matrix.hold_a [63] \u_matrix.hold_a [63] \u_matrix.hold_a [63] \u_matrix.hold_a [63] \u_matrix.hold_a [63] \u_matrix.hold_a [63] \u_matrix.hold_a [63] \u_matrix.hold_a [63] \u_matrix.hold_a [63] \u_matrix.hold_a [63] \u_matrix.hold_a [63] \u_matrix.hold_a [63] \u_matrix.hold_a [63] \u_matrix.hold_a [63] \u_matrix.hold_a [63] \u_matrix.hold_a [63] \u_matrix.hold_a [63] \u_matrix.hold_a } * { \b_rdata [63] \b_rdata [63] \b_rdata [63] \b_rdata [63] \b_rdata [63] \b_rdata [63] \b_rdata [63] \b_rdata [63] \b_rdata [63] \b_rdata [63] \b_rdata [63] \b_rdata [63] \b_rdata [63] \b_rdata [63] \b_rdata [63] \b_rdata [63] \b_rdata [63] \b_rdata [63] \b_rdata [63] \b_rdata [63] \b_rdata [63] \b_rdata [63] \b_rdata [63] \b_rdata [63] \b_rdata [63] \b_rdata [63] \b_rdata [63] \b_rdata [63] \b_rdata [63] \b_rdata [63] \b_rdata [63] \b_rdata [63] \b_rdata [63] \b_rdata [63] \b_rdata [63] \b_rdata [63] \b_rdata [63] \b_rdata [63] \b_rdata [63] \b_rdata [63] \b_rdata [63] \b_rdata [63] \b_rdata [63] \b_rdata [63] \b_rdata [63] \b_rdata [63] \b_rdata [63] \b_rdata [63] \b_rdata [63] \b_rdata [63] \b_rdata [63] \b_rdata [63] \b_rdata [63] \b_rdata [63] \b_rdata [63] \b_rdata [63] \b_rdata [63] \b_rdata [63] \b_rdata [63] \b_rdata [63] \b_rdata [63] \b_rdata [63] \b_rdata [63] \b_rdata [63] \b_rdata [63:0] } (128x128 bits, signed)
Using template $paramod$5a0b1a6f7ecae297064761342f915632b9e27154\_90_alu for cells of type $alu.
  add { 128'00000000000000000000000000000000000000000000000000000000000000000000000000000000000000000000000000000000000000000000000000000000 $170y [127:64] } * 192'000000000000000000000000000000000000000000000000000000000000000000000000000000000000000000000000000000000000000000000000000000000000000000000000000000000000000011111111111111111111111111111111 (192x192 bits, unsigned)
  add { 64'0000000000000000000000000000000000000000000000000000000000000000 \u_matrix.hold_a } * { 64'0000000000000000000000000000000000000000000000000000000000000000 \b_rdata [63:0] } (128x128 bits, unsigned)
Using template $paramod$78104ee407476c8326247964e741870750ce491d\_90_alu for cells of type $alu.
  add \u_matrix.n * \u_matrix.ew (32x32 bits, unsigned)
  add \u_matrix.m * 128 (32x32 bits, unsigned)
  add \u_matrix.n * 8 (32x32 bits, unsigned)
  add \u_matrix.m * 128 (32x32 bits, unsigned)
  add \u_matrix.n * 8 (32x32 bits, unsigned)
  add \u_matrix.m * 32 (32x32 bits, unsigned)
  add \u_matrix.n * 8 (32x32 bits, unsigned)
  add \u_matrix.m * 128 (32x32 bits, unsigned)
  add \u_matrix.n * 8 (32x32 bits, unsigned)
  add \u_matrix.m * 32 (32x32 bits, unsigned)
  add \u_matrix.n * 8 (32x32 bits, unsigned)
  add \u_matrix.m * 32 (32x32 bits, unsigned)
  add \u_matrix.n * 8 (32x32 bits, unsigned)
  add \u_matrix.k * 32 (32x32 bits, unsigned)
  add \u_matrix.k * 8 (32x32 bits, unsigned)
  add \u_matrix.n * 32 (32x32 bits, unsigned)
  add \u_matrix.k * 8 (32x32 bits, unsigned)
  add \u_matrix.m * 32 (32x32 bits, unsigned)
  add \u_matrix.m * 4 (32x32 bits, unsigned)
  add $1003y * 8 (32x32 bits, unsigned)
  add \u_matrix.m * 4 (32x32 bits, unsigned)
  add $1006y * \u_matrix.ew (32x32 bits, unsigned)
Using template $paramod\_90_fa\WIDTH=32'00000000000000000000000000100000 for cells of type $fa.
Using template $paramod\_90_fa\WIDTH=32'00000000000000000000000010000000 for cells of type $fa.
Using template $paramod$7e7bdf4b0adff8e15b2cb24084cd1b911e7a73b3\_90_alu for cells of type $alu.
Using template $paramod\_90_fa\WIDTH=32'00000000000000000000000001100000 for cells of type $fa.
Using template $paramod$d381c6727e32bb77510636a6afcdd24302bd25cb\_90_alu for cells of type $alu.
Using template $paramod\_90_fa\WIDTH=32'00000000000000000000000001100001 for cells of type $fa.
Using template $paramod$ea814c08cac789ab486c2597f8afac9dadeb7b80\_90_alu for cells of type $alu.
Using template $paramod\_90_lcu_brent_kung\WIDTH=32'00000000000000000000000000100000 for cells of type $lcu.
Using extmapper simplemap for cells of type $pos.
Using template $paramod\_90_fa\WIDTH=32'00000000000000000000000001000001 for cells of type $fa.
Using template $paramod\_90_lcu_brent_kung\WIDTH=32'00000000000000000000000001000001 for cells of type $lcu.
Using template $paramod\_90_fa\WIDTH=32'00000000000000000000000011000000 for cells of type $fa.
Using template $paramod\_90_lcu_brent_kung\WIDTH=32'00000000000000000000000011000000 for cells of type $lcu.
Using template $paramod\_90_fa\WIDTH=32'00000000000000000000000001000000 for cells of type $fa.
Using template $paramod\_90_lcu_brent_kung\WIDTH=32'00000000000000000000000001000000 for cells of type $lcu.
Using template $paramod\_90_fa\WIDTH=32'00000000000000000000000100000001 for cells of type $fa.
Using template $paramod\_90_lcu_brent_kung\WIDTH=32'00000000000000000000000100000001 for cells of type $lcu.
Using template $paramod\_90_fa\WIDTH=32'00000000000000000000000001000010 for cells of type $fa.
Using template $paramod\_90_lcu_brent_kung\WIDTH=32'00000000000000000000000001000010 for cells of type $lcu.
Using template $paramod\_90_lcu_brent_kung\WIDTH=32'00000000000000000000000010000000 for cells of type $lcu.
Using template $paramod\_90_lcu_brent_kung\WIDTH=32'00000000000000000000000001100000 for cells of type $lcu.
Using template $paramod\_90_lcu_brent_kung\WIDTH=32'00000000000000000000000001100001 for cells of type $lcu.
No more expansions possible.
<suppressed ~561285 debug messages>

6. Printing statistics.

=== alapeno_tile_ctrl ===

        +----------Local Count, excluding submodules.
        | 
   567020 wires
  5089351 wire bits
      574 public wires
     6863 public wire bits
       13 ports
      591 port bits
  1934683 cells
   768634   $_AND_
     5321   $_DFF_P_
   485512   $_MUX_
    46694   $_NOT_
   252856   $_OR_
   375666   $_XOR_

End of script. Logfile hash: 54d946c16f, time: 29.66s, user: 24.58s, system: 8.40s, MEM: 2351.96 MB peak
Yosys 0.69+187 (git sha1 2f08661dd, Release, Clang /usr/bin/clang++ 21.1.8)
Time spent: 53% 1x techmap (17 sec), 23% 1x opt_mem_priority (7 sec), ...
