
-- Running command `plugin -i /opt/oss-cad-suite/share/yosys/plugins/slang.so; read_slang --std latest /workspace/alapeno/rtl/core/alapeno_pkg.sv /workspace/alapeno/rtl/mac/alapeno_mac.sv /workspace/alapeno/rtl/matrix/alapeno_matrix.sv /workspace/alapeno/rtl/matrix/alapeno_tile_ctrl.sv; hierarchy -check -top alapeno_tile_ctrl; proc; opt; fsm; opt; memory -nomap; opt; techmap; opt; stat' --

1. Executing SLANG frontend.
Top level design units:
    alapeno_mac
    alapeno_tile_ctrl


Build succeeded: 0 errors, 0 warnings

1.1. Executing PROC_CLEAN pass (remove empty switches from decision trees).
Found and cleaned up 1 empty switch in `\alapeno_tile_ctrl.$1354'.
Found and cleaned up 3 empty switches in `\alapeno_tile_ctrl.$137'.
Found and cleaned up 1 empty switch in `\alapeno_tile_ctrl.$8'.
Found and cleaned up 1 empty switch in `\alapeno_mac.$124'.
Found and cleaned up 1 empty switch in `\alapeno_mac.$58'.
Found and cleaned up 1 empty switch in `\alapeno_mac.$2'.
Cleaned up 8 empty switches.

1.2. Executing PROC_RMDEAD pass (remove dead branches from decision trees).
Marked 6 switch rules as full_case in process $1354 in module alapeno_tile_ctrl.
Removed 1 dead cases from process $137 in module alapeno_tile_ctrl.
Marked 191 switch rules as full_case in process $137 in module alapeno_tile_ctrl.
Marked 22 switch rules as full_case in process $8 in module alapeno_tile_ctrl.
Marked 102 switch rules as full_case in process $124 in module alapeno_mac.
Marked 12 switch rules as full_case in process $58 in module alapeno_mac.
Marked 6 switch rules as full_case in process $2 in module alapeno_mac.
Removed a total of 1 dead cases.

1.3. Executing PROC_PRUNE pass (remove redundant assignments in processes).
Removed 111 redundant assignments.
Promoted 0 assignments to connections.

1.4. Executing PROC_INIT pass (extract init attributes).

1.5. Executing PROC_ROM pass (convert switches to ROMs).
Converted 0 switches.
<suppressed ~585 debug messages>

1.6. Executing PROC_MUX pass (convert decision trees to multiplexers).
Creating decoders for process `\alapeno_tile_ctrl.$1354'.
     1/12: $fault_b$1363
     2/12: $done_b$1362
     3/12: $run_q$1361
     4/12: $fault_b$1366
     5/12: $done_b$1365
     6/12: $run_q$1364
     7/12: $fault_b$1369
     8/12: $done_b$1368
     9/12: $run_q$1367
    10/12: $fault_b$1372
    11/12: $done_b$1371
    12/12: $run_q$1370
Creating decoders for process `\alapeno_tile_ctrl.$137'.
     1/445: $u_matrix.n$1229
     2/445: $u_matrix.state$1227
     3/445: $u_matrix.m$1224
     4/445: $u_matrix.state$1223
     5/445: $u_matrix.state$1220
     6/445: $u_matrix.pass$1221
     7/445: $u_matrix.pass$1225
     8/445: $u_matrix.pass$1230
     9/445: $u_matrix.m$1228
    10/445: $u_matrix.pack_w[255:248]$1213
    11/445: $u_matrix.pack_w[247:240]$1208
    12/445: $u_matrix.pack_w[239:232]$1203
    13/445: $u_matrix.pack_w[231:224]$1198
    14/445: $u_matrix.pack_w[223:216]$1193
    15/445: $u_matrix.pack_w[215:208]$1188
    16/445: $u_matrix.pack_w[207:200]$1183
    17/445: $u_matrix.pack_w[199:192]$1178
    18/445: $u_matrix.pack_w[191:184]$1173
    19/445: $u_matrix.pack_w[183:176]$1168
    20/445: $u_matrix.pack_w[175:168]$1163
    21/445: $u_matrix.pack_w[167:160]$1158
    22/445: $u_matrix.pack_w[159:152]$1153
    23/445: $u_matrix.pack_w[151:144]$1148
    24/445: $u_matrix.pack_w[143:136]$1143
    25/445: $u_matrix.pack_w[135:128]$1138
    26/445: $u_matrix.pack_w[127:120]$1133
    27/445: $u_matrix.pack_w[119:112]$1128
    28/445: $u_matrix.pack_w[111:104]$1123
    29/445: $u_matrix.pack_w[103:96]$1118
    30/445: $u_matrix.pack_w[95:88]$1113
    31/445: $u_matrix.pack_w[87:80]$1108
    32/445: $u_matrix.pack_w[79:72]$1103
    33/445: $u_matrix.pack_w[71:64]$1098
    34/445: $u_matrix.pack_w[63:56]$1093
    35/445: $u_matrix.pack_w[55:48]$1088
    36/445: $u_matrix.pack_w[47:40]$1083
    37/445: $u_matrix.pack_w[39:32]$1078
    38/445: $u_matrix.pack_w[31:24]$1073
    39/445: $u_matrix.pack_w[23:16]$1068
    40/445: $u_matrix.pack_w[15:8]$1063
    41/445: $u_matrix.pack_w[7:0]$1058
    42/445: $u_matrix.ix$1052
    43/445: $u_matrix.ix$1053
    44/445: $u_matrix.state$1031
    45/445: $u_matrix.n$1023
    46/445: $u_matrix.m$1018
    47/445: $u_matrix.pass$1019
    48/445: $u_matrix.state$1017
    49/445: $u_matrix.pass$1024
    50/445: $u_matrix.m$1022
    51/445: $u_matrix.state$1021
    52/445: $u_matrix.state$1032
    53/445: $u_matrix.d2b$1039
    54/445: $u_matrix.d1b$1038
    55/445: $u_matrix.ix$1037
    56/445: $u_matrix.bi$1036
    57/445: $u_matrix.pass$1035
    58/445: $u_matrix.n$1034
    59/445: $u_matrix.m$1033
    60/445: $u_matrix.n$925
    61/445: $u_matrix.m$921
    62/445: $u_matrix.state$920
    63/445: $u_matrix.m$924
    64/445: $u_matrix.state$923
    65/445: $u_matrix.k$717
    66/445: $u_matrix.state$714
    67/445: $u_matrix.n$712
    68/445: $u_matrix.state$710
    69/445: $u_matrix.m$708
    70/445: $u_matrix.state$707
    71/445: $u_matrix.m$711
    72/445: $u_matrix.bi$696
    73/445: $$root.alapeno_pkg.euclid_mod_p.rem$535
    74/445: $$root.alapeno_pkg.euclid_mod_p.rem$532
    75/445: $$root.alapeno_pkg.euclid_mod_p.rem$529
    76/445: $$root.alapeno_pkg.euclid_mod_p.rem$526
    77/445: $$root.alapeno_pkg.euclid_mod_p.rem$523
    78/445: $$root.alapeno_pkg.euclid_mod_p.rem$520
    79/445: $$root.alapeno_pkg.euclid_mod_p.rem$517
    80/445: $$root.alapeno_pkg.euclid_mod_p.rem$514
    81/445: $$root.alapeno_pkg.euclid_mod_p.rem$511
    82/445: $$root.alapeno_pkg.euclid_mod_p.rem$508
    83/445: $$root.alapeno_pkg.euclid_mod_p.rem$505
    84/445: $$root.alapeno_pkg.euclid_mod_p.rem$502
    85/445: $$root.alapeno_pkg.euclid_mod_p.rem$499
    86/445: $$root.alapeno_pkg.euclid_mod_p.rem$496
    87/445: $$root.alapeno_pkg.euclid_mod_p.rem$493
    88/445: $$root.alapeno_pkg.euclid_mod_p.rem$490
    89/445: $$root.alapeno_pkg.euclid_mod_p.rem$487
    90/445: $$root.alapeno_pkg.euclid_mod_p.rem$484
    91/445: $$root.alapeno_pkg.euclid_mod_p.rem$481
    92/445: $$root.alapeno_pkg.euclid_mod_p.rem$478
    93/445: $$root.alapeno_pkg.euclid_mod_p.rem$475
    94/445: $$root.alapeno_pkg.euclid_mod_p.rem$472
    95/445: $$root.alapeno_pkg.euclid_mod_p.rem$469
    96/445: $$root.alapeno_pkg.euclid_mod_p.rem$466
    97/445: $$root.alapeno_pkg.euclid_mod_p.rem$463
    98/445: $$root.alapeno_pkg.euclid_mod_p.rem$460
    99/445: $$root.alapeno_pkg.euclid_mod_p.rem$457
   100/445: $$root.alapeno_pkg.euclid_mod_p.rem$454
   101/445: $$root.alapeno_pkg.euclid_mod_p.rem$451
   102/445: $$root.alapeno_pkg.euclid_mod_p.rem$448
   103/445: $$root.alapeno_pkg.euclid_mod_p.rem$445
   104/445: $$root.alapeno_pkg.euclid_mod_p.rem$442
   105/445: $$root.alapeno_pkg.euclid_mod_p.rem$439
   106/445: $$root.alapeno_pkg.euclid_mod_p.rem$436
   107/445: $$root.alapeno_pkg.euclid_mod_p.rem$433
   108/445: $$root.alapeno_pkg.euclid_mod_p.rem$430
   109/445: $$root.alapeno_pkg.euclid_mod_p.rem$427
   110/445: $$root.alapeno_pkg.euclid_mod_p.rem$424
   111/445: $$root.alapeno_pkg.euclid_mod_p.rem$421
   112/445: $$root.alapeno_pkg.euclid_mod_p.rem$418
   113/445: $$root.alapeno_pkg.euclid_mod_p.rem$415
   114/445: $$root.alapeno_pkg.euclid_mod_p.acc$412
   115/445: $$root.alapeno_pkg.euclid_mod_p.acc$409
   116/445: $u_matrix.zbytes$698
   117/445: $u_matrix.pmod$697
   118/445: $u_matrix.pmod$700
   119/445: $u_matrix.bi$699
   120/445: $$root.alapeno_pkg.field_add.field_add$369
   121/445: $u_matrix.zbytes$701
   122/445: $u_matrix.zbytes$723
   123/445: $u_matrix.pmod$722
   124/445: $u_matrix.ix$721
   125/445: $u_matrix.bi$720
   126/445: $u_matrix.accz$719
   127/445: $u_matrix.fres$718
   128/445: $u_matrix.n$716
   129/445: $u_matrix.m$715
   130/445: $u_matrix.zbytes$733
   131/445: $u_matrix.pmod$732
   132/445: $u_matrix.ix$731
   133/445: $u_matrix.bi$730
   134/445: $u_matrix.accz$729
   135/445: $u_matrix.fres$728
   136/445: $u_matrix.k$727
   137/445: $u_matrix.n$726
   138/445: $u_matrix.m$725
   139/445: $u_matrix.state$724
   140/445: $u_matrix.step_bad$332
   141/445: $u_matrix.accz$331
   142/445: $u_matrix.state$330
   143/445: $u_matrix.step_bad$337
   144/445: $u_matrix.za$336
   145/445: $u_matrix.accz$334
   146/445: $u_matrix.state$333
   147/445: $u_matrix.step_bad$325
   148/445: $u_matrix.accz$324
   149/445: $u_matrix.state$323
   150/445: $u_matrix.sprod$335
   151/445: $u_matrix.step_bad$346
   152/445: $u_matrix.za$345
   153/445: $u_matrix.sprod$344
   154/445: $u_matrix.accz$339
   155/445: $u_matrix.state$338
   156/445: $u_matrix.step_bad$318
   157/445: $u_matrix.accz$317
   158/445: $u_matrix.state$316
   159/445: $u_matrix.za$314
   160/445: $u_matrix.sprod$313
   161/445: $u_matrix.pred$343
   162/445: $u_matrix.diff65$342
   163/445: $u_matrix.qs$341
   164/445: $u_matrix.ks$340
   165/445: $u_matrix.pred$353
   166/445: $$root.alapeno_pkg.field_add.field_add$304
   167/445: $u_matrix.fres$305
   168/445: $$root.alapeno_pkg.euclid_mod_p.rem$300
   169/445: $$root.alapeno_pkg.euclid_mod_p.rem$297
   170/445: $$root.alapeno_pkg.euclid_mod_p.rem$294
   171/445: $$root.alapeno_pkg.euclid_mod_p.rem$291
   172/445: $$root.alapeno_pkg.euclid_mod_p.rem$288
   173/445: $$root.alapeno_pkg.euclid_mod_p.rem$285
   174/445: $$root.alapeno_pkg.euclid_mod_p.rem$282
   175/445: $$root.alapeno_pkg.euclid_mod_p.rem$279
   176/445: $$root.alapeno_pkg.euclid_mod_p.rem$276
   177/445: $$root.alapeno_pkg.euclid_mod_p.rem$273
   178/445: $$root.alapeno_pkg.euclid_mod_p.rem$270
   179/445: $$root.alapeno_pkg.euclid_mod_p.rem$267
   180/445: $$root.alapeno_pkg.euclid_mod_p.rem$264
   181/445: $$root.alapeno_pkg.euclid_mod_p.rem$261
   182/445: $$root.alapeno_pkg.euclid_mod_p.rem$258
   183/445: $$root.alapeno_pkg.euclid_mod_p.rem$255
   184/445: $$root.alapeno_pkg.euclid_mod_p.rem$252
   185/445: $$root.alapeno_pkg.euclid_mod_p.rem$249
   186/445: $$root.alapeno_pkg.euclid_mod_p.rem$246
   187/445: $$root.alapeno_pkg.euclid_mod_p.rem$243
   188/445: $$root.alapeno_pkg.euclid_mod_p.rem$240
   189/445: $$root.alapeno_pkg.euclid_mod_p.rem$237
   190/445: $$root.alapeno_pkg.euclid_mod_p.rem$234
   191/445: $$root.alapeno_pkg.euclid_mod_p.rem$231
   192/445: $$root.alapeno_pkg.euclid_mod_p.rem$228
   193/445: $$root.alapeno_pkg.euclid_mod_p.rem$225
   194/445: $$root.alapeno_pkg.euclid_mod_p.rem$222
   195/445: $$root.alapeno_pkg.euclid_mod_p.rem$219
   196/445: $$root.alapeno_pkg.euclid_mod_p.rem$216
   197/445: $$root.alapeno_pkg.euclid_mod_p.rem$213
   198/445: $$root.alapeno_pkg.euclid_mod_p.rem$210
   199/445: $$root.alapeno_pkg.euclid_mod_p.rem$207
   200/445: $$root.alapeno_pkg.euclid_mod_p.rem$204
   201/445: $$root.alapeno_pkg.euclid_mod_p.rem$201
   202/445: $$root.alapeno_pkg.euclid_mod_p.rem$198
   203/445: $$root.alapeno_pkg.euclid_mod_p.rem$195
   204/445: $$root.alapeno_pkg.euclid_mod_p.rem$192
   205/445: $$root.alapeno_pkg.euclid_mod_p.rem$189
   206/445: $$root.alapeno_pkg.euclid_mod_p.rem$186
   207/445: $$root.alapeno_pkg.euclid_mod_p.rem$183
   208/445: $$root.alapeno_pkg.euclid_mod_p.rem$180
   209/445: $$root.alapeno_pkg.euclid_mod_p.acc$177
   210/445: $$root.alapeno_pkg.field_sub.field_sub$166
   211/445: $u_matrix.step_bad$358
   212/445: $u_matrix.za$357
   213/445: $u_matrix.sprod$356
   214/445: $u_matrix.pmod$355
   215/445: $u_matrix.dres$354
   216/445: $u_matrix.diff65$352
   217/445: $u_matrix.qs$351
   218/445: $u_matrix.ks$350
   219/445: $u_matrix.accz$349
   220/445: $u_matrix.fres$348
   221/445: $u_matrix.state$347
   222/445: $u_matrix.step_bad$751
   223/445: $u_matrix.state$734
   224/445: $u_matrix.zbytes$750
   225/445: $u_matrix.za$749
   226/445: $u_matrix.sprod$748
   227/445: $u_matrix.pmod$747
   228/445: $u_matrix.dres$746
   229/445: $u_matrix.pred$745
   230/445: $u_matrix.diff65$744
   231/445: $u_matrix.qs$743
   232/445: $u_matrix.ks$742
   233/445: $u_matrix.ix$741
   234/445: $u_matrix.bi$740
   235/445: $u_matrix.accz$739
   236/445: $u_matrix.fres$738
   237/445: $u_matrix.k$737
   238/445: $u_matrix.n$736
   239/445: $u_matrix.m$735
   240/445: $u_matrix.state$156
   241/445: $u_matrix.hold_a$157
   242/445: $u_matrix.state$1231
   243/445: $u_matrix.state$143
   244/445: $u_matrix.state$144
   245/445: $u_matrix.state$145
   246/445: $u_matrix.state$146
   247/445: $u_matrix.accz$153
   248/445: $u_matrix.fres$152
   249/445: $u_matrix.pass$151
   250/445: $u_matrix.k$150
   251/445: $u_matrix.n$149
   252/445: $u_matrix.m$148
   253/445: $u_matrix.state$147
   254/445: $u_matrix.step_bad$1262
   255/445: $u_matrix.jnew$1261
   256/445: $u_matrix.d2b$1260
   257/445: $u_matrix.d1b$1259
   258/445: $u_matrix.zbytes$1258
   259/445: $u_matrix.beat$1257
   260/445: $u_matrix.pack_w$1256
   261/445: $u_matrix.d2$1255
   262/445: $u_matrix.d1$1254
   263/445: $u_matrix.d0$1253
   264/445: $u_matrix.za$1252
   265/445: $u_matrix.sprod$1251
   266/445: $u_matrix.pmod$1250
   267/445: $u_matrix.dres$1249
   268/445: $u_matrix.bval$1248
   269/445: $u_matrix.pred$1247
   270/445: $u_matrix.diff65$1246
   271/445: $u_matrix.qs$1245
   272/445: $u_matrix.ks$1244
   273/445: $u_matrix.ix$1243
   274/445: $u_matrix.bi$1242
   275/445: $u_matrix.accz$1241
   276/445: $u_matrix.fres$1240
   277/445: $u_matrix.hold_j$1239
   278/445: $u_matrix.hold_p$1238
   279/445: $u_matrix.hold_e$1237
   280/445: $u_matrix.hold_a$1236
   281/445: $u_matrix.pass$1235
   282/445: $u_matrix.k$1234
   283/445: $u_matrix.n$1233
   284/445: $u_matrix.m$1232
   285/445: $u_matrix.state$1263
   286/445: $u_matrix.step_bad$1294
   287/445: $u_matrix.jnew$1293
   288/445: $u_matrix.d2b$1292
   289/445: $u_matrix.d1b$1291
   290/445: $u_matrix.zbytes$1290
   291/445: $u_matrix.beat$1289
   292/445: $u_matrix.pack_w$1288
   293/445: $u_matrix.d2$1287
   294/445: $u_matrix.d1$1286
   295/445: $u_matrix.d0$1285
   296/445: $u_matrix.za$1284
   297/445: $u_matrix.sprod$1283
   298/445: $u_matrix.pmod$1282
   299/445: $u_matrix.dres$1281
   300/445: $u_matrix.bval$1280
   301/445: $u_matrix.pred$1279
   302/445: $u_matrix.diff65$1278
   303/445: $u_matrix.qs$1277
   304/445: $u_matrix.ks$1276
   305/445: $u_matrix.ix$1275
   306/445: $u_matrix.bi$1274
   307/445: $u_matrix.accz$1273
   308/445: $u_matrix.fres$1272
   309/445: $u_matrix.hold_j$1271
   310/445: $u_matrix.hold_p$1270
   311/445: $u_matrix.hold_e$1269
   312/445: $u_matrix.hold_a$1268
   313/445: $u_matrix.pass$1267
   314/445: $u_matrix.k$1266
   315/445: $u_matrix.n$1265
   316/445: $u_matrix.m$1264
   317/445: $u_matrix.beat$1322
   318/445: $u_matrix.accz$1306
   319/445: $u_matrix.fres$1305
   320/445: $u_matrix.hold_j$1304
   321/445: $u_matrix.hold_p$1303
   322/445: $u_matrix.hold_e$1302
   323/445: $u_matrix.hold_a$1300
   324/445: $u_matrix.pass$1299
   325/445: $u_matrix.k$1298
   326/445: $u_matrix.n$1297
   327/445: $u_matrix.m$1296
   328/445: $u_matrix.state$1295
   329/445: $u_matrix.step_bad$1327
   330/445: $u_matrix.jnew$1326
   331/445: $u_matrix.d2b$1325
   332/445: $u_matrix.d1b$1324
   333/445: $u_matrix.zbytes$1323
   334/445: $u_matrix.pack_w$1321
   335/445: $u_matrix.d2$1320
   336/445: $u_matrix.d1$1319
   337/445: $u_matrix.d0$1318
   338/445: $u_matrix.za$1317
   339/445: $u_matrix.sprod$1316
   340/445: $u_matrix.pmod$1315
   341/445: $u_matrix.dres$1314
   342/445: $u_matrix.bval$1313
   343/445: $u_matrix.pred$1312
   344/445: $u_matrix.diff65$1311
   345/445: $u_matrix.qs$1310
   346/445: $u_matrix.ks$1309
   347/445: $u_matrix.ix$1308
   348/445: $u_matrix.bi$1307
   349/445: $u_matrix.hold_b$1301
   350/445: $1009
   351/445: $1004
   352/445: $1000
   353/445: $995
   354/445: $991
   355/445: $986
   356/445: $982
   357/445: $977
   358/445: $973
   359/445: $968
   360/445: $964
   361/445: $959
   362/445: $955
   363/445: $950
   364/445: $946
   365/445: $941
   366/445: $912
   367/445: $907
   368/445: $902
   369/445: $897
   370/445: $892
   371/445: $887
   372/445: $882
   373/445: $877
   374/445: $872
   375/445: $867
   376/445: $862
   377/445: $857
   378/445: $852
   379/445: $847
   380/445: $842
   381/445: $837
   382/445: $832
   383/445: $827
   384/445: $822
   385/445: $817
   386/445: $812
   387/445: $807
   388/445: $802
   389/445: $797
   390/445: $792
   391/445: $787
   392/445: $782
   393/445: $777
   394/445: $772
   395/445: $767
   396/445: $762
   397/445: $757
   398/445: $693
   399/445: $689
   400/445: $685
   401/445: $681
   402/445: $677
   403/445: $673
   404/445: $669
   405/445: $665
   406/445: $661
   407/445: $657
   408/445: $653
   409/445: $649
   410/445: $645
   411/445: $641
   412/445: $637
   413/445: $633
   414/445: $629
   415/445: $625
   416/445: $621
   417/445: $617
   418/445: $613
   419/445: $609
   420/445: $605
   421/445: $601
   422/445: $597
   423/445: $593
   424/445: $589
   425/445: $585
   426/445: $581
   427/445: $577
   428/445: $573
   429/445: $569
   430/445: $565
   431/445: $561
   432/445: $557
   433/445: $553
   434/445: $549
   435/445: $545
   436/445: $541
   437/445: $537
   438/445: $400
   439/445: $396
   440/445: $392
   441/445: $388
   442/445: $384
   443/445: $380
   444/445: $376
   445/445: $372
Creating decoders for process `\alapeno_tile_ctrl.$8'.
     1/79: $u_matrix.fail$61
     2/79: $u_matrix.b_discard$60
     3/79: $u_matrix.fail$65
     4/79: $u_matrix.complete$64
     5/79: $u_matrix.b_discard$63
     6/79: $u_matrix.b_publish$62
     7/79: $u_matrix.b_addr$56
     8/79: $u_matrix.b_addr$57
     9/79: $u_matrix.fail$75
    10/79: $u_matrix.complete$74
    11/79: $u_matrix.b_wdata$73
    12/79: $u_matrix.b_size$72
    13/79: $u_matrix.b_addr$71
    14/79: $u_matrix.b_discard$70
    15/79: $u_matrix.b_publish$69
    16/79: $u_matrix.b_shadow$68
    17/79: $u_matrix.b_we$67
    18/79: $u_matrix.b_valid$66
    19/79: $u_matrix.b_size$82
    20/79: $u_matrix.b_addr$81
    21/79: $u_matrix.b_valid$76
    22/79: $u_matrix.fail$85
    23/79: $u_matrix.complete$84
    24/79: $u_matrix.b_wdata$83
    25/79: $u_matrix.b_discard$80
    26/79: $u_matrix.b_publish$79
    27/79: $u_matrix.b_shadow$78
    28/79: $u_matrix.b_we$77
    29/79: $u_matrix.b_size$92
    30/79: $u_matrix.b_addr$91
    31/79: $u_matrix.b_valid$86
    32/79: $u_matrix.fail$95
    33/79: $u_matrix.complete$94
    34/79: $u_matrix.b_wdata$93
    35/79: $u_matrix.b_discard$90
    36/79: $u_matrix.b_publish$89
    37/79: $u_matrix.b_shadow$88
    38/79: $u_matrix.b_we$87
    39/79: $u_matrix.b_size$102
    40/79: $u_matrix.b_addr$101
    41/79: $u_matrix.b_valid$96
    42/79: $u_matrix.fail$105
    43/79: $u_matrix.complete$104
    44/79: $u_matrix.b_wdata$103
    45/79: $u_matrix.b_discard$100
    46/79: $u_matrix.b_publish$99
    47/79: $u_matrix.b_shadow$98
    48/79: $u_matrix.b_we$97
    49/79: $u_matrix.b_size$112
    50/79: $u_matrix.b_addr$111
    51/79: $u_matrix.b_valid$106
    52/79: $u_matrix.b_addr$25
    53/79: $u_matrix.fail$115
    54/79: $u_matrix.complete$114
    55/79: $u_matrix.b_wdata$113
    56/79: $u_matrix.b_discard$110
    57/79: $u_matrix.b_publish$109
    58/79: $u_matrix.b_shadow$108
    59/79: $u_matrix.b_we$107
    60/79: $u_matrix.b_size$122
    61/79: $u_matrix.b_addr$121
    62/79: $u_matrix.b_valid$116
    63/79: $u_matrix.fail$125
    64/79: $u_matrix.complete$124
    65/79: $u_matrix.b_wdata$123
    66/79: $u_matrix.b_discard$120
    67/79: $u_matrix.b_publish$119
    68/79: $u_matrix.b_shadow$118
    69/79: $u_matrix.b_we$117
    70/79: $u_matrix.b_discard$130
    71/79: $u_matrix.fail$135
    72/79: $u_matrix.complete$134
    73/79: $u_matrix.b_wdata$133
    74/79: $u_matrix.b_size$132
    75/79: $u_matrix.b_addr$131
    76/79: $u_matrix.b_publish$129
    77/79: $u_matrix.b_shadow$128
    78/79: $u_matrix.b_we$127
    79/79: $u_matrix.b_valid$126
Creating decoders for process `\alapeno_mac.$124'.
     1/134: $beat$412
     2/134: $fres$411
     3/134: $$root.alapeno_pkg.euclid_mod_p.rem$410
     4/134: $$root.alapeno_pkg.euclid_mod_p.rem$407
     5/134: $$root.alapeno_pkg.euclid_mod_p.rem$404
     6/134: $$root.alapeno_pkg.euclid_mod_p.rem$401
     7/134: $$root.alapeno_pkg.euclid_mod_p.rem$398
     8/134: $$root.alapeno_pkg.euclid_mod_p.rem$395
     9/134: $$root.alapeno_pkg.euclid_mod_p.rem$392
    10/134: $$root.alapeno_pkg.euclid_mod_p.rem$389
    11/134: $$root.alapeno_pkg.euclid_mod_p.rem$386
    12/134: $$root.alapeno_pkg.euclid_mod_p.rem$383
    13/134: $$root.alapeno_pkg.euclid_mod_p.rem$380
    14/134: $$root.alapeno_pkg.euclid_mod_p.rem$377
    15/134: $$root.alapeno_pkg.euclid_mod_p.rem$374
    16/134: $$root.alapeno_pkg.euclid_mod_p.rem$371
    17/134: $$root.alapeno_pkg.euclid_mod_p.rem$368
    18/134: $$root.alapeno_pkg.euclid_mod_p.rem$365
    19/134: $$root.alapeno_pkg.euclid_mod_p.rem$362
    20/134: $$root.alapeno_pkg.euclid_mod_p.rem$359
    21/134: $$root.alapeno_pkg.euclid_mod_p.rem$356
    22/134: $$root.alapeno_pkg.euclid_mod_p.rem$353
    23/134: $$root.alapeno_pkg.euclid_mod_p.rem$350
    24/134: $$root.alapeno_pkg.euclid_mod_p.rem$347
    25/134: $$root.alapeno_pkg.euclid_mod_p.rem$344
    26/134: $$root.alapeno_pkg.euclid_mod_p.rem$341
    27/134: $$root.alapeno_pkg.euclid_mod_p.rem$338
    28/134: $$root.alapeno_pkg.euclid_mod_p.rem$335
    29/134: $$root.alapeno_pkg.euclid_mod_p.rem$332
    30/134: $$root.alapeno_pkg.euclid_mod_p.rem$329
    31/134: $$root.alapeno_pkg.euclid_mod_p.rem$326
    32/134: $$root.alapeno_pkg.euclid_mod_p.rem$323
    33/134: $$root.alapeno_pkg.euclid_mod_p.rem$320
    34/134: $$root.alapeno_pkg.euclid_mod_p.rem$317
    35/134: $$root.alapeno_pkg.euclid_mod_p.rem$314
    36/134: $$root.alapeno_pkg.euclid_mod_p.rem$311
    37/134: $$root.alapeno_pkg.euclid_mod_p.rem$308
    38/134: $$root.alapeno_pkg.euclid_mod_p.rem$305
    39/134: $$root.alapeno_pkg.euclid_mod_p.rem$302
    40/134: $$root.alapeno_pkg.euclid_mod_p.rem$299
    41/134: $$root.alapeno_pkg.euclid_mod_p.rem$296
    42/134: $$root.alapeno_pkg.euclid_mod_p.rem$293
    43/134: $$root.alapeno_pkg.euclid_mod_p.rem$290
    44/134: $$root.alapeno_pkg.euclid_mod_p.acc$287
    45/134: $$root.alapeno_pkg.euclid_mod_p.acc$284
    46/134: $$root.alapeno_pkg.euclid_mod_p.rem$277
    47/134: $$root.alapeno_pkg.euclid_mod_p.rem$274
    48/134: $$root.alapeno_pkg.euclid_mod_p.rem$271
    49/134: $$root.alapeno_pkg.euclid_mod_p.rem$268
    50/134: $$root.alapeno_pkg.euclid_mod_p.rem$265
    51/134: $$root.alapeno_pkg.euclid_mod_p.rem$262
    52/134: $$root.alapeno_pkg.euclid_mod_p.rem$259
    53/134: $$root.alapeno_pkg.euclid_mod_p.rem$256
    54/134: $$root.alapeno_pkg.euclid_mod_p.rem$253
    55/134: $$root.alapeno_pkg.euclid_mod_p.rem$250
    56/134: $$root.alapeno_pkg.euclid_mod_p.rem$247
    57/134: $$root.alapeno_pkg.euclid_mod_p.rem$244
    58/134: $$root.alapeno_pkg.euclid_mod_p.rem$241
    59/134: $$root.alapeno_pkg.euclid_mod_p.rem$238
    60/134: $$root.alapeno_pkg.euclid_mod_p.rem$235
    61/134: $$root.alapeno_pkg.euclid_mod_p.rem$232
    62/134: $$root.alapeno_pkg.euclid_mod_p.rem$229
    63/134: $$root.alapeno_pkg.euclid_mod_p.rem$226
    64/134: $$root.alapeno_pkg.euclid_mod_p.rem$223
    65/134: $$root.alapeno_pkg.euclid_mod_p.rem$220
    66/134: $$root.alapeno_pkg.euclid_mod_p.rem$217
    67/134: $$root.alapeno_pkg.euclid_mod_p.rem$214
    68/134: $$root.alapeno_pkg.euclid_mod_p.rem$211
    69/134: $$root.alapeno_pkg.euclid_mod_p.rem$208
    70/134: $$root.alapeno_pkg.euclid_mod_p.rem$205
    71/134: $$root.alapeno_pkg.euclid_mod_p.rem$202
    72/134: $$root.alapeno_pkg.euclid_mod_p.rem$199
    73/134: $$root.alapeno_pkg.euclid_mod_p.rem$196
    74/134: $$root.alapeno_pkg.euclid_mod_p.rem$193
    75/134: $$root.alapeno_pkg.euclid_mod_p.rem$190
    76/134: $$root.alapeno_pkg.euclid_mod_p.rem$187
    77/134: $$root.alapeno_pkg.euclid_mod_p.rem$184
    78/134: $$root.alapeno_pkg.euclid_mod_p.rem$181
    79/134: $$root.alapeno_pkg.euclid_mod_p.rem$178
    80/134: $$root.alapeno_pkg.euclid_mod_p.rem$175
    81/134: $$root.alapeno_pkg.euclid_mod_p.rem$172
    82/134: $$root.alapeno_pkg.euclid_mod_p.rem$169
    83/134: $$root.alapeno_pkg.euclid_mod_p.rem$166
    84/134: $$root.alapeno_pkg.euclid_mod_p.rem$163
    85/134: $$root.alapeno_pkg.euclid_mod_p.rem$160
    86/134: $$root.alapeno_pkg.euclid_mod_p.rem$157
    87/134: $$root.alapeno_pkg.euclid_mod_p.acc$154
    88/134: $$root.alapeno_pkg.euclid_mod_p.acc$151
    89/134: $state$413
    90/134: $beat$416
    91/134: $accz$415
    92/134: $fres$414
    93/134: $state$139
    94/134: $hold_b$140
    95/134: $state$135
    96/134: $hold_a$136
    97/134: $state$417
    98/134: $state$125
    99/134: $beat$132
   100/134: $hold_z$131
   101/134: $accz$130
   102/134: $fres$129
   103/134: $hold_b$128
   104/134: $hold_a$127
   105/134: $state$126
   106/134: $bval$426
   107/134: $aval$425
   108/134: $za$424
   109/134: $beat$423
   110/134: $hold_z$422
   111/134: $accz$421
   112/134: $fres$420
   113/134: $hold_b$419
   114/134: $hold_a$418
   115/134: $state$427
   116/134: $bval$436
   117/134: $aval$435
   118/134: $za$434
   119/134: $beat$433
   120/134: $hold_z$432
   121/134: $accz$431
   122/134: $fres$430
   123/134: $hold_b$429
   124/134: $hold_a$428
   125/134: $beat$443
   126/134: $hold_z$442
   127/134: $accz$441
   128/134: $fres$440
   129/134: $hold_b$439
   130/134: $hold_a$438
   131/134: $state$437
   132/134: $bval$446
   133/134: $aval$445
   134/134: $za$444
Creating decoders for process `\alapeno_mac.$58'.
     1/56: $fail$68
     2/56: $b_discard$67
     3/56: $fail$72
     4/56: $complete$71
     5/56: $b_discard$70
     6/56: $b_publish$69
     7/56: $fail$82
     8/56: $complete$81
     9/56: $b_wdata$80
    10/56: $b_size$79
    11/56: $b_addr$78
    12/56: $b_discard$77
    13/56: $b_publish$76
    14/56: $b_shadow$75
    15/56: $b_we$74
    16/56: $b_valid$73
    17/56: $b_size$89
    18/56: $b_addr$88
    19/56: $b_valid$83
    20/56: $fail$92
    21/56: $complete$91
    22/56: $b_wdata$90
    23/56: $b_discard$87
    24/56: $b_publish$86
    25/56: $b_shadow$85
    26/56: $b_we$84
    27/56: $b_size$99
    28/56: $b_addr$98
    29/56: $b_valid$93
    30/56: $fail$102
    31/56: $complete$101
    32/56: $b_wdata$100
    33/56: $b_discard$97
    34/56: $b_publish$96
    35/56: $b_shadow$95
    36/56: $b_we$94
    37/56: $b_size$109
    38/56: $b_addr$108
    39/56: $b_valid$103
    40/56: $fail$112
    41/56: $complete$111
    42/56: $b_wdata$110
    43/56: $b_discard$107
    44/56: $b_publish$106
    45/56: $b_shadow$105
    46/56: $b_we$104
    47/56: $b_discard$117
    48/56: $fail$122
    49/56: $complete$121
    50/56: $b_wdata$120
    51/56: $b_size$119
    52/56: $b_addr$118
    53/56: $b_publish$116
    54/56: $b_shadow$115
    55/56: $b_we$114
    56/56: $b_valid$113
Creating decoders for process `\alapeno_mac.$2'.
     1/6: $bad_ptr$56
     2/6: $$root.alapeno_pkg.bytes_in_sram.bytes_in_sram$52
     3/6: $$root.alapeno_pkg.bytes_in_sram.last$53
     4/6: $bad_ptr$17
     5/6: $$root.alapeno_pkg.ptr_align.ptr_align$15
     6/6: $bad_ptr$11

1.7. Executing PROC_CLEAN pass (remove empty switches from decision trees).
Found and cleaned up 7 empty switches in `\alapeno_tile_ctrl.$1354'.
Removing empty process `alapeno_tile_ctrl.$1354'.
Found and cleaned up 344 empty switches in `\alapeno_tile_ctrl.$137'.
Removing empty process `alapeno_tile_ctrl.$137'.
Found and cleaned up 23 empty switches in `\alapeno_tile_ctrl.$8'.
Removing empty process `alapeno_tile_ctrl.$8'.
Found and cleaned up 189 empty switches in `\alapeno_mac.$124'.
Removing empty process `alapeno_mac.$124'.
Found and cleaned up 13 empty switches in `\alapeno_mac.$58'.
Removing empty process `alapeno_mac.$58'.
Found and cleaned up 9 empty switches in `\alapeno_mac.$2'.
Removing empty process `alapeno_mac.$2'.
Cleaned up 585 empty switches.

1.8. Executing OPT_EXPR pass (perform const folding).
Optimizing module alapeno_tile_ctrl.
<suppressed ~157 debug messages>
Optimizing module alapeno_mac.
<suppressed ~119 debug messages>

2. Executing HIERARCHY pass (managing design hierarchy).

2.1. Analyzing design hierarchy..
Top module:  \alapeno_tile_ctrl

2.2. Analyzing design hierarchy..
Top module:  \alapeno_tile_ctrl
Removing unused module `\alapeno_mac'.
Removed 1 unused modules.

3. Executing PROC pass (convert processes to netlists).

3.1. Executing PROC_CLEAN pass (remove empty switches from decision trees).
Cleaned up 0 empty switches.

3.2. Executing PROC_RMDEAD pass (remove dead branches from decision trees).
Removed a total of 0 dead cases.

3.3. Executing PROC_PRUNE pass (remove redundant assignments in processes).
Removed 0 redundant assignments.
Promoted 0 assignments to connections.

3.4. Executing PROC_INIT pass (extract init attributes).

3.5. Executing PROC_ARST pass (detect async resets in processes).

3.6. Executing PROC_ROM pass (convert switches to ROMs).
Converted 0 switches.

3.7. Executing PROC_MUX pass (convert decision trees to multiplexers).

3.8. Executing PROC_DLATCH pass (convert process syncs to latches).

3.9. Executing PROC_DFF pass (convert process syncs to FFs).

3.10. Executing PROC_MEMWR pass (convert process memory writes to cells).

3.11. Executing PROC_CLEAN pass (remove empty switches from decision trees).
Cleaned up 0 empty switches.

3.12. Executing OPT_EXPR pass (perform const folding).
Optimizing module alapeno_tile_ctrl.

4. Executing OPT pass (performing simple optimizations).

4.1. Executing OPT_EXPR pass (perform const folding).
Optimizing module alapeno_tile_ctrl.
<suppressed ~34 debug messages>

4.2. Executing OPT_MERGE pass (detect identical cells).
Finding identical cells in module `\alapeno_tile_ctrl'.
Computing hashes of 3887 cells of `\alapeno_tile_ctrl'.
Finding duplicate cells in `\alapeno_tile_ctrl'.
Computing hashes of 3391 cells of `\alapeno_tile_ctrl'.
Finding duplicate cells in `\alapeno_tile_ctrl'.
Computing hashes of 3369 cells of `\alapeno_tile_ctrl'.
Finding duplicate cells in `\alapeno_tile_ctrl'.
Computing hashes of 3363 cells of `\alapeno_tile_ctrl'.
Finding duplicate cells in `\alapeno_tile_ctrl'.
Computing hashes of 3331 cells of `\alapeno_tile_ctrl'.
Finding duplicate cells in `\alapeno_tile_ctrl'.
<suppressed ~1668 debug messages>
Removed a total of 556 cells.

4.3. Executing OPT_MUXTREE pass (detect dead branches in mux trees).
Running muxtree optimizer on module \alapeno_tile_ctrl..
  Creating internal representation of mux trees.
  Evaluating internal representation of mux trees.
  Analyzing evaluation results.
    dead port 1/2 on $mux $procmux$11121.
    dead port 1/2 on $mux $procmux$9290.
    dead port 1/2 on $mux $procmux$11118.
    dead port 1/2 on $mux $procmux$9257.
    dead port 1/2 on $mux $procmux$9224.
    dead port 1/2 on $mux $procmux$11111.
    dead port 1/2 on $mux $procmux$9191.
    dead port 1/2 on $mux $procmux$11108.
    dead port 1/2 on $mux $procmux$9158.
    dead port 1/2 on $mux $procmux$9125.
    dead port 1/2 on $mux $procmux$11101.
    dead port 1/2 on $mux $procmux$9092.
    dead port 1/2 on $mux $procmux$11098.
    dead port 1/2 on $mux $procmux$9059.
    dead port 1/2 on $mux $procmux$9026.
    dead port 1/2 on $mux $procmux$11091.
    dead port 1/2 on $mux $procmux$8993.
    dead port 1/2 on $mux $procmux$11088.
    dead port 1/2 on $mux $procmux$8960.
    dead port 1/2 on $mux $procmux$8927.
    dead port 1/2 on $mux $procmux$11081.
    dead port 1/2 on $mux $procmux$8894.
    dead port 1/2 on $mux $procmux$11078.
    dead port 1/2 on $mux $procmux$8861.
    dead port 1/2 on $mux $procmux$8828.
    dead port 1/2 on $mux $procmux$11071.
    dead port 1/2 on $mux $procmux$8795.
    dead port 1/2 on $mux $procmux$11068.
    dead port 1/2 on $mux $procmux$8762.
    dead port 2/2 on $mux $procmux$11065.
    dead port 1/2 on $mux $procmux$8729.
    dead port 1/2 on $mux $procmux$8696.
    dead port 1/2 on $mux $procmux$11059.
    dead port 1/2 on $mux $procmux$8663.
    dead port 1/2 on $mux $procmux$11056.
    dead port 1/2 on $mux $procmux$8630.
    dead port 1/2 on $mux $procmux$8597.
    dead port 1/2 on $mux $procmux$11048.
    dead port 1/2 on $mux $procmux$8564.
    dead port 1/2 on $mux $procmux$11045.
    dead port 1/2 on $mux $procmux$11037.
    dead port 1/2 on $mux $procmux$11034.
    dead port 1/2 on $mux $procmux$11026.
    dead port 1/2 on $mux $procmux$11023.
    dead port 1/2 on $mux $procmux$11020.
    dead port 1/2 on $mux $procmux$11013.
    dead port 1/2 on $mux $procmux$11010.
    dead port 1/2 on $mux $procmux$11007.
    dead port 1/2 on $mux $procmux$11000.
    dead port 1/2 on $mux $procmux$10997.
    dead port 1/2 on $mux $procmux$10994.
    dead port 1/2 on $mux $procmux$10987.
    dead port 1/2 on $mux $procmux$10984.
    dead port 1/2 on $mux $procmux$10981.
    dead port 1/2 on $mux $procmux$10974.
    dead port 1/2 on $mux $procmux$10971.
    dead port 1/2 on $mux $procmux$10968.
    dead port 1/2 on $mux $procmux$10961.
    dead port 1/2 on $mux $procmux$10958.
    dead port 1/2 on $mux $procmux$10955.
    dead port 1/2 on $mux $procmux$10948.
    dead port 1/2 on $mux $procmux$10945.
    dead port 1/2 on $mux $procmux$10942.
    dead port 1/2 on $mux $procmux$10935.
    dead port 1/2 on $mux $procmux$10932.
    dead port 1/2 on $mux $procmux$10929.
    dead port 1/2 on $mux $procmux$10922.
    dead port 1/2 on $mux $procmux$10919.
    dead port 1/2 on $mux $procmux$10916.
    dead port 1/2 on $mux $procmux$10909.
    dead port 1/2 on $mux $procmux$10906.
    dead port 1/2 on $mux $procmux$10903.
    dead port 1/2 on $mux $procmux$10896.
    dead port 1/2 on $mux $procmux$7538.
    dead port 1/2 on $mux $procmux$7531.
    dead port 1/2 on $mux $procmux$7524.
    dead port 1/2 on $mux $procmux$7517.
    dead port 1/2 on $mux $procmux$7510.
    dead port 1/2 on $mux $procmux$7503.
    dead port 1/2 on $mux $procmux$7496.
    dead port 1/2 on $mux $procmux$7489.
    dead port 1/2 on $mux $procmux$7482.
    dead port 1/2 on $mux $procmux$7475.
    dead port 1/2 on $mux $procmux$7468.
    dead port 1/2 on $mux $procmux$7461.
    dead port 1/2 on $mux $procmux$7454.
    dead port 1/2 on $mux $procmux$7447.
    dead port 1/2 on $mux $procmux$7440.
    dead port 1/2 on $mux $procmux$7433.
    dead port 1/2 on $mux $procmux$7426.
    dead port 1/2 on $mux $procmux$7419.
    dead port 1/2 on $mux $procmux$7412.
    dead port 1/2 on $mux $procmux$7405.
    dead port 1/2 on $mux $procmux$7398.
    dead port 1/2 on $mux $procmux$7391.
    dead port 1/2 on $mux $procmux$7384.
    dead port 1/2 on $mux $procmux$7377.
    dead port 1/2 on $mux $procmux$7370.
    dead port 1/2 on $mux $procmux$7363.
    dead port 1/2 on $mux $procmux$7356.
    dead port 1/2 on $mux $procmux$7349.
    dead port 1/2 on $mux $procmux$7342.
    dead port 1/2 on $mux $procmux$7335.
    dead port 1/2 on $mux $procmux$7328.
    dead port 1/2 on $mux $procmux$7321.
    dead port 1/2 on $mux $procmux$7314.
    dead port 1/2 on $mux $procmux$7311.
    dead port 1/2 on $mux $procmux$10893.
    dead port 1/2 on $mux $procmux$10890.
    dead port 1/2 on $mux $procmux$10887.
    dead port 1/2 on $mux $procmux$7295.
    dead port 1/2 on $mux $procmux$7292.
    dead port 1/2 on $mux $procmux$10880.
    dead port 1/2 on $mux $procmux$10877.
    dead port 1/2 on $mux $procmux$10874.
    dead port 1/2 on $mux $procmux$10871.
    dead port 1/2 on $mux $procmux$7276.
    dead port 1/2 on $mux $procmux$7273.
    dead port 1/2 on $mux $procmux$10864.
    dead port 1/2 on $mux $procmux$7254.
    dead port 1/2 on $mux $procmux$7251.
    dead port 1/2 on $mux $procmux$10861.
    dead port 1/2 on $mux $procmux$10858.
    dead port 1/2 on $mux $procmux$10855.
    dead port 1/2 on $mux $procmux$7239.
    dead port 1/2 on $mux $procmux$7236.
    dead port 1/2 on $mux $procmux$7217.
    dead port 1/2 on $mux $procmux$7214.
    dead port 1/2 on $mux $procmux$7201.
    dead port 1/2 on $mux $procmux$7198.
    dead port 1/2 on $mux $procmux$7187.
    dead port 1/2 on $mux $procmux$7184.
    dead port 1/2 on $mux $procmux$7174.
    dead port 1/2 on $mux $procmux$7171.
    dead port 1/2 on $mux $procmux$10848.
    dead port 1/2 on $mux $procmux$10845.
    dead port 1/2 on $mux $procmux$7152.
    dead port 1/2 on $mux $procmux$7149.
    dead port 1/2 on $mux $procmux$10842.
    dead port 1/2 on $mux $procmux$10839.
    dead port 1/2 on $mux $procmux$7130.
    dead port 1/2 on $mux $procmux$7127.
    dead port 1/2 on $mux $procmux$10832.
    dead port 1/2 on $mux $procmux$10829.
    dead port 1/2 on $mux $procmux$7112.
    dead port 1/2 on $mux $procmux$7109.
    dead port 1/2 on $mux $procmux$10826.
    dead port 1/2 on $mux $procmux$10823.
    dead port 1/2 on $mux $procmux$10816.
    dead port 1/2 on $mux $procmux$7094.
    dead port 1/2 on $mux $procmux$7091.
    dead port 1/2 on $mux $procmux$10813.
    dead port 1/2 on $mux $procmux$7074.
    dead port 1/2 on $mux $procmux$7071.
    dead port 1/2 on $mux $procmux$10810.
    dead port 1/2 on $mux $procmux$7054.
    dead port 1/2 on $mux $procmux$7051.
    dead port 1/2 on $mux $procmux$10807.
    dead port 1/2 on $mux $procmux$7034.
    dead port 1/2 on $mux $procmux$7031.
    dead port 1/2 on $mux $procmux$7014.
    dead port 1/2 on $mux $procmux$7011.
    dead port 1/2 on $mux $procmux$10800.
    dead port 1/2 on $mux $procmux$6994.
    dead port 1/2 on $mux $procmux$6991.
    dead port 1/2 on $mux $procmux$10797.
    dead port 1/2 on $mux $procmux$6974.
    dead port 1/2 on $mux $procmux$6971.
    dead port 1/2 on $mux $procmux$10794.
    dead port 1/2 on $mux $procmux$6954.
    dead port 1/2 on $mux $procmux$6951.
    dead port 1/2 on $mux $procmux$10791.
    dead port 1/2 on $mux $procmux$6934.
    dead port 1/2 on $mux $procmux$6931.
    dead port 1/2 on $mux $procmux$6914.
    dead port 1/2 on $mux $procmux$6911.
    dead port 1/2 on $mux $procmux$10784.
    dead port 1/2 on $mux $procmux$6901.
    dead port 1/2 on $mux $procmux$6898.
    dead port 1/2 on $mux $procmux$10781.
    dead port 1/2 on $mux $procmux$6888.
    dead port 1/2 on $mux $procmux$6885.
    dead port 1/2 on $mux $procmux$10778.
    dead port 1/2 on $mux $procmux$6875.
    dead port 1/2 on $mux $procmux$6872.
    dead port 1/2 on $mux $procmux$10775.
    dead port 1/2 on $mux $procmux$6863.
    dead port 1/2 on $mux $procmux$6860.
    dead port 1/2 on $mux $procmux$6851.
    dead port 1/2 on $mux $procmux$6848.
    dead port 1/2 on $mux $procmux$10768.
    dead port 1/2 on $mux $procmux$6831.
    dead port 1/2 on $mux $procmux$6828.
    dead port 1/2 on $mux $procmux$10765.
    dead port 1/2 on $mux $procmux$6818.
    dead port 1/2 on $mux $procmux$6815.
    dead port 1/2 on $mux $procmux$10762.
    dead port 1/2 on $mux $procmux$6805.
    dead port 1/2 on $mux $procmux$6802.
    dead port 1/2 on $mux $procmux$10759.
    dead port 1/2 on $mux $procmux$6792.
    dead port 1/2 on $mux $procmux$6789.
    dead port 1/2 on $mux $procmux$6772.
    dead port 1/2 on $mux $procmux$6769.
    dead port 2/2 on $mux $procmux$6766.
    dead port 1/2 on $mux $procmux$10752.
    dead port 1/2 on $mux $procmux$6746.
    dead port 1/2 on $mux $procmux$6743.
    dead port 2/2 on $mux $procmux$6740.
    dead port 1/2 on $mux $procmux$10749.
    dead port 1/2 on $mux $procmux$6720.
    dead port 1/2 on $mux $procmux$6717.
    dead port 2/2 on $mux $procmux$6714.
    dead port 1/2 on $mux $procmux$10746.
    dead port 1/2 on $mux $procmux$6694.
    dead port 1/2 on $mux $procmux$6691.
    dead port 2/2 on $mux $procmux$6688.
    dead port 1/2 on $mux $procmux$10743.
    dead port 1/2 on $mux $procmux$6668.
    dead port 1/2 on $mux $procmux$6665.
    dead port 2/2 on $mux $procmux$6662.
    dead port 1/2 on $mux $procmux$6642.
    dead port 1/2 on $mux $procmux$6639.
    dead port 2/2 on $mux $procmux$6636.
    dead port 1/2 on $mux $procmux$10736.
    dead port 1/2 on $mux $procmux$6616.
    dead port 1/2 on $mux $procmux$6613.
    dead port 2/2 on $mux $procmux$6610.
    dead port 1/2 on $mux $procmux$10733.
    dead port 1/2 on $mux $procmux$6590.
    dead port 1/2 on $mux $procmux$6587.
    dead port 2/2 on $mux $procmux$6584.
    dead port 1/2 on $mux $procmux$10730.
    dead port 2/2 on $mux $procmux$6582.
    dead port 1/2 on $mux $procmux$6561.
    dead port 1/2 on $mux $procmux$6558.
    dead port 2/2 on $mux $procmux$6555.
    dead port 1/2 on $mux $procmux$10727.
    dead port 2/2 on $mux $procmux$6553.
    dead port 1/2 on $mux $procmux$6551.
    dead port 1/2 on $mux $procmux$6529.
    dead port 1/2 on $mux $procmux$6526.
    dead port 2/2 on $mux $procmux$6523.
    dead port 1/2 on $mux $procmux$10724.
    dead port 2/2 on $mux $procmux$6521.
    dead port 1/2 on $mux $procmux$6519.
    dead port 1/2 on $mux $procmux$6516.
    dead port 1/2 on $mux $procmux$6494.
    dead port 1/2 on $mux $procmux$6491.
    dead port 2/2 on $mux $procmux$6488.
    dead port 2/2 on $mux $procmux$6486.
    dead port 1/2 on $mux $procmux$6484.
    dead port 1/2 on $mux $procmux$6481.
    dead port 1/2 on $mux $procmux$6478.
    dead port 1/2 on $mux $procmux$6457.
    dead port 1/2 on $mux $procmux$6454.
    dead port 1/2 on $mux $procmux$10717.
    dead port 1/2 on $mux $procmux$10714.
    dead port 1/2 on $mux $procmux$10711.
    dead port 1/2 on $mux $procmux$10708.
    dead port 1/2 on $mux $procmux$10705.
    dead port 1/2 on $mux $procmux$10698.
    dead port 1/2 on $mux $procmux$10695.
    dead port 1/2 on $mux $procmux$10692.
    dead port 1/2 on $mux $procmux$6427.
    dead port 1/2 on $mux $procmux$6424.
    dead port 2/2 on $mux $procmux$6421.
    dead port 1/2 on $mux $procmux$10689.
    dead port 1/2 on $mux $procmux$6403.
    dead port 1/2 on $mux $procmux$6400.
    dead port 2/2 on $mux $procmux$6397.
    dead port 1/2 on $mux $procmux$10686.
    dead port 1/2 on $mux $procmux$6379.
    dead port 1/2 on $mux $procmux$6376.
    dead port 2/2 on $mux $procmux$6373.
    dead port 1/2 on $mux $procmux$6356.
    dead port 1/2 on $mux $procmux$6353.
    dead port 2/2 on $mux $procmux$6350.
    dead port 1/2 on $mux $procmux$10679.
    dead port 1/2 on $mux $procmux$6333.
    dead port 1/2 on $mux $procmux$6330.
    dead port 2/2 on $mux $procmux$6327.
    dead port 1/2 on $mux $procmux$10676.
    dead port 1/2 on $mux $procmux$6310.
    dead port 1/2 on $mux $procmux$6307.
    dead port 2/2 on $mux $procmux$6304.
    dead port 1/2 on $mux $procmux$10673.
    dead port 1/2 on $mux $procmux$6287.
    dead port 1/2 on $mux $procmux$6284.
    dead port 2/2 on $mux $procmux$6281.
    dead port 1/2 on $mux $procmux$10670.
    dead port 1/2 on $mux $procmux$6264.
    dead port 1/2 on $mux $procmux$6261.
    dead port 2/2 on $mux $procmux$6258.
    dead port 1/2 on $mux $procmux$10667.
    dead port 1/2 on $mux $procmux$6241.
    dead port 1/2 on $mux $procmux$6238.
    dead port 2/2 on $mux $procmux$6235.
    dead port 1/2 on $mux $procmux$6218.
    dead port 1/2 on $mux $procmux$6215.
    dead port 2/2 on $mux $procmux$6212.
    dead port 1/2 on $mux $procmux$10660.
    dead port 1/2 on $mux $procmux$6195.
    dead port 1/2 on $mux $procmux$6192.
    dead port 2/2 on $mux $procmux$6189.
    dead port 1/2 on $mux $procmux$10657.
    dead port 1/2 on $mux $procmux$6172.
    dead port 1/2 on $mux $procmux$6169.
    dead port 2/2 on $mux $procmux$6166.
    dead port 1/2 on $mux $procmux$10654.
    dead port 1/2 on $mux $procmux$6149.
    dead port 1/2 on $mux $procmux$6146.
    dead port 2/2 on $mux $procmux$6143.
    dead port 1/2 on $mux $procmux$10651.
    dead port 1/2 on $mux $procmux$6126.
    dead port 1/2 on $mux $procmux$6123.
    dead port 2/2 on $mux $procmux$6120.
    dead port 1/2 on $mux $procmux$10648.
    dead port 1/2 on $mux $procmux$6103.
    dead port 1/2 on $mux $procmux$6100.
    dead port 2/2 on $mux $procmux$6097.
    dead port 1/2 on $mux $procmux$6080.
    dead port 1/2 on $mux $procmux$6077.
    dead port 2/2 on $mux $procmux$6074.
    dead port 1/2 on $mux $procmux$10641.
    dead port 1/2 on $mux $procmux$6057.
    dead port 1/2 on $mux $procmux$6054.
    dead port 2/2 on $mux $procmux$6051.
    dead port 1/2 on $mux $procmux$10638.
    dead port 1/2 on $mux $procmux$6034.
    dead port 1/2 on $mux $procmux$6031.
    dead port 2/2 on $mux $procmux$6028.
    dead port 1/2 on $mux $procmux$10635.
    dead port 1/2 on $mux $procmux$6011.
    dead port 1/2 on $mux $procmux$6008.
    dead port 2/2 on $mux $procmux$6005.
    dead port 1/2 on $mux $procmux$10632.
    dead port 1/2 on $mux $procmux$5988.
    dead port 1/2 on $mux $procmux$5985.
    dead port 2/2 on $mux $procmux$5982.
    dead port 1/2 on $mux $procmux$10629.
    dead port 1/2 on $mux $procmux$5965.
    dead port 1/2 on $mux $procmux$5962.
    dead port 2/2 on $mux $procmux$5959.
    dead port 1/2 on $mux $procmux$5957.
    dead port 1/2 on $mux $procmux$5939.
    dead port 1/2 on $mux $procmux$5936.
    dead port 2/2 on $mux $procmux$5933.
    dead port 1/2 on $mux $procmux$10622.
    dead port 1/2 on $mux $procmux$5931.
    dead port 1/2 on $mux $procmux$5913.
    dead port 1/2 on $mux $procmux$5910.
    dead port 2/2 on $mux $procmux$5907.
    dead port 1/2 on $mux $procmux$10619.
    dead port 1/2 on $mux $procmux$5905.
    dead port 1/2 on $mux $procmux$5887.
    dead port 1/2 on $mux $procmux$5884.
    dead port 2/2 on $mux $procmux$5881.
    dead port 1/2 on $mux $procmux$10616.
    dead port 1/2 on $mux $procmux$5879.
    dead port 1/2 on $mux $procmux$5861.
    dead port 1/2 on $mux $procmux$5858.
    dead port 2/2 on $mux $procmux$5855.
    dead port 1/2 on $mux $procmux$10613.
    dead port 1/2 on $mux $procmux$5853.
    dead port 1/2 on $mux $procmux$5835.
    dead port 1/2 on $mux $procmux$5832.
    dead port 2/2 on $mux $procmux$5829.
    dead port 1/2 on $mux $procmux$10610.
    dead port 1/2 on $mux $procmux$5827.
    dead port 1/2 on $mux $procmux$5809.
    dead port 1/2 on $mux $procmux$5806.
    dead port 2/2 on $mux $procmux$5803.
    dead port 1/2 on $mux $procmux$5801.
    dead port 1/2 on $mux $procmux$10603.
    dead port 1/2 on $mux $procmux$5757.
    dead port 1/2 on $mux $procmux$5754.
    dead port 2/2 on $mux $procmux$5751.
    dead port 1/2 on $mux $procmux$10600.
    dead port 1/2 on $mux $procmux$5749.
    dead port 1/2 on $mux $procmux$10597.
    dead port 1/2 on $mux $procmux$10594.
    dead port 1/2 on $mux $procmux$10591.
    dead port 1/2 on $mux $procmux$10584.
    dead port 1/2 on $mux $procmux$10581.
    dead port 1/2 on $mux $procmux$10578.
    dead port 1/2 on $mux $procmux$10575.
    dead port 1/2 on $mux $procmux$10572.
    dead port 1/2 on $mux $procmux$10565.
    dead port 1/2 on $mux $procmux$10562.
    dead port 1/2 on $mux $procmux$10559.
    dead port 1/2 on $mux $procmux$10556.
    dead port 1/2 on $mux $procmux$10553.
    dead port 1/2 on $mux $procmux$10546.
    dead port 1/2 on $mux $procmux$10543.
    dead port 1/2 on $mux $procmux$10540.
    dead port 1/2 on $mux $procmux$10537.
    dead port 1/2 on $mux $procmux$10534.
    dead port 1/2 on $mux $procmux$10531.
    dead port 1/2 on $mux $procmux$10524.
    dead port 1/2 on $mux $procmux$10521.
    dead port 1/2 on $mux $procmux$10518.
    dead port 1/2 on $mux $procmux$10515.
    dead port 1/2 on $mux $procmux$10512.
    dead port 1/2 on $mux $procmux$10509.
    dead port 1/2 on $mux $procmux$10502.
    dead port 1/2 on $mux $procmux$10499.
    dead port 1/2 on $mux $procmux$10496.
    dead port 1/2 on $mux $procmux$10493.
    dead port 1/2 on $mux $procmux$10490.
    dead port 1/2 on $mux $procmux$10487.
    dead port 1/2 on $mux $procmux$10480.
    dead port 1/2 on $mux $procmux$10477.
    dead port 1/2 on $mux $procmux$10474.
    dead port 1/2 on $mux $procmux$10471.
    dead port 1/2 on $mux $procmux$10468.
    dead port 1/2 on $mux $procmux$10465.
    dead port 1/2 on $mux $procmux$10458.
    dead port 1/2 on $mux $procmux$4475.
    dead port 1/2 on $mux $procmux$4472.
    dead port 2/2 on $mux $procmux$4469.
    dead port 1/2 on $mux $procmux$10455.
    dead port 1/2 on $mux $procmux$4467.
    dead port 2/2 on $mux $procmux$4464.
    dead port 1/2 on $mux $procmux$4446.
    dead port 1/2 on $mux $procmux$4443.
    dead port 2/2 on $mux $procmux$4440.
    dead port 1/2 on $mux $procmux$10452.
    dead port 1/2 on $mux $procmux$4438.
    dead port 2/2 on $mux $procmux$4435.
    dead port 2/2 on $mux $procmux$4433.
    dead port 1/2 on $mux $procmux$10449.
    dead port 1/2 on $mux $procmux$4389.
    dead port 1/2 on $mux $procmux$4386.
    dead port 2/2 on $mux $procmux$4383.
    dead port 1/2 on $mux $procmux$10446.
    dead port 1/2 on $mux $procmux$4381.
    dead port 1/2 on $mux $procmux$4378.
    dead port 1/2 on $mux $procmux$4360.
    dead port 1/2 on $mux $procmux$4357.
    dead port 2/2 on $mux $procmux$4354.
    dead port 1/2 on $mux $procmux$10443.
    dead port 1/2 on $mux $procmux$4352.
    dead port 1/2 on $mux $procmux$4349.
    dead port 1/2 on $mux $procmux$4331.
    dead port 1/2 on $mux $procmux$4328.
    dead port 2/2 on $mux $procmux$4325.
    dead port 1/2 on $mux $procmux$4323.
    dead port 1/2 on $mux $procmux$4320.
    dead port 1/2 on $mux $procmux$4302.
    dead port 1/2 on $mux $procmux$4299.
    dead port 2/2 on $mux $procmux$4296.
    dead port 1/2 on $mux $procmux$10436.
    dead port 1/2 on $mux $procmux$4294.
    dead port 1/2 on $mux $procmux$4291.
    dead port 1/2 on $mux $procmux$4273.
    dead port 1/2 on $mux $procmux$4270.
    dead port 2/2 on $mux $procmux$4267.
    dead port 1/2 on $mux $procmux$10433.
    dead port 1/2 on $mux $procmux$4265.
    dead port 1/2 on $mux $procmux$4262.
    dead port 2/2 on $mux $procmux$4259.
    dead port 1/2 on $mux $procmux$10430.
    dead port 1/2 on $mux $procmux$4211.
    dead port 1/2 on $mux $procmux$4208.
    dead port 2/2 on $mux $procmux$4205.
    dead port 1/2 on $mux $procmux$10427.
    dead port 1/2 on $mux $procmux$4203.
    dead port 1/2 on $mux $procmux$4200.
    dead port 2/2 on $mux $procmux$4197.
    dead port 1/2 on $mux $procmux$4179.
    dead port 1/2 on $mux $procmux$4176.
    dead port 2/2 on $mux $procmux$4173.
    dead port 1/2 on $mux $procmux$10424.
    dead port 1/2 on $mux $procmux$4171.
    dead port 1/2 on $mux $procmux$4168.
    dead port 2/2 on $mux $procmux$4165.
    dead port 1/2 on $mux $procmux$4147.
    dead port 1/2 on $mux $procmux$4144.
    dead port 2/2 on $mux $procmux$4141.
    dead port 1/2 on $mux $procmux$10421.
    dead port 1/2 on $mux $procmux$4139.
    dead port 1/2 on $mux $procmux$4136.
    dead port 2/2 on $mux $procmux$4133.
    dead port 1/2 on $mux $procmux$4115.
    dead port 1/2 on $mux $procmux$4112.
    dead port 2/2 on $mux $procmux$4109.
    dead port 1/2 on $mux $procmux$4107.
    dead port 1/2 on $mux $procmux$4104.
    dead port 1/2 on $mux $procmux$4085.
    dead port 1/2 on $mux $procmux$4082.
    dead port 2/2 on $mux $procmux$4079.
    dead port 1/2 on $mux $procmux$10414.
    dead port 1/2 on $mux $procmux$4077.
    dead port 1/2 on $mux $procmux$4074.
    dead port 1/2 on $mux $procmux$4055.
    dead port 1/2 on $mux $procmux$4052.
    dead port 2/2 on $mux $procmux$4049.
    dead port 1/2 on $mux $procmux$10411.
    dead port 1/2 on $mux $procmux$4047.
    dead port 1/2 on $mux $procmux$4044.
    dead port 1/2 on $mux $procmux$4025.
    dead port 1/2 on $mux $procmux$4022.
    dead port 2/2 on $mux $procmux$4019.
    dead port 1/2 on $mux $procmux$10408.
    dead port 1/2 on $mux $procmux$4017.
    dead port 1/2 on $mux $procmux$4014.
    dead port 1/2 on $mux $procmux$3995.
    dead port 1/2 on $mux $procmux$3992.
    dead port 2/2 on $mux $procmux$3989.
    dead port 1/2 on $mux $procmux$10405.
    dead port 1/2 on $mux $procmux$3987.
    dead port 1/2 on $mux $procmux$3984.
    dead port 1/2 on $mux $procmux$3965.
    dead port 1/2 on $mux $procmux$3962.
    dead port 2/2 on $mux $procmux$3959.
    dead port 1/2 on $mux $procmux$10402.
    dead port 1/2 on $mux $procmux$3957.
    dead port 1/2 on $mux $procmux$3954.
    dead port 1/2 on $mux $procmux$3951.
    dead port 1/2 on $mux $procmux$3948.
    dead port 1/2 on $mux $procmux$3933.
    dead port 2/2 on $mux $procmux$3933.
    dead port 1/2 on $mux $procmux$3930.
    dead port 2/2 on $mux $procmux$3930.
    dead port 1/2 on $mux $procmux$3927.
    dead port 2/2 on $mux $procmux$3927.
    dead port 1/2 on $mux $procmux$10399.
    dead port 1/2 on $mux $procmux$3925.
    dead port 2/2 on $mux $procmux$3925.
    dead port 1/2 on $mux $procmux$3922.
    dead port 2/2 on $mux $procmux$3922.
    dead port 1/2 on $mux $procmux$3919.
    dead port 2/2 on $mux $procmux$3919.
    dead port 1/2 on $mux $procmux$3916.
    dead port 2/2 on $mux $procmux$3916.
    dead port 1/2 on $mux $procmux$3914.
    dead port 2/2 on $mux $procmux$3914.
    dead port 1/2 on $mux $procmux$3899.
    dead port 2/2 on $mux $procmux$3899.
    dead port 1/2 on $mux $procmux$3896.
    dead port 2/2 on $mux $procmux$3896.
    dead port 1/2 on $mux $procmux$3893.
    dead port 2/2 on $mux $procmux$3893.
    dead port 1/2 on $mux $procmux$10393.
    dead port 1/2 on $mux $procmux$3891.
    dead port 2/2 on $mux $procmux$3891.
    dead port 1/2 on $mux $procmux$3888.
    dead port 2/2 on $mux $procmux$3888.
    dead port 1/2 on $mux $procmux$3885.
    dead port 2/2 on $mux $procmux$3885.
    dead port 1/2 on $mux $procmux$3882.
    dead port 2/2 on $mux $procmux$3882.
    dead port 1/2 on $mux $procmux$3880.
    dead port 2/2 on $mux $procmux$3880.
    dead port 1/2 on $mux $procmux$3865.
    dead port 2/2 on $mux $procmux$3865.
    dead port 1/2 on $mux $procmux$3862.
    dead port 2/2 on $mux $procmux$3862.
    dead port 1/2 on $mux $procmux$3859.
    dead port 2/2 on $mux $procmux$3859.
    dead port 1/2 on $mux $procmux$10390.
    dead port 1/2 on $mux $procmux$3857.
    dead port 2/2 on $mux $procmux$3857.
    dead port 1/2 on $mux $procmux$3854.
    dead port 2/2 on $mux $procmux$3854.
    dead port 1/2 on $mux $procmux$3851.
    dead port 2/2 on $mux $procmux$3851.
    dead port 1/2 on $mux $procmux$3848.
    dead port 2/2 on $mux $procmux$3848.
    dead port 1/2 on $mux $procmux$3846.
    dead port 2/2 on $mux $procmux$3846.
    dead port 1/2 on $mux $procmux$3831.
    dead port 1/2 on $mux $procmux$3828.
    dead port 2/2 on $mux $procmux$3825.
    dead port 1/2 on $mux $procmux$10387.
    dead port 1/2 on $mux $procmux$3823.
    dead port 1/2 on $mux $procmux$3820.
    dead port 1/2 on $mux $procmux$3817.
    dead port 1/2 on $mux $procmux$3814.
    dead port 1/2 on $mux $procmux$3798.
    dead port 1/2 on $mux $procmux$3795.
    dead port 2/2 on $mux $procmux$3792.
    dead port 1/2 on $mux $procmux$10384.
    dead port 1/2 on $mux $procmux$3790.
    dead port 1/2 on $mux $procmux$3787.
    dead port 1/2 on $mux $procmux$3784.
    dead port 1/2 on $mux $procmux$3781.
    dead port 1/2 on $mux $procmux$3765.
    dead port 1/2 on $mux $procmux$3762.
    dead port 2/2 on $mux $procmux$3759.
    dead port 1/2 on $mux $procmux$10381.
    dead port 1/2 on $mux $procmux$3757.
    dead port 1/2 on $mux $procmux$3754.
    dead port 1/2 on $mux $procmux$3751.
    dead port 1/2 on $mux $procmux$3748.
    dead port 1/2 on $mux $procmux$3732.
    dead port 1/2 on $mux $procmux$3729.
    dead port 2/2 on $mux $procmux$3726.
    dead port 1/2 on $mux $procmux$10378.
    dead port 1/2 on $mux $procmux$3724.
    dead port 1/2 on $mux $procmux$3721.
    dead port 1/2 on $mux $procmux$3718.
    dead port 1/2 on $mux $procmux$3715.
    dead port 1/2 on $mux $procmux$3699.
    dead port 1/2 on $mux $procmux$3696.
    dead port 2/2 on $mux $procmux$3693.
    dead port 1/2 on $mux $procmux$3691.
    dead port 1/2 on $mux $procmux$3688.
    dead port 1/2 on $mux $procmux$3685.
    dead port 1/2 on $mux $procmux$3682.
    dead port 1/2 on $mux $procmux$3665.
    dead port 1/2 on $mux $procmux$3662.
    dead port 2/2 on $mux $procmux$3659.
    dead port 1/2 on $mux $procmux$10371.
    dead port 1/2 on $mux $procmux$3657.
    dead port 1/2 on $mux $procmux$3654.
    dead port 1/2 on $mux $procmux$3651.
    dead port 1/2 on $mux $procmux$3648.
    dead port 1/2 on $mux $procmux$3631.
    dead port 1/2 on $mux $procmux$3628.
    dead port 2/2 on $mux $procmux$3625.
    dead port 1/2 on $mux $procmux$10368.
    dead port 1/2 on $mux $procmux$3623.
    dead port 1/2 on $mux $procmux$3620.
    dead port 1/2 on $mux $procmux$3617.
    dead port 1/2 on $mux $procmux$3614.
    dead port 1/2 on $mux $procmux$3597.
    dead port 1/2 on $mux $procmux$3594.
    dead port 2/2 on $mux $procmux$3591.
    dead port 1/2 on $mux $procmux$10365.
    dead port 1/2 on $mux $procmux$3589.
    dead port 1/2 on $mux $procmux$3571.
    dead port 1/2 on $mux $procmux$3568.
    dead port 2/2 on $mux $procmux$3565.
    dead port 1/2 on $mux $procmux$10362.
    dead port 1/2 on $mux $procmux$3563.
    dead port 1/2 on $mux $procmux$3545.
    dead port 1/2 on $mux $procmux$3542.
    dead port 2/2 on $mux $procmux$3539.
    dead port 1/2 on $mux $procmux$10359.
    dead port 1/2 on $mux $procmux$3537.
    dead port 1/2 on $mux $procmux$3519.
    dead port 1/2 on $mux $procmux$3516.
    dead port 2/2 on $mux $procmux$3513.
    dead port 1/2 on $mux $procmux$10356.
    dead port 1/2 on $mux $procmux$3511.
    dead port 1/2 on $mux $procmux$3493.
    dead port 1/2 on $mux $procmux$3490.
    dead port 2/2 on $mux $procmux$3487.
    dead port 1/2 on $mux $procmux$3485.
    dead port 1/2 on $mux $procmux$3467.
    dead port 1/2 on $mux $procmux$3464.
    dead port 2/2 on $mux $procmux$3461.
    dead port 1/2 on $mux $procmux$10349.
    dead port 1/2 on $mux $procmux$3459.
    dead port 1/2 on $mux $procmux$3441.
    dead port 1/2 on $mux $procmux$3438.
    dead port 2/2 on $mux $procmux$3435.
    dead port 1/2 on $mux $procmux$10346.
    dead port 1/2 on $mux $procmux$3433.
    dead port 1/2 on $mux $procmux$3415.
    dead port 1/2 on $mux $procmux$3412.
    dead port 2/2 on $mux $procmux$3409.
    dead port 1/2 on $mux $procmux$10343.
    dead port 1/2 on $mux $procmux$3407.
    dead port 1/2 on $mux $procmux$3389.
    dead port 1/2 on $mux $procmux$3386.
    dead port 2/2 on $mux $procmux$3383.
    dead port 1/2 on $mux $procmux$10340.
    dead port 1/2 on $mux $procmux$3381.
    dead port 1/2 on $mux $procmux$3363.
    dead port 1/2 on $mux $procmux$3360.
    dead port 2/2 on $mux $procmux$3357.
    dead port 1/2 on $mux $procmux$10337.
    dead port 1/2 on $mux $procmux$3355.
    dead port 1/2 on $mux $procmux$3337.
    dead port 1/2 on $mux $procmux$3334.
    dead port 2/2 on $mux $procmux$3331.
    dead port 1/2 on $mux $procmux$10334.
    dead port 1/2 on $mux $procmux$3329.
    dead port 1/2 on $mux $procmux$3326.
    dead port 1/2 on $mux $procmux$3309.
    dead port 1/2 on $mux $procmux$3306.
    dead port 2/2 on $mux $procmux$3303.
    dead port 1/2 on $mux $procmux$3301.
    dead port 1/2 on $mux $procmux$3298.
    dead port 1/2 on $mux $procmux$3281.
    dead port 1/2 on $mux $procmux$3278.
    dead port 2/2 on $mux $procmux$3275.
    dead port 1/2 on $mux $procmux$10327.
    dead port 1/2 on $mux $procmux$3273.
    dead port 1/2 on $mux $procmux$3270.
    dead port 1/2 on $mux $procmux$3253.
    dead port 1/2 on $mux $procmux$3250.
    dead port 2/2 on $mux $procmux$3247.
    dead port 1/2 on $mux $procmux$10324.
    dead port 1/2 on $mux $procmux$3245.
    dead port 1/2 on $mux $procmux$3242.
    dead port 1/2 on $mux $procmux$3225.
    dead port 1/2 on $mux $procmux$3222.
    dead port 2/2 on $mux $procmux$3219.
    dead port 1/2 on $mux $procmux$10321.
    dead port 1/2 on $mux $procmux$3217.
    dead port 1/2 on $mux $procmux$3214.
    dead port 1/2 on $mux $procmux$3197.
    dead port 1/2 on $mux $procmux$3194.
    dead port 2/2 on $mux $procmux$3191.
    dead port 1/2 on $mux $procmux$10318.
    dead port 1/2 on $mux $procmux$3189.
    dead port 1/2 on $mux $procmux$3186.
    dead port 1/2 on $mux $procmux$3169.
    dead port 1/2 on $mux $procmux$3166.
    dead port 2/2 on $mux $procmux$3163.
    dead port 1/2 on $mux $procmux$10315.
    dead port 1/2 on $mux $procmux$3161.
    dead port 1/2 on $mux $procmux$3158.
    dead port 1/2 on $mux $procmux$3141.
    dead port 1/2 on $mux $procmux$3138.
    dead port 2/2 on $mux $procmux$3135.
    dead port 1/2 on $mux $procmux$10312.
    dead port 1/2 on $mux $procmux$3133.
    dead port 1/2 on $mux $procmux$3130.
    dead port 1/2 on $mux $procmux$3113.
    dead port 1/2 on $mux $procmux$3110.
    dead port 2/2 on $mux $procmux$3107.
    dead port 2/2 on $mux $procmux$10309.
    dead port 1/2 on $mux $procmux$3105.
    dead port 1/2 on $mux $procmux$3102.
    dead port 2/2 on $mux $procmux$3100.
    dead port 1/2 on $mux $procmux$3049.
    dead port 1/2 on $mux $procmux$3046.
    dead port 2/2 on $mux $procmux$3043.
    dead port 1/2 on $mux $procmux$10302.
    dead port 1/2 on $mux $procmux$3041.
    dead port 1/2 on $mux $procmux$3038.
    dead port 2/2 on $mux $procmux$3036.
    dead port 1/2 on $mux $procmux$3017.
    dead port 1/2 on $mux $procmux$3014.
    dead port 2/2 on $mux $procmux$3011.
    dead port 1/2 on $mux $procmux$10299.
    dead port 1/2 on $mux $procmux$3009.
    dead port 1/2 on $mux $procmux$3006.
    dead port 2/2 on $mux $procmux$3004.
    dead port 1/2 on $mux $procmux$2985.
    dead port 1/2 on $mux $procmux$2982.
    dead port 2/2 on $mux $procmux$2979.
    dead port 1/2 on $mux $procmux$10296.
    dead port 1/2 on $mux $procmux$2977.
    dead port 1/2 on $mux $procmux$2974.
    dead port 2/2 on $mux $procmux$2972.
    dead port 1/2 on $mux $procmux$2970.
    dead port 1/2 on $mux $procmux$2967.
    dead port 1/2 on $mux $procmux$2951.
    dead port 1/2 on $mux $procmux$2948.
    dead port 2/2 on $mux $procmux$2945.
    dead port 1/2 on $mux $procmux$10293.
    dead port 1/2 on $mux $procmux$2943.
    dead port 1/2 on $mux $procmux$2940.
    dead port 2/2 on $mux $procmux$2938.
    dead port 1/2 on $mux $procmux$2936.
    dead port 1/2 on $mux $procmux$2933.
    dead port 1/2 on $mux $procmux$10290.
    dead port 1/2 on $mux $procmux$2900.
    dead port 1/2 on $mux $procmux$2898.
    dead port 2/2 on $mux $procmux$2898.
    dead port 1/2 on $mux $procmux$10287.
    dead port 1/2 on $mux $procmux$2865.
    dead port 1/2 on $mux $procmux$2863.
    dead port 2/2 on $mux $procmux$2863.
    dead port 2/2 on $mux $procmux$10284.
    dead port 1/2 on $mux $procmux$2829.
    dead port 1/2 on $mux $procmux$2827.
    dead port 2/2 on $mux $procmux$2827.
    dead port 1/2 on $mux $procmux$10282.
    dead port 1/2 on $mux $procmux$2793.
    dead port 1/2 on $mux $procmux$2791.
    dead port 2/2 on $mux $procmux$2791.
    dead port 1/2 on $mux $procmux$2757.
    dead port 1/2 on $mux $procmux$2755.
    dead port 2/2 on $mux $procmux$2755.
    dead port 1/2 on $mux $procmux$10275.
    dead port 1/2 on $mux $procmux$2721.
    dead port 1/2 on $mux $procmux$2719.
    dead port 2/2 on $mux $procmux$2719.
    dead port 1/2 on $mux $procmux$10272.
    dead port 1/2 on $mux $procmux$2685.
    dead port 1/2 on $mux $procmux$2683.
    dead port 2/2 on $mux $procmux$2683.
    dead port 1/2 on $mux $procmux$10269.
    dead port 1/2 on $mux $procmux$2649.
    dead port 1/2 on $mux $procmux$2647.
    dead port 2/2 on $mux $procmux$2647.
    dead port 1/2 on $mux $procmux$10266.
    dead port 1/2 on $mux $procmux$2613.
    dead port 1/2 on $mux $procmux$2611.
    dead port 2/2 on $mux $procmux$2611.
    dead port 1/2 on $mux $procmux$10263.
    dead port 1/2 on $mux $procmux$2577.
    dead port 1/2 on $mux $procmux$2575.
    dead port 2/2 on $mux $procmux$2575.
    dead port 1/2 on $mux $procmux$10260.
    dead port 1/2 on $mux $procmux$2541.
    dead port 1/2 on $mux $procmux$2539.
    dead port 2/2 on $mux $procmux$2539.
    dead port 1/2 on $mux $procmux$10257.
    dead port 1/2 on $mux $procmux$2505.
    dead port 1/2 on $mux $procmux$2503.
    dead port 2/2 on $mux $procmux$2503.
    dead port 1/2 on $mux $procmux$2469.
    dead port 1/2 on $mux $procmux$2467.
    dead port 2/2 on $mux $procmux$2467.
    dead port 1/2 on $mux $procmux$10251.
    dead port 1/2 on $mux $procmux$2433.
    dead port 1/2 on $mux $procmux$2431.
    dead port 2/2 on $mux $procmux$2431.
    dead port 1/2 on $mux $procmux$10248.
    dead port 1/2 on $mux $procmux$2397.
    dead port 1/2 on $mux $procmux$2395.
    dead port 2/2 on $mux $procmux$2395.
    dead port 1/2 on $mux $procmux$10245.
    dead port 1/2 on $mux $procmux$2361.
    dead port 1/2 on $mux $procmux$2359.
    dead port 2/2 on $mux $procmux$2359.
    dead port 1/2 on $mux $procmux$10242.
    dead port 1/2 on $mux $procmux$2325.
    dead port 1/2 on $mux $procmux$2323.
    dead port 2/2 on $mux $procmux$2323.
    dead port 1/2 on $mux $procmux$10239.
    dead port 1/2 on $mux $procmux$2289.
    dead port 1/2 on $mux $procmux$2287.
    dead port 2/2 on $mux $procmux$2287.
    dead port 1/2 on $mux $procmux$10236.
    dead port 1/2 on $mux $procmux$2253.
    dead port 1/2 on $mux $procmux$2251.
    dead port 2/2 on $mux $procmux$2251.
    dead port 1/2 on $mux $procmux$10233.
    dead port 1/2 on $mux $procmux$2217.
    dead port 1/2 on $mux $procmux$2215.
    dead port 2/2 on $mux $procmux$2215.
    dead port 1/2 on $mux $procmux$2181.
    dead port 1/2 on $mux $procmux$2179.
    dead port 2/2 on $mux $procmux$2179.
    dead port 1/2 on $mux $procmux$10226.
    dead port 1/2 on $mux $procmux$2145.
    dead port 1/2 on $mux $procmux$2143.
    dead port 2/2 on $mux $procmux$2143.
    dead port 1/2 on $mux $procmux$10223.
    dead port 1/2 on $mux $procmux$2109.
    dead port 1/2 on $mux $procmux$2107.
    dead port 2/2 on $mux $procmux$2107.
    dead port 1/2 on $mux $procmux$10220.
    dead port 1/2 on $mux $procmux$2073.
    dead port 1/2 on $mux $procmux$2071.
    dead port 2/2 on $mux $procmux$2071.
    dead port 1/2 on $mux $procmux$10217.
    dead port 1/2 on $mux $procmux$2037.
    dead port 1/2 on $mux $procmux$2035.
    dead port 2/2 on $mux $procmux$2035.
    dead port 1/2 on $mux $procmux$10214.
    dead port 1/2 on $mux $procmux$2001.
    dead port 1/2 on $mux $procmux$1999.
    dead port 2/2 on $mux $procmux$1999.
    dead port 1/2 on $mux $procmux$10211.
    dead port 1/2 on $mux $procmux$1965.
    dead port 1/2 on $mux $procmux$1963.
    dead port 2/2 on $mux $procmux$1963.
    dead port 1/2 on $mux $procmux$10208.
    dead port 1/2 on $mux $procmux$1929.
    dead port 1/2 on $mux $procmux$1927.
    dead port 2/2 on $mux $procmux$1927.
    dead port 1/2 on $mux $procmux$1893.
    dead port 1/2 on $mux $procmux$1891.
    dead port 2/2 on $mux $procmux$1891.
    dead port 1/2 on $mux $procmux$10202.
    dead port 1/2 on $mux $procmux$1857.
    dead port 1/2 on $mux $procmux$1855.
    dead port 2/2 on $mux $procmux$1855.
    dead port 1/2 on $mux $procmux$10199.
    dead port 1/2 on $mux $procmux$1821.
    dead port 1/2 on $mux $procmux$1819.
    dead port 2/2 on $mux $procmux$1819.
    dead port 1/2 on $mux $procmux$10196.
    dead port 1/2 on $mux $procmux$1785.
    dead port 1/2 on $mux $procmux$1783.
    dead port 2/2 on $mux $procmux$1783.
    dead port 1/2 on $mux $procmux$10193.
    dead port 1/2 on $mux $procmux$1749.
    dead port 1/2 on $mux $procmux$1747.
    dead port 2/2 on $mux $procmux$1747.
    dead port 1/2 on $mux $procmux$10190.
    dead port 1/2 on $mux $procmux$1713.
    dead port 1/2 on $mux $procmux$1711.
    dead port 2/2 on $mux $procmux$1711.
    dead port 1/2 on $mux $procmux$10187.
    dead port 1/2 on $mux $procmux$1677.
    dead port 1/2 on $mux $procmux$1675.
    dead port 2/2 on $mux $procmux$1675.
    dead port 1/2 on $mux $procmux$10184.
    dead port 1/2 on $mux $procmux$1641.
    dead port 1/2 on $mux $procmux$1639.
    dead port 2/2 on $mux $procmux$1639.
    dead port 1/2 on $mux $procmux$1605.
    dead port 1/2 on $mux $procmux$1603.
    dead port 2/2 on $mux $procmux$1603.
    dead port 1/2 on $mux $procmux$10177.
    dead port 1/2 on $mux $procmux$1569.
    dead port 1/2 on $mux $procmux$1567.
    dead port 2/2 on $mux $procmux$1567.
    dead port 1/2 on $mux $procmux$10174.
    dead port 1/2 on $mux $procmux$1533.
    dead port 1/2 on $mux $procmux$1531.
    dead port 2/2 on $mux $procmux$1531.
    dead port 1/2 on $mux $procmux$10171.
    dead port 1/2 on $mux $procmux$1497.
    dead port 1/2 on $mux $procmux$1495.
    dead port 2/2 on $mux $procmux$1495.
    dead port 1/2 on $mux $procmux$10168.
    dead port 1/2 on $mux $procmux$1461.
    dead port 1/2 on $mux $procmux$1459.
    dead port 2/2 on $mux $procmux$1459.
    dead port 1/2 on $mux $procmux$10165.
    dead port 1/2 on $mux $procmux$1425.
    dead port 1/2 on $mux $procmux$1423.
    dead port 2/2 on $mux $procmux$1423.
    dead port 1/2 on $mux $procmux$10162.
    dead port 1/2 on $mux $procmux$1389.
    dead port 1/2 on $mux $procmux$1387.
    dead port 2/2 on $mux $procmux$1387.
    dead port 1/2 on $mux $procmux$1371.
    dead port 1/2 on $mux $procmux$1368.
    dead port 2/2 on $mux $procmux$1365.
    dead port 1/2 on $mux $procmux$10159.
    dead port 1/2 on $mux $procmux$1363.
    dead port 1/2 on $mux $procmux$1360.
    dead port 2/2 on $mux $procmux$1358.
    dead port 1/2 on $mux $procmux$1356.
    dead port 1/2 on $mux $procmux$1353.
    dead port 1/2 on $mux $procmux$1337.
    dead port 1/2 on $mux $procmux$1334.
    dead port 2/2 on $mux $procmux$1331.
    dead port 1/2 on $mux $procmux$10156.
    dead port 1/2 on $mux $procmux$1329.
    dead port 1/2 on $mux $procmux$1326.
    dead port 2/2 on $mux $procmux$1324.
    dead port 1/2 on $mux $procmux$1305.
    dead port 1/2 on $mux $procmux$1302.
    dead port 2/2 on $mux $procmux$1299.
    dead port 1/2 on $mux $procmux$1297.
    dead port 1/2 on $mux $procmux$1294.
    dead port 2/2 on $mux $procmux$1292.
    dead port 2/2 on $mux $procmux$1290.
    dead port 1/2 on $mux $procmux$1272.
    dead port 1/2 on $mux $procmux$1269.
    dead port 2/2 on $mux $procmux$1266.
    dead port 1/2 on $mux $procmux$10151.
    dead port 1/2 on $mux $procmux$1264.
    dead port 1/2 on $mux $procmux$1261.
    dead port 2/2 on $mux $procmux$1259.
    dead port 2/2 on $mux $procmux$1257.
    dead port 1/2 on $mux $procmux$1239.
    dead port 1/2 on $mux $procmux$1236.
    dead port 2/2 on $mux $procmux$1233.
    dead port 1/2 on $mux $procmux$10148.
    dead port 1/2 on $mux $procmux$1231.
    dead port 1/2 on $mux $procmux$1228.
    dead port 2/2 on $mux $procmux$1226.
    dead port 1/2 on $mux $procmux$1208.
    dead port 1/2 on $mux $procmux$1205.
    dead port 2/2 on $mux $procmux$1202.
    dead port 1/2 on $mux $procmux$10145.
    dead port 1/2 on $mux $procmux$1200.
    dead port 1/2 on $mux $procmux$1197.
    dead port 2/2 on $mux $procmux$1195.
    dead port 1/2 on $mux $procmux$1177.
    dead port 1/2 on $mux $procmux$1174.
    dead port 2/2 on $mux $procmux$1171.
    dead port 1/2 on $mux $procmux$10142.
    dead port 1/2 on $mux $procmux$1169.
    dead port 1/2 on $mux $procmux$1166.
    dead port 1/2 on $mux $procmux$1149.
    dead port 1/2 on $mux $procmux$1146.
    dead port 2/2 on $mux $procmux$1143.
    dead port 1/2 on $mux $procmux$10139.
    dead port 1/2 on $mux $procmux$1141.
    dead port 1/2 on $mux $procmux$1138.
    dead port 1/2 on $mux $procmux$1121.
    dead port 1/2 on $mux $procmux$1118.
    dead port 2/2 on $mux $procmux$1115.
    dead port 1/2 on $mux $procmux$10136.
    dead port 1/2 on $mux $procmux$1098.
    dead port 1/2 on $mux $procmux$1095.
    dead port 2/2 on $mux $procmux$1092.
    dead port 1/2 on $mux $procmux$10133.
    dead port 1/2 on $mux $procmux$1075.
    dead port 1/2 on $mux $procmux$1072.
    dead port 2/2 on $mux $procmux$1069.
    dead port 1/2 on $mux $procmux$10130.
    dead port 2/2 on $mux $procmux$1067.
    dead port 1/2 on $mux $procmux$1051.
    dead port 1/2 on $mux $procmux$1048.
    dead port 2/2 on $mux $procmux$1045.
    dead port 2/2 on $mux $procmux$1043.
    dead port 1/2 on $mux $procmux$1027.
    dead port 1/2 on $mux $procmux$1024.
    dead port 2/2 on $mux $procmux$1021.
    dead port 1/2 on $mux $procmux$1005.
    dead port 1/2 on $mux $procmux$1002.
    dead port 2/2 on $mux $procmux$999.
    dead port 1/2 on $mux $procmux$989.
    dead port 1/2 on $mux $procmux$986.
    dead port 2/2 on $mux $procmux$983.
    dead port 1/2 on $mux $procmux$973.
    dead port 1/2 on $mux $procmux$970.
    dead port 2/2 on $mux $procmux$967.
    dead port 1/2 on $mux $procmux$957.
    dead port 1/2 on $mux $procmux$954.
    dead port 2/2 on $mux $procmux$951.
    dead port 1/2 on $mux $procmux$941.
    dead port 1/2 on $mux $procmux$938.
    dead port 2/2 on $mux $procmux$935.
    dead port 1/2 on $mux $procmux$925.
    dead port 1/2 on $mux $procmux$922.
    dead port 2/2 on $mux $procmux$919.
    dead port 1/2 on $mux $procmux$909.
    dead port 1/2 on $mux $procmux$906.
    dead port 2/2 on $mux $procmux$903.
    dead port 1/2 on $mux $procmux$893.
    dead port 1/2 on $mux $procmux$890.
    dead port 2/2 on $mux $procmux$887.
    dead port 1/2 on $mux $procmux$877.
    dead port 1/2 on $mux $procmux$874.
    dead port 2/2 on $mux $procmux$871.
    dead port 1/2 on $mux $procmux$869.
    dead port 1/2 on $mux $procmux$858.
    dead port 1/2 on $mux $procmux$855.
    dead port 2/2 on $mux $procmux$852.
    dead port 1/2 on $mux $procmux$850.
    dead port 1/2 on $mux $procmux$839.
    dead port 1/2 on $mux $procmux$836.
    dead port 2/2 on $mux $procmux$833.
    dead port 1/2 on $mux $procmux$11204.
    dead port 1/2 on $mux $procmux$831.
    dead port 1/2 on $mux $procmux$820.
    dead port 1/2 on $mux $procmux$817.
    dead port 2/2 on $mux $procmux$814.
    dead port 1/2 on $mux $procmux$812.
    dead port 2/2 on $mux $procmux$809.
    dead port 1/2 on $mux $procmux$799.
    dead port 1/2 on $mux $procmux$796.
    dead port 2/2 on $mux $procmux$793.
    dead port 1/2 on $mux $procmux$791.
    dead port 2/2 on $mux $procmux$788.
    dead port 1/2 on $mux $procmux$778.
    dead port 1/2 on $mux $procmux$775.
    dead port 2/2 on $mux $procmux$772.
    dead port 1/2 on $mux $procmux$770.
    dead port 2/2 on $mux $procmux$767.
    dead port 1/2 on $mux $procmux$757.
    dead port 1/2 on $mux $procmux$754.
    dead port 2/2 on $mux $procmux$751.
    dead port 1/2 on $mux $procmux$749.
    dead port 1/2 on $mux $procmux$738.
    dead port 1/2 on $mux $procmux$735.
    dead port 2/2 on $mux $procmux$732.
    dead port 1/2 on $mux $procmux$730.
    dead port 1/2 on $mux $procmux$705.
    dead port 1/2 on $mux $procmux$702.
    dead port 2/2 on $mux $procmux$699.
    dead port 1/2 on $mux $procmux$697.
    dead port 1/2 on $mux $procmux$688.
    dead port 1/2 on $mux $procmux$685.
    dead port 2/2 on $mux $procmux$682.
    dead port 1/2 on $mux $procmux$674.
    dead port 1/2 on $mux $procmux$671.
    dead port 2/2 on $mux $procmux$668.
    dead port 1/2 on $mux $procmux$660.
    dead port 1/2 on $mux $procmux$657.
    dead port 2/2 on $mux $procmux$654.
    dead port 1/2 on $mux $procmux$646.
    dead port 1/2 on $mux $procmux$643.
    dead port 2/2 on $mux $procmux$640.
    dead port 1/2 on $mux $procmux$632.
    dead port 1/2 on $mux $procmux$629.
    dead port 2/2 on $mux $procmux$626.
    dead port 1/2 on $mux $procmux$618.
    dead port 1/2 on $mux $procmux$615.
    dead port 2/2 on $mux $procmux$612.
    dead port 1/2 on $mux $procmux$604.
    dead port 1/2 on $mux $procmux$601.
    dead port 2/2 on $mux $procmux$598.
    dead port 1/2 on $mux $procmux$590.
    dead port 1/2 on $mux $procmux$587.
    dead port 2/2 on $mux $procmux$584.
    dead port 1/2 on $mux $procmux$576.
    dead port 1/2 on $mux $procmux$573.
    dead port 2/2 on $mux $procmux$570.
    dead port 1/2 on $mux $procmux$11197.
    dead port 1/2 on $mux $procmux$562.
    dead port 1/2 on $mux $procmux$559.
    dead port 2/2 on $mux $procmux$556.
    dead port 1/2 on $mux $procmux$548.
    dead port 1/2 on $mux $procmux$545.
    dead port 2/2 on $mux $procmux$542.
    dead port 1/2 on $mux $procmux$534.
    dead port 1/2 on $mux $procmux$531.
    dead port 2/2 on $mux $procmux$528.
    dead port 1/2 on $mux $procmux$520.
    dead port 1/2 on $mux $procmux$517.
    dead port 2/2 on $mux $procmux$514.
    dead port 1/2 on $mux $procmux$506.
    dead port 1/2 on $mux $procmux$503.
    dead port 2/2 on $mux $procmux$500.
    dead port 1/2 on $mux $procmux$492.
    dead port 1/2 on $mux $procmux$489.
    dead port 2/2 on $mux $procmux$486.
    dead port 1/2 on $mux $procmux$478.
    dead port 1/2 on $mux $procmux$475.
    dead port 2/2 on $mux $procmux$472.
    dead port 1/2 on $mux $procmux$464.
    dead port 1/2 on $mux $procmux$461.
    dead port 2/2 on $mux $procmux$458.
    dead port 1/2 on $mux $procmux$450.
    dead port 1/2 on $mux $procmux$447.
    dead port 2/2 on $mux $procmux$444.
    dead port 1/2 on $mux $procmux$436.
    dead port 1/2 on $mux $procmux$433.
    dead port 2/2 on $mux $procmux$430.
    dead port 1/2 on $mux $procmux$422.
    dead port 1/2 on $mux $procmux$419.
    dead port 2/2 on $mux $procmux$416.
    dead port 1/2 on $mux $procmux$408.
    dead port 1/2 on $mux $procmux$405.
    dead port 2/2 on $mux $procmux$402.
    dead port 1/2 on $mux $procmux$394.
    dead port 1/2 on $mux $procmux$391.
    dead port 2/2 on $mux $procmux$388.
    dead port 1/2 on $mux $procmux$380.
    dead port 1/2 on $mux $procmux$377.
    dead port 2/2 on $mux $procmux$374.
    dead port 1/2 on $mux $procmux$366.
    dead port 1/2 on $mux $procmux$363.
    dead port 2/2 on $mux $procmux$360.
    dead port 1/2 on $mux $procmux$352.
    dead port 1/2 on $mux $procmux$349.
    dead port 2/2 on $mux $procmux$346.
    dead port 1/2 on $mux $procmux$11190.
    dead port 1/2 on $mux $procmux$338.
    dead port 1/2 on $mux $procmux$335.
    dead port 2/2 on $mux $procmux$332.
    dead port 1/2 on $mux $procmux$324.
    dead port 1/2 on $mux $procmux$321.
    dead port 2/2 on $mux $procmux$318.
    dead port 1/2 on $mux $procmux$310.
    dead port 1/2 on $mux $procmux$307.
    dead port 2/2 on $mux $procmux$304.
    dead port 1/2 on $mux $procmux$296.
    dead port 1/2 on $mux $procmux$293.
    dead port 2/2 on $mux $procmux$290.
    dead port 1/2 on $mux $procmux$282.
    dead port 1/2 on $mux $procmux$279.
    dead port 2/2 on $mux $procmux$276.
    dead port 1/2 on $mux $procmux$268.
    dead port 1/2 on $mux $procmux$265.
    dead port 2/2 on $mux $procmux$262.
    dead port 1/2 on $mux $procmux$254.
    dead port 1/2 on $mux $procmux$251.
    dead port 2/2 on $mux $procmux$248.
    dead port 1/2 on $mux $procmux$240.
    dead port 1/2 on $mux $procmux$237.
    dead port 2/2 on $mux $procmux$234.
    dead port 1/2 on $mux $procmux$226.
    dead port 1/2 on $mux $procmux$223.
    dead port 2/2 on $mux $procmux$220.
    dead port 1/2 on $mux $procmux$212.
    dead port 1/2 on $mux $procmux$209.
    dead port 2/2 on $mux $procmux$206.
    dead port 2/2 on $mux $procmux$204.
    dead port 1/2 on $mux $procmux$195.
    dead port 1/2 on $mux $procmux$192.
    dead port 2/2 on $mux $procmux$189.
    dead port 2/2 on $mux $procmux$187.
    dead port 2/2 on $mux $procmux$185.
    dead port 1/2 on $mux $procmux$176.
    dead port 1/2 on $mux $procmux$173.
    dead port 2/2 on $mux $procmux$170.
    dead port 2/2 on $mux $procmux$168.
    dead port 2/2 on $mux $procmux$166.
    dead port 1/2 on $mux $procmux$157.
    dead port 1/2 on $mux $procmux$154.
    dead port 2/2 on $mux $procmux$151.
    dead port 2/2 on $mux $procmux$149.
    dead port 1/2 on $mux $procmux$140.
    dead port 1/2 on $mux $procmux$137.
    dead port 2/2 on $mux $procmux$134.
    dead port 2/2 on $mux $procmux$132.
    dead port 1/2 on $mux $procmux$123.
    dead port 1/2 on $mux $procmux$120.
    dead port 2/2 on $mux $procmux$117.
    dead port 1/2 on $mux $procmux$109.
    dead port 1/2 on $mux $procmux$106.
    dead port 2/2 on $mux $procmux$103.
    dead port 1/2 on $mux $procmux$11183.
    dead port 1/2 on $mux $procmux$83.
    dead port 1/2 on $mux $procmux$76.
    dead port 1/2 on $mux $procmux$69.
    dead port 1/2 on $mux $procmux$62.
    dead port 1/2 on $mux $procmux$59.
    dead port 1/2 on $mux $procmux$52.
    dead port 1/2 on $mux $procmux$49.
    dead port 1/2 on $mux $procmux$42.
    dead port 1/2 on $mux $procmux$39.
    dead port 1/2 on $mux $procmux$32.
    dead port 1/2 on $mux $procmux$29.
    dead port 1/2 on $mux $procmux$26.
    dead port 1/2 on $mux $procmux$21.
    dead port 1/2 on $mux $procmux$18.
    dead port 1/2 on $mux $procmux$15.
    dead port 1/2 on $mux $procmux$10.
    dead port 1/2 on $mux $procmux$7.
    dead port 1/2 on $mux $procmux$4.
    dead port 1/2 on $mux $procmux$11211.
    dead port 1/2 on $mux $procmux$9521.
    dead port 1/2 on $mux $procmux$9859.
    dead port 1/2 on $mux $procmux$9455.
    dead port 1/2 on $mux $procmux$11176.
    dead port 1/2 on $mux $procmux$9825.
    dead port 1/2 on $mux $procmux$11141.
    dead port 1/2 on $mux $procmux$9791.
    dead port 1/2 on $mux $procmux$11169.
    dead port 1/2 on $mux $procmux$9757.
    dead port 1/2 on $mux $procmux$9723.
    dead port 1/2 on $mux $procmux$11162.
    dead port 1/2 on $mux $procmux$9689.
    dead port 1/2 on $mux $procmux$9422.
    dead port 1/2 on $mux $procmux$11131.
    dead port 1/2 on $mux $procmux$9389.
    dead port 1/2 on $mux $procmux$11128.
    dead port 1/2 on $mux $procmux$9356.
    dead port 1/2 on $mux $procmux$9323.
    dead port 1/2 on $mux $procmux$9655.
    dead port 1/2 on $mux $procmux$11155.
    dead port 1/2 on $mux $procmux$9621.
    dead port 1/2 on $mux $procmux$9488.
    dead port 1/2 on $mux $procmux$9587.
    dead port 1/2 on $mux $procmux$11138.
    dead port 1/2 on $mux $procmux$11148.
    dead port 1/2 on $mux $procmux$9554.
Removed 1248 multiplexer ports.
<suppressed ~3398 debug messages>

4.4. Executing OPT_REDUCE pass (consolidate $*mux and $reduce_* inputs).
  Optimizing cells in module \alapeno_tile_ctrl.
    New ctrl vector for $pmux cell $procmux$7118: { $auto$opt_reduce.cc:137:opt_pmux$14319 $procmux$7904_CMP $procmux$10120_CMP }
    New ctrl vector for $pmux cell $procmux$6429: { $auto$opt_reduce.cc:137:opt_pmux$14321 $procmux$7301_CMP $procmux$7119_CMP $procmux$7904_CMP $procmux$6438_CMP $procmux$7196_CMP $procmux$6440_CMP $procmux$7212_CMP $procmux$6442_CMP $procmux$8544_CMP $procmux$10120_CMP $procmux$6447_CMP $procmux$7234_CMP $procmux$6450_CMP $procmux$7309_CMP }
    Consolidated identical input bits for $mux cell $1010:
      Old ports: A=8'00000000, B=8'11111111, Y=$1010y
      New ports: A=1'0, B=1'1, Y=$1010y [0]
      New connections: $1010y [7:1] = { $1010y [0] $1010y [0] $1010y [0] $1010y [0] $1010y [0] $1010y [0] $1010y [0] }
    Consolidated identical input bits for $mux cell $1005:
      Old ports: A=8'00000000, B=8'11111111, Y=$1005y
      New ports: A=1'0, B=1'1, Y=$1005y [0]
      New connections: $1005y [7:1] = { $1005y [0] $1005y [0] $1005y [0] $1005y [0] $1005y [0] $1005y [0] $1005y [0] }
    Consolidated identical input bits for $mux cell $1001:
      Old ports: A=8'00000000, B=8'11111111, Y=$1001y
      New ports: A=1'0, B=1'1, Y=$1001y [0]
      New connections: $1001y [7:1] = { $1001y [0] $1001y [0] $1001y [0] $1001y [0] $1001y [0] $1001y [0] $1001y [0] }
    Consolidated identical input bits for $mux cell $996:
      Old ports: A=8'00000000, B=8'11111111, Y=$996y
      New ports: A=1'0, B=1'1, Y=$996y [0]
      New connections: $996y [7:1] = { $996y [0] $996y [0] $996y [0] $996y [0] $996y [0] $996y [0] $996y [0] }
    Consolidated identical input bits for $mux cell $992:
      Old ports: A=8'00000000, B=8'11111111, Y=$992y
      New ports: A=1'0, B=1'1, Y=$992y [0]
      New connections: $992y [7:1] = { $992y [0] $992y [0] $992y [0] $992y [0] $992y [0] $992y [0] $992y [0] }
    Consolidated identical input bits for $mux cell $987:
      Old ports: A=8'00000000, B=8'11111111, Y=$987y
      New ports: A=1'0, B=1'1, Y=$987y [0]
      New connections: $987y [7:1] = { $987y [0] $987y [0] $987y [0] $987y [0] $987y [0] $987y [0] $987y [0] }
    Consolidated identical input bits for $mux cell $983:
      Old ports: A=8'00000000, B=8'11111111, Y=$983y
      New ports: A=1'0, B=1'1, Y=$983y [0]
      New connections: $983y [7:1] = { $983y [0] $983y [0] $983y [0] $983y [0] $983y [0] $983y [0] $983y [0] }
    Consolidated identical input bits for $mux cell $978:
      Old ports: A=8'00000000, B=8'11111111, Y=$978y
      New ports: A=1'0, B=1'1, Y=$978y [0]
      New connections: $978y [7:1] = { $978y [0] $978y [0] $978y [0] $978y [0] $978y [0] $978y [0] $978y [0] }
    Consolidated identical input bits for $mux cell $974:
      Old ports: A=8'00000000, B=8'11111111, Y=$974y
      New ports: A=1'0, B=1'1, Y=$974y [0]
      New connections: $974y [7:1] = { $974y [0] $974y [0] $974y [0] $974y [0] $974y [0] $974y [0] $974y [0] }
    Consolidated identical input bits for $mux cell $969:
      Old ports: A=8'00000000, B=8'11111111, Y=$969y
      New ports: A=1'0, B=1'1, Y=$969y [0]
      New connections: $969y [7:1] = { $969y [0] $969y [0] $969y [0] $969y [0] $969y [0] $969y [0] $969y [0] }
    Consolidated identical input bits for $mux cell $965:
      Old ports: A=8'00000000, B=8'11111111, Y=$965y
      New ports: A=1'0, B=1'1, Y=$965y [0]
      New connections: $965y [7:1] = { $965y [0] $965y [0] $965y [0] $965y [0] $965y [0] $965y [0] $965y [0] }
    Consolidated identical input bits for $mux cell $960:
      Old ports: A=8'00000000, B=8'11111111, Y=$960y
      New ports: A=1'0, B=1'1, Y=$960y [0]
      New connections: $960y [7:1] = { $960y [0] $960y [0] $960y [0] $960y [0] $960y [0] $960y [0] $960y [0] }
    Consolidated identical input bits for $mux cell $956:
      Old ports: A=8'00000000, B=8'11111111, Y=$956y
      New ports: A=1'0, B=1'1, Y=$956y [0]
      New connections: $956y [7:1] = { $956y [0] $956y [0] $956y [0] $956y [0] $956y [0] $956y [0] $956y [0] }
    Consolidated identical input bits for $mux cell $951:
      Old ports: A=8'00000000, B=8'11111111, Y=$951y
      New ports: A=1'0, B=1'1, Y=$951y [0]
      New connections: $951y [7:1] = { $951y [0] $951y [0] $951y [0] $951y [0] $951y [0] $951y [0] $951y [0] }
    Consolidated identical input bits for $mux cell $947:
      Old ports: A=8'00000000, B=8'11111111, Y=$947y
      New ports: A=1'0, B=1'1, Y=$947y [0]
      New connections: $947y [7:1] = { $947y [0] $947y [0] $947y [0] $947y [0] $947y [0] $947y [0] $947y [0] }
    Consolidated identical input bits for $mux cell $942:
      Old ports: A=8'00000000, B=8'11111111, Y=$942y
      New ports: A=1'0, B=1'1, Y=$942y [0]
      New connections: $942y [7:1] = { $942y [0] $942y [0] $942y [0] $942y [0] $942y [0] $942y [0] $942y [0] }
    Consolidated identical input bits for $mux cell $913:
      Old ports: A=8'00000000, B=8'11111111, Y=$913y
      New ports: A=1'0, B=1'1, Y=$913y [0]
      New connections: $913y [7:1] = { $913y [0] $913y [0] $913y [0] $913y [0] $913y [0] $913y [0] $913y [0] }
    Consolidated identical input bits for $mux cell $908:
      Old ports: A=8'00000000, B=8'11111111, Y=$908y
      New ports: A=1'0, B=1'1, Y=$908y [0]
      New connections: $908y [7:1] = { $908y [0] $908y [0] $908y [0] $908y [0] $908y [0] $908y [0] $908y [0] }
    Consolidated identical input bits for $mux cell $903:
      Old ports: A=8'00000000, B=8'11111111, Y=$903y
      New ports: A=1'0, B=1'1, Y=$903y [0]
      New connections: $903y [7:1] = { $903y [0] $903y [0] $903y [0] $903y [0] $903y [0] $903y [0] $903y [0] }
    Consolidated identical input bits for $mux cell $898:
      Old ports: A=8'00000000, B=8'11111111, Y=$898y
      New ports: A=1'0, B=1'1, Y=$898y [0]
      New connections: $898y [7:1] = { $898y [0] $898y [0] $898y [0] $898y [0] $898y [0] $898y [0] $898y [0] }
    Consolidated identical input bits for $mux cell $893:
      Old ports: A=8'00000000, B=8'11111111, Y=$893y
      New ports: A=1'0, B=1'1, Y=$893y [0]
      New connections: $893y [7:1] = { $893y [0] $893y [0] $893y [0] $893y [0] $893y [0] $893y [0] $893y [0] }
    Consolidated identical input bits for $mux cell $888:
      Old ports: A=8'00000000, B=8'11111111, Y=$888y
      New ports: A=1'0, B=1'1, Y=$888y [0]
      New connections: $888y [7:1] = { $888y [0] $888y [0] $888y [0] $888y [0] $888y [0] $888y [0] $888y [0] }
    Consolidated identical input bits for $mux cell $883:
      Old ports: A=8'00000000, B=8'11111111, Y=$883y
      New ports: A=1'0, B=1'1, Y=$883y [0]
      New connections: $883y [7:1] = { $883y [0] $883y [0] $883y [0] $883y [0] $883y [0] $883y [0] $883y [0] }
    Consolidated identical input bits for $mux cell $878:
      Old ports: A=8'00000000, B=8'11111111, Y=$878y
      New ports: A=1'0, B=1'1, Y=$878y [0]
      New connections: $878y [7:1] = { $878y [0] $878y [0] $878y [0] $878y [0] $878y [0] $878y [0] $878y [0] }
    Consolidated identical input bits for $mux cell $873:
      Old ports: A=8'00000000, B=8'11111111, Y=$873y
      New ports: A=1'0, B=1'1, Y=$873y [0]
      New connections: $873y [7:1] = { $873y [0] $873y [0] $873y [0] $873y [0] $873y [0] $873y [0] $873y [0] }
    Consolidated identical input bits for $mux cell $868:
      Old ports: A=8'00000000, B=8'11111111, Y=$868y
      New ports: A=1'0, B=1'1, Y=$868y [0]
      New connections: $868y [7:1] = { $868y [0] $868y [0] $868y [0] $868y [0] $868y [0] $868y [0] $868y [0] }
    Consolidated identical input bits for $mux cell $863:
      Old ports: A=8'00000000, B=8'11111111, Y=$863y
      New ports: A=1'0, B=1'1, Y=$863y [0]
      New connections: $863y [7:1] = { $863y [0] $863y [0] $863y [0] $863y [0] $863y [0] $863y [0] $863y [0] }
    Consolidated identical input bits for $mux cell $858:
      Old ports: A=8'00000000, B=8'11111111, Y=$858y
      New ports: A=1'0, B=1'1, Y=$858y [0]
      New connections: $858y [7:1] = { $858y [0] $858y [0] $858y [0] $858y [0] $858y [0] $858y [0] $858y [0] }
    Consolidated identical input bits for $mux cell $853:
      Old ports: A=8'00000000, B=8'11111111, Y=$853y
      New ports: A=1'0, B=1'1, Y=$853y [0]
      New connections: $853y [7:1] = { $853y [0] $853y [0] $853y [0] $853y [0] $853y [0] $853y [0] $853y [0] }
    Consolidated identical input bits for $mux cell $848:
      Old ports: A=8'00000000, B=8'11111111, Y=$848y
      New ports: A=1'0, B=1'1, Y=$848y [0]
      New connections: $848y [7:1] = { $848y [0] $848y [0] $848y [0] $848y [0] $848y [0] $848y [0] $848y [0] }
    Consolidated identical input bits for $mux cell $843:
      Old ports: A=8'00000000, B=8'11111111, Y=$843y
      New ports: A=1'0, B=1'1, Y=$843y [0]
      New connections: $843y [7:1] = { $843y [0] $843y [0] $843y [0] $843y [0] $843y [0] $843y [0] $843y [0] }
    Consolidated identical input bits for $mux cell $838:
      Old ports: A=8'00000000, B=8'11111111, Y=$838y
      New ports: A=1'0, B=1'1, Y=$838y [0]
      New connections: $838y [7:1] = { $838y [0] $838y [0] $838y [0] $838y [0] $838y [0] $838y [0] $838y [0] }
    Consolidated identical input bits for $mux cell $833:
      Old ports: A=8'00000000, B=8'11111111, Y=$833y
      New ports: A=1'0, B=1'1, Y=$833y [0]
      New connections: $833y [7:1] = { $833y [0] $833y [0] $833y [0] $833y [0] $833y [0] $833y [0] $833y [0] }
    Consolidated identical input bits for $mux cell $828:
      Old ports: A=8'00000000, B=8'11111111, Y=$828y
      New ports: A=1'0, B=1'1, Y=$828y [0]
      New connections: $828y [7:1] = { $828y [0] $828y [0] $828y [0] $828y [0] $828y [0] $828y [0] $828y [0] }
    Consolidated identical input bits for $mux cell $823:
      Old ports: A=8'00000000, B=8'11111111, Y=$823y
      New ports: A=1'0, B=1'1, Y=$823y [0]
      New connections: $823y [7:1] = { $823y [0] $823y [0] $823y [0] $823y [0] $823y [0] $823y [0] $823y [0] }
    Consolidated identical input bits for $mux cell $818:
      Old ports: A=8'00000000, B=8'11111111, Y=$818y
      New ports: A=1'0, B=1'1, Y=$818y [0]
      New connections: $818y [7:1] = { $818y [0] $818y [0] $818y [0] $818y [0] $818y [0] $818y [0] $818y [0] }
    Consolidated identical input bits for $mux cell $813:
      Old ports: A=8'00000000, B=8'11111111, Y=$813y
      New ports: A=1'0, B=1'1, Y=$813y [0]
      New connections: $813y [7:1] = { $813y [0] $813y [0] $813y [0] $813y [0] $813y [0] $813y [0] $813y [0] }
    Consolidated identical input bits for $mux cell $808:
      Old ports: A=8'00000000, B=8'11111111, Y=$808y
      New ports: A=1'0, B=1'1, Y=$808y [0]
      New connections: $808y [7:1] = { $808y [0] $808y [0] $808y [0] $808y [0] $808y [0] $808y [0] $808y [0] }
    Consolidated identical input bits for $mux cell $803:
      Old ports: A=8'00000000, B=8'11111111, Y=$803y
      New ports: A=1'0, B=1'1, Y=$803y [0]
      New connections: $803y [7:1] = { $803y [0] $803y [0] $803y [0] $803y [0] $803y [0] $803y [0] $803y [0] }
    Consolidated identical input bits for $mux cell $798:
      Old ports: A=8'00000000, B=8'11111111, Y=$798y
      New ports: A=1'0, B=1'1, Y=$798y [0]
      New connections: $798y [7:1] = { $798y [0] $798y [0] $798y [0] $798y [0] $798y [0] $798y [0] $798y [0] }
    Consolidated identical input bits for $mux cell $793:
      Old ports: A=8'00000000, B=8'11111111, Y=$793y
      New ports: A=1'0, B=1'1, Y=$793y [0]
      New connections: $793y [7:1] = { $793y [0] $793y [0] $793y [0] $793y [0] $793y [0] $793y [0] $793y [0] }
    Consolidated identical input bits for $mux cell $788:
      Old ports: A=8'00000000, B=8'11111111, Y=$788y
      New ports: A=1'0, B=1'1, Y=$788y [0]
      New connections: $788y [7:1] = { $788y [0] $788y [0] $788y [0] $788y [0] $788y [0] $788y [0] $788y [0] }
    Consolidated identical input bits for $mux cell $783:
      Old ports: A=8'00000000, B=8'11111111, Y=$783y
      New ports: A=1'0, B=1'1, Y=$783y [0]
      New connections: $783y [7:1] = { $783y [0] $783y [0] $783y [0] $783y [0] $783y [0] $783y [0] $783y [0] }
    Consolidated identical input bits for $mux cell $778:
      Old ports: A=8'00000000, B=8'11111111, Y=$778y
      New ports: A=1'0, B=1'1, Y=$778y [0]
      New connections: $778y [7:1] = { $778y [0] $778y [0] $778y [0] $778y [0] $778y [0] $778y [0] $778y [0] }
    Consolidated identical input bits for $mux cell $773:
      Old ports: A=8'00000000, B=8'11111111, Y=$773y
      New ports: A=1'0, B=1'1, Y=$773y [0]
      New connections: $773y [7:1] = { $773y [0] $773y [0] $773y [0] $773y [0] $773y [0] $773y [0] $773y [0] }
    Consolidated identical input bits for $mux cell $768:
      Old ports: A=8'00000000, B=8'11111111, Y=$768y
      New ports: A=1'0, B=1'1, Y=$768y [0]
      New connections: $768y [7:1] = { $768y [0] $768y [0] $768y [0] $768y [0] $768y [0] $768y [0] $768y [0] }
    Consolidated identical input bits for $mux cell $763:
      Old ports: A=8'00000000, B=8'11111111, Y=$763y
      New ports: A=1'0, B=1'1, Y=$763y [0]
      New connections: $763y [7:1] = { $763y [0] $763y [0] $763y [0] $763y [0] $763y [0] $763y [0] $763y [0] }
    Consolidated identical input bits for $mux cell $758:
      Old ports: A=8'00000000, B=8'11111111, Y=$758y
      New ports: A=1'0, B=1'1, Y=$758y [0]
      New connections: $758y [7:1] = { $758y [0] $758y [0] $758y [0] $758y [0] $758y [0] $758y [0] $758y [0] }
    Consolidated identical input bits for $mux cell $694:
      Old ports: A=8'00000000, B=8'11111111, Y=$694y
      New ports: A=1'0, B=1'1, Y=$694y [0]
      New connections: $694y [7:1] = { $694y [0] $694y [0] $694y [0] $694y [0] $694y [0] $694y [0] $694y [0] }
    Consolidated identical input bits for $mux cell $690:
      Old ports: A=8'00000000, B=8'11111111, Y=$690y
      New ports: A=1'0, B=1'1, Y=$690y [0]
      New connections: $690y [7:1] = { $690y [0] $690y [0] $690y [0] $690y [0] $690y [0] $690y [0] $690y [0] }
    Consolidated identical input bits for $mux cell $686:
      Old ports: A=8'00000000, B=8'11111111, Y=$686y
      New ports: A=1'0, B=1'1, Y=$686y [0]
      New connections: $686y [7:1] = { $686y [0] $686y [0] $686y [0] $686y [0] $686y [0] $686y [0] $686y [0] }
    Consolidated identical input bits for $mux cell $682:
      Old ports: A=8'00000000, B=8'11111111, Y=$682y
      New ports: A=1'0, B=1'1, Y=$682y [0]
      New connections: $682y [7:1] = { $682y [0] $682y [0] $682y [0] $682y [0] $682y [0] $682y [0] $682y [0] }
    Consolidated identical input bits for $mux cell $678:
      Old ports: A=8'00000000, B=8'11111111, Y=$678y
      New ports: A=1'0, B=1'1, Y=$678y [0]
      New connections: $678y [7:1] = { $678y [0] $678y [0] $678y [0] $678y [0] $678y [0] $678y [0] $678y [0] }
    Consolidated identical input bits for $mux cell $674:
      Old ports: A=8'00000000, B=8'11111111, Y=$674y
      New ports: A=1'0, B=1'1, Y=$674y [0]
      New connections: $674y [7:1] = { $674y [0] $674y [0] $674y [0] $674y [0] $674y [0] $674y [0] $674y [0] }
    Consolidated identical input bits for $mux cell $670:
      Old ports: A=8'00000000, B=8'11111111, Y=$670y
      New ports: A=1'0, B=1'1, Y=$670y [0]
      New connections: $670y [7:1] = { $670y [0] $670y [0] $670y [0] $670y [0] $670y [0] $670y [0] $670y [0] }
    Consolidated identical input bits for $mux cell $666:
      Old ports: A=8'00000000, B=8'11111111, Y=$666y
      New ports: A=1'0, B=1'1, Y=$666y [0]
      New connections: $666y [7:1] = { $666y [0] $666y [0] $666y [0] $666y [0] $666y [0] $666y [0] $666y [0] }
    Consolidated identical input bits for $mux cell $662:
      Old ports: A=8'00000000, B=8'11111111, Y=$662y
      New ports: A=1'0, B=1'1, Y=$662y [0]
      New connections: $662y [7:1] = { $662y [0] $662y [0] $662y [0] $662y [0] $662y [0] $662y [0] $662y [0] }
    Consolidated identical input bits for $mux cell $658:
      Old ports: A=8'00000000, B=8'11111111, Y=$658y
      New ports: A=1'0, B=1'1, Y=$658y [0]
      New connections: $658y [7:1] = { $658y [0] $658y [0] $658y [0] $658y [0] $658y [0] $658y [0] $658y [0] }
    Consolidated identical input bits for $mux cell $654:
      Old ports: A=8'00000000, B=8'11111111, Y=$654y
      New ports: A=1'0, B=1'1, Y=$654y [0]
      New connections: $654y [7:1] = { $654y [0] $654y [0] $654y [0] $654y [0] $654y [0] $654y [0] $654y [0] }
    Consolidated identical input bits for $mux cell $650:
      Old ports: A=8'00000000, B=8'11111111, Y=$650y
      New ports: A=1'0, B=1'1, Y=$650y [0]
      New connections: $650y [7:1] = { $650y [0] $650y [0] $650y [0] $650y [0] $650y [0] $650y [0] $650y [0] }
    Consolidated identical input bits for $mux cell $646:
      Old ports: A=8'00000000, B=8'11111111, Y=$646y
      New ports: A=1'0, B=1'1, Y=$646y [0]
      New connections: $646y [7:1] = { $646y [0] $646y [0] $646y [0] $646y [0] $646y [0] $646y [0] $646y [0] }
    Consolidated identical input bits for $mux cell $642:
      Old ports: A=8'00000000, B=8'11111111, Y=$642y
      New ports: A=1'0, B=1'1, Y=$642y [0]
      New connections: $642y [7:1] = { $642y [0] $642y [0] $642y [0] $642y [0] $642y [0] $642y [0] $642y [0] }
    Consolidated identical input bits for $mux cell $638:
      Old ports: A=8'00000000, B=8'11111111, Y=$638y
      New ports: A=1'0, B=1'1, Y=$638y [0]
      New connections: $638y [7:1] = { $638y [0] $638y [0] $638y [0] $638y [0] $638y [0] $638y [0] $638y [0] }
    Consolidated identical input bits for $mux cell $634:
      Old ports: A=8'00000000, B=8'11111111, Y=$634y
      New ports: A=1'0, B=1'1, Y=$634y [0]
      New connections: $634y [7:1] = { $634y [0] $634y [0] $634y [0] $634y [0] $634y [0] $634y [0] $634y [0] }
    Consolidated identical input bits for $mux cell $630:
      Old ports: A=8'00000000, B=8'11111111, Y=$630y
      New ports: A=1'0, B=1'1, Y=$630y [0]
      New connections: $630y [7:1] = { $630y [0] $630y [0] $630y [0] $630y [0] $630y [0] $630y [0] $630y [0] }
    Consolidated identical input bits for $mux cell $626:
      Old ports: A=8'00000000, B=8'11111111, Y=$626y
      New ports: A=1'0, B=1'1, Y=$626y [0]
      New connections: $626y [7:1] = { $626y [0] $626y [0] $626y [0] $626y [0] $626y [0] $626y [0] $626y [0] }
    Consolidated identical input bits for $mux cell $622:
      Old ports: A=8'00000000, B=8'11111111, Y=$622y
      New ports: A=1'0, B=1'1, Y=$622y [0]
      New connections: $622y [7:1] = { $622y [0] $622y [0] $622y [0] $622y [0] $622y [0] $622y [0] $622y [0] }
    Consolidated identical input bits for $mux cell $618:
      Old ports: A=8'00000000, B=8'11111111, Y=$618y
      New ports: A=1'0, B=1'1, Y=$618y [0]
      New connections: $618y [7:1] = { $618y [0] $618y [0] $618y [0] $618y [0] $618y [0] $618y [0] $618y [0] }
    Consolidated identical input bits for $mux cell $614:
      Old ports: A=8'00000000, B=8'11111111, Y=$614y
      New ports: A=1'0, B=1'1, Y=$614y [0]
      New connections: $614y [7:1] = { $614y [0] $614y [0] $614y [0] $614y [0] $614y [0] $614y [0] $614y [0] }
    Consolidated identical input bits for $mux cell $610:
      Old ports: A=8'00000000, B=8'11111111, Y=$610y
      New ports: A=1'0, B=1'1, Y=$610y [0]
      New connections: $610y [7:1] = { $610y [0] $610y [0] $610y [0] $610y [0] $610y [0] $610y [0] $610y [0] }
    Consolidated identical input bits for $mux cell $606:
      Old ports: A=8'00000000, B=8'11111111, Y=$606y
      New ports: A=1'0, B=1'1, Y=$606y [0]
      New connections: $606y [7:1] = { $606y [0] $606y [0] $606y [0] $606y [0] $606y [0] $606y [0] $606y [0] }
    Consolidated identical input bits for $mux cell $602:
      Old ports: A=8'00000000, B=8'11111111, Y=$602y
      New ports: A=1'0, B=1'1, Y=$602y [0]
      New connections: $602y [7:1] = { $602y [0] $602y [0] $602y [0] $602y [0] $602y [0] $602y [0] $602y [0] }
    Consolidated identical input bits for $mux cell $598:
      Old ports: A=8'00000000, B=8'11111111, Y=$598y
      New ports: A=1'0, B=1'1, Y=$598y [0]
      New connections: $598y [7:1] = { $598y [0] $598y [0] $598y [0] $598y [0] $598y [0] $598y [0] $598y [0] }
    Consolidated identical input bits for $mux cell $594:
      Old ports: A=8'00000000, B=8'11111111, Y=$594y
      New ports: A=1'0, B=1'1, Y=$594y [0]
      New connections: $594y [7:1] = { $594y [0] $594y [0] $594y [0] $594y [0] $594y [0] $594y [0] $594y [0] }
    Consolidated identical input bits for $mux cell $590:
      Old ports: A=8'00000000, B=8'11111111, Y=$590y
      New ports: A=1'0, B=1'1, Y=$590y [0]
      New connections: $590y [7:1] = { $590y [0] $590y [0] $590y [0] $590y [0] $590y [0] $590y [0] $590y [0] }
    Consolidated identical input bits for $mux cell $586:
      Old ports: A=8'00000000, B=8'11111111, Y=$586y
      New ports: A=1'0, B=1'1, Y=$586y [0]
      New connections: $586y [7:1] = { $586y [0] $586y [0] $586y [0] $586y [0] $586y [0] $586y [0] $586y [0] }
    Consolidated identical input bits for $mux cell $582:
      Old ports: A=8'00000000, B=8'11111111, Y=$582y
      New ports: A=1'0, B=1'1, Y=$582y [0]
      New connections: $582y [7:1] = { $582y [0] $582y [0] $582y [0] $582y [0] $582y [0] $582y [0] $582y [0] }
    Consolidated identical input bits for $mux cell $578:
      Old ports: A=8'00000000, B=8'11111111, Y=$578y
      New ports: A=1'0, B=1'1, Y=$578y [0]
      New connections: $578y [7:1] = { $578y [0] $578y [0] $578y [0] $578y [0] $578y [0] $578y [0] $578y [0] }
    Consolidated identical input bits for $mux cell $574:
      Old ports: A=8'00000000, B=8'11111111, Y=$574y
      New ports: A=1'0, B=1'1, Y=$574y [0]
      New connections: $574y [7:1] = { $574y [0] $574y [0] $574y [0] $574y [0] $574y [0] $574y [0] $574y [0] }
    Consolidated identical input bits for $mux cell $570:
      Old ports: A=8'00000000, B=8'11111111, Y=$570y
      New ports: A=1'0, B=1'1, Y=$570y [0]
      New connections: $570y [7:1] = { $570y [0] $570y [0] $570y [0] $570y [0] $570y [0] $570y [0] $570y [0] }
    Consolidated identical input bits for $mux cell $566:
      Old ports: A=8'00000000, B=8'11111111, Y=$566y
      New ports: A=1'0, B=1'1, Y=$566y [0]
      New connections: $566y [7:1] = { $566y [0] $566y [0] $566y [0] $566y [0] $566y [0] $566y [0] $566y [0] }
    Consolidated identical input bits for $mux cell $562:
      Old ports: A=8'00000000, B=8'11111111, Y=$562y
      New ports: A=1'0, B=1'1, Y=$562y [0]
      New connections: $562y [7:1] = { $562y [0] $562y [0] $562y [0] $562y [0] $562y [0] $562y [0] $562y [0] }
    Consolidated identical input bits for $mux cell $558:
      Old ports: A=8'00000000, B=8'11111111, Y=$558y
      New ports: A=1'0, B=1'1, Y=$558y [0]
      New connections: $558y [7:1] = { $558y [0] $558y [0] $558y [0] $558y [0] $558y [0] $558y [0] $558y [0] }
    Consolidated identical input bits for $mux cell $554:
      Old ports: A=8'00000000, B=8'11111111, Y=$554y
      New ports: A=1'0, B=1'1, Y=$554y [0]
      New connections: $554y [7:1] = { $554y [0] $554y [0] $554y [0] $554y [0] $554y [0] $554y [0] $554y [0] }
    Consolidated identical input bits for $mux cell $550:
      Old ports: A=8'00000000, B=8'11111111, Y=$550y
      New ports: A=1'0, B=1'1, Y=$550y [0]
      New connections: $550y [7:1] = { $550y [0] $550y [0] $550y [0] $550y [0] $550y [0] $550y [0] $550y [0] }
    Consolidated identical input bits for $mux cell $546:
      Old ports: A=8'00000000, B=8'11111111, Y=$546y
      New ports: A=1'0, B=1'1, Y=$546y [0]
      New connections: $546y [7:1] = { $546y [0] $546y [0] $546y [0] $546y [0] $546y [0] $546y [0] $546y [0] }
    Consolidated identical input bits for $mux cell $542:
      Old ports: A=8'00000000, B=8'11111111, Y=$542y
      New ports: A=1'0, B=1'1, Y=$542y [0]
      New connections: $542y [7:1] = { $542y [0] $542y [0] $542y [0] $542y [0] $542y [0] $542y [0] $542y [0] }
    Consolidated identical input bits for $mux cell $538:
      Old ports: A=8'00000000, B=8'11111111, Y=$538y
      New ports: A=1'0, B=1'1, Y=$538y [0]
      New connections: $538y [7:1] = { $538y [0] $538y [0] $538y [0] $538y [0] $538y [0] $538y [0] $538y [0] }
    Consolidated identical input bits for $mux cell $401:
      Old ports: A=8'00000000, B=8'11111111, Y=$401y
      New ports: A=1'0, B=1'1, Y=$401y [0]
      New connections: $401y [7:1] = { $401y [0] $401y [0] $401y [0] $401y [0] $401y [0] $401y [0] $401y [0] }
    Consolidated identical input bits for $mux cell $397:
      Old ports: A=8'00000000, B=8'11111111, Y=$397y
      New ports: A=1'0, B=1'1, Y=$397y [0]
      New connections: $397y [7:1] = { $397y [0] $397y [0] $397y [0] $397y [0] $397y [0] $397y [0] $397y [0] }
    Consolidated identical input bits for $mux cell $393:
      Old ports: A=8'00000000, B=8'11111111, Y=$393y
      New ports: A=1'0, B=1'1, Y=$393y [0]
      New connections: $393y [7:1] = { $393y [0] $393y [0] $393y [0] $393y [0] $393y [0] $393y [0] $393y [0] }
    Consolidated identical input bits for $mux cell $389:
      Old ports: A=8'00000000, B=8'11111111, Y=$389y
      New ports: A=1'0, B=1'1, Y=$389y [0]
      New connections: $389y [7:1] = { $389y [0] $389y [0] $389y [0] $389y [0] $389y [0] $389y [0] $389y [0] }
    Consolidated identical input bits for $mux cell $385:
      Old ports: A=8'00000000, B=8'11111111, Y=$385y
      New ports: A=1'0, B=1'1, Y=$385y [0]
      New connections: $385y [7:1] = { $385y [0] $385y [0] $385y [0] $385y [0] $385y [0] $385y [0] $385y [0] }
    Consolidated identical input bits for $mux cell $381:
      Old ports: A=8'00000000, B=8'11111111, Y=$381y
      New ports: A=1'0, B=1'1, Y=$381y [0]
      New connections: $381y [7:1] = { $381y [0] $381y [0] $381y [0] $381y [0] $381y [0] $381y [0] $381y [0] }
    Consolidated identical input bits for $mux cell $377:
      Old ports: A=8'00000000, B=8'11111111, Y=$377y
      New ports: A=1'0, B=1'1, Y=$377y [0]
      New connections: $377y [7:1] = { $377y [0] $377y [0] $377y [0] $377y [0] $377y [0] $377y [0] $377y [0] }
    Consolidated identical input bits for $mux cell $373:
      Old ports: A=8'00000000, B=8'11111111, Y=$373y
      New ports: A=1'0, B=1'1, Y=$373y [0]
      New connections: $373y [7:1] = { $373y [0] $373y [0] $373y [0] $373y [0] $373y [0] $373y [0] $373y [0] }
  Optimizing cells in module \alapeno_tile_ctrl.
Performed a total of 455 changes.

4.5. Executing OPT_MERGE pass (detect identical cells).
Finding identical cells in module `\alapeno_tile_ctrl'.
Computing hashes of 1795 cells of `\alapeno_tile_ctrl'.
Finding duplicate cells in `\alapeno_tile_ctrl'.
Computing hashes of 1724 cells of `\alapeno_tile_ctrl'.
Finding duplicate cells in `\alapeno_tile_ctrl'.
Computing hashes of 1664 cells of `\alapeno_tile_ctrl'.
Finding duplicate cells in `\alapeno_tile_ctrl'.
Computing hashes of 1608 cells of `\alapeno_tile_ctrl'.
Finding duplicate cells in `\alapeno_tile_ctrl'.
Computing hashes of 1552 cells of `\alapeno_tile_ctrl'.
Finding duplicate cells in `\alapeno_tile_ctrl'.
Computing hashes of 1496 cells of `\alapeno_tile_ctrl'.
Finding duplicate cells in `\alapeno_tile_ctrl'.
Computing hashes of 1455 cells of `\alapeno_tile_ctrl'.
Finding duplicate cells in `\alapeno_tile_ctrl'.
Computing hashes of 1414 cells of `\alapeno_tile_ctrl'.
Finding duplicate cells in `\alapeno_tile_ctrl'.
Computing hashes of 1374 cells of `\alapeno_tile_ctrl'.
Finding duplicate cells in `\alapeno_tile_ctrl'.
<suppressed ~1263 debug messages>
Removed a total of 421 cells.

4.6. Executing OPT_DFF pass (perform DFF optimizations).

4.7. Executing OPT_CLEAN pass (remove unused cells and wires).
Finding unused cells or wires in module \alapeno_tile_ctrl..
Removed 205 unused cells and 5552 unused wires.
<suppressed ~260 debug messages>

4.8. Executing OPT_EXPR pass (perform const folding).
Optimizing module alapeno_tile_ctrl.
<suppressed ~601 debug messages>

4.9. Rerunning OPT passes. (Maybe there is more to do..)

4.10. Executing OPT_MUXTREE pass (detect dead branches in mux trees).
Running muxtree optimizer on module \alapeno_tile_ctrl..
  Creating internal representation of mux trees.
  Evaluating internal representation of mux trees.
  Analyzing evaluation results.
    dead port 1/2 on $mux $procmux$5666.
    dead port 2/2 on $mux $procmux$5666.
    dead port 1/2 on $mux $procmux$4226.
    dead port 2/2 on $mux $procmux$4226.
    dead port 1/2 on $mux $procmux$3065.
    dead port 2/2 on $mux $procmux$3065.
    dead port 1/2 on $mux $procmux$5638.
    dead port 2/2 on $mux $procmux$5638.
Removed 8 multiplexer ports.
<suppressed ~360 debug messages>

4.11. Executing OPT_REDUCE pass (consolidate $*mux and $reduce_* inputs).
  Optimizing cells in module \alapeno_tile_ctrl.
    New ctrl vector for $pmux cell $procmux$7300: { $auto$opt_reduce.cc:137:opt_pmux$14323 $procmux$1000_CMP $procmux$10027_CMP $procmux$6452_CMP }
    New ctrl vector for $pmux cell $procmux$7281: { $auto$opt_reduce.cc:137:opt_pmux$14325 $procmux$1000_CMP $procmux$10027_CMP $procmux$6452_CMP }
    New ctrl vector for $pmux cell $procmux$7244: { $procmux$1000_CMP $procmux$6452_CMP }
  Optimizing cells in module \alapeno_tile_ctrl.
Performed a total of 3 changes.

4.12. Executing OPT_MERGE pass (detect identical cells).
Finding identical cells in module `\alapeno_tile_ctrl'.
Computing hashes of 538 cells of `\alapeno_tile_ctrl'.
Finding duplicate cells in `\alapeno_tile_ctrl'.
Computing hashes of 506 cells of `\alapeno_tile_ctrl'.
Finding duplicate cells in `\alapeno_tile_ctrl'.
Computing hashes of 475 cells of `\alapeno_tile_ctrl'.
Finding duplicate cells in `\alapeno_tile_ctrl'.
Computing hashes of 444 cells of `\alapeno_tile_ctrl'.
Finding duplicate cells in `\alapeno_tile_ctrl'.
<suppressed ~282 debug messages>
Removed a total of 94 cells.

4.13. Executing OPT_DFF pass (perform DFF optimizations).
Adding SRST signal on $driver$u_matrix.pass ($dff) from module alapeno_tile_ctrl (D = $procmux$7514_Y, Q = \u_matrix.pass, rval = 0).
Adding EN signal on $driver$u_matrix.pred ($dff) from module alapeno_tile_ctrl (D = $procmux$7430_Y, Q = \u_matrix.pred).
Adding SRST signal on $driver$u_matrix.m ($dff) from module alapeno_tile_ctrl (D = $procmux$7535_Y, Q = \u_matrix.m, rval = 0).
Adding EN signal on $driver$u_matrix.za.ok ($dff) from module alapeno_tile_ctrl (D = $procmux$7395_Y [256], Q = \u_matrix.za [256]).
Adding SRST signal on $driver$u_matrix.state ($dff) from module alapeno_tile_ctrl (D = $procmux$7318_Y, Q = \u_matrix.state, rval = 4'0000).
Adding SRST signal on $driver$done_b ($dff) from module alapeno_tile_ctrl (D = $done_b$1368, Q = \done_b, rval = 1'0).
Adding EN signal on $auto$ff.cc:337:slice$14331 ($sdff) from module alapeno_tile_ctrl (D = $done_b$1368, Q = \done_b).
Adding SRST signal on $driver$u_matrix.k ($dff) from module alapeno_tile_ctrl (D = $procmux$7521_Y, Q = \u_matrix.k, rval = 0).
Adding SRST signal on $driver$u_matrix.hold_e ($dff) from module alapeno_tile_ctrl (D = $procmux$7500_Y, Q = \u_matrix.hold_e, rval = 64'0000000000000000000000000000000000000000000000000000000000000000).
Adding EN signal on $driver$u_matrix.pmod ($dff) from module alapeno_tile_ctrl (D = $procmux$7409_Y, Q = \u_matrix.pmod).
Adding SRST signal on $driver$u_matrix.accz ($dff) from module alapeno_tile_ctrl (D = $procmux$7472_Y, Q = \u_matrix.accz, rval = 256'0000000000000000000000000000000000000000000000000000000000000000000000000000000000000000000000000000000000000000000000000000000000000000000000000000000000000000000000000000000000000000000000000000000000000000000000000000000000000000000000000000000000000000).
Adding SRST signal on $driver$u_matrix.fres ($dff) from module alapeno_tile_ctrl (D = $procmux$7479_Y, Q = \u_matrix.fres, rval = 64'0000000000000000000000000000000000000000000000000000000000000000).
Adding EN signal on $driver$u_matrix.za.sum ($dff) from module alapeno_tile_ctrl (D = $procmux$7395_Y [255:0], Q = \u_matrix.za [255:0]).
Adding SRST signal on $driver$u_matrix.hold_a ($dff) from module alapeno_tile_ctrl (D = $procmux$7507_Y, Q = \u_matrix.hold_a, rval = 64'0000000000000000000000000000000000000000000000000000000000000000).
Adding SRST signal on $driver$run_q ($dff) from module alapeno_tile_ctrl (D = $procmux$23_Y, Q = \run_q, rval = 1'0).
Adding EN signal on $auto$ff.cc:337:slice$14342 ($sdff) from module alapeno_tile_ctrl (D = 1'1, Q = \run_q).
Adding SRST signal on $driver$u_matrix.hold_p ($dff) from module alapeno_tile_ctrl (D = $procmux$7493_Y, Q = \u_matrix.hold_p, rval = 64'0000000000000000000000000000000000000000000000000000000000000000).
Adding SRST signal on $driver$u_matrix.beat ($dff) from module alapeno_tile_ctrl (D = $procmux$7360_Y, Q = \u_matrix.beat, rval = 256'0000000000000000000000000000000000000000000000000000000000000000000000000000000000000000000000000000000000000000000000000000000000000000000000000000000000000000000000000000000000000000000000000000000000000000000000000000000000000000000000000000000000000000).
Adding SRST signal on $driver$u_matrix.n ($dff) from module alapeno_tile_ctrl (D = $procmux$7528_Y, Q = \u_matrix.n, rval = 0).
Adding SRST signal on $driver$fault_b ($dff) from module alapeno_tile_ctrl (D = $fault_b$1366, Q = \fault_b, rval = 1'0).
Adding EN signal on $auto$ff.cc:337:slice$14349 ($sdff) from module alapeno_tile_ctrl (D = $fault_b$1366, Q = \fault_b).

4.14. Executing OPT_CLEAN pass (remove unused cells and wires).
Finding unused cells or wires in module \alapeno_tile_ctrl..
Removed 55 unused cells and 742 unused wires.
<suppressed ~59 debug messages>

4.15. Executing OPT_EXPR pass (perform const folding).
Optimizing module alapeno_tile_ctrl.
<suppressed ~2 debug messages>

4.16. Rerunning OPT passes. (Maybe there is more to do..)

4.17. Executing OPT_MUXTREE pass (detect dead branches in mux trees).
Running muxtree optimizer on module \alapeno_tile_ctrl..
  Creating internal representation of mux trees.
  Evaluating internal representation of mux trees.
  Analyzing evaluation results.
Removed 0 multiplexer ports.
<suppressed ~167 debug messages>

4.18. Executing OPT_REDUCE pass (consolidate $*mux and $reduce_* inputs).
  Optimizing cells in module \alapeno_tile_ctrl.
Performed a total of 0 changes.

4.19. Executing OPT_MERGE pass (detect identical cells).
Finding identical cells in module `\alapeno_tile_ctrl'.
Computing hashes of 393 cells of `\alapeno_tile_ctrl'.
Finding duplicate cells in `\alapeno_tile_ctrl'.
Computing hashes of 392 cells of `\alapeno_tile_ctrl'.
Finding duplicate cells in `\alapeno_tile_ctrl'.
<suppressed ~3 debug messages>
Removed a total of 1 cells.

4.20. Executing OPT_DFF pass (perform DFF optimizations).
Adding EN signal on $auto$ff.cc:337:slice$14327 ($dffe) from module alapeno_tile_ctrl (D = $procmux$4416_Y, Q = \u_matrix.pred).
Adding EN signal on $auto$ff.cc:337:slice$14328 ($sdff) from module alapeno_tile_ctrl (D = $procmux$7300_Y, Q = \u_matrix.m).
Adding EN signal on $auto$ff.cc:337:slice$14330 ($sdff) from module alapeno_tile_ctrl (D = $procmux$6429_Y, Q = \u_matrix.state).
Adding EN signal on $auto$ff.cc:337:slice$14335 ($sdff) from module alapeno_tile_ctrl (D = $procmux$7268_Y, Q = \u_matrix.k).
Adding EN signal on $auto$ff.cc:337:slice$14336 ($sdff) from module alapeno_tile_ctrl (D = \b_rdata [63:0], Q = \u_matrix.hold_e).
Adding EN signal on $auto$ff.cc:337:slice$14338 ($sdff) from module alapeno_tile_ctrl (D = $procmux$7144_Y, Q = \u_matrix.accz).
Adding EN signal on $auto$ff.cc:337:slice$14339 ($sdff) from module alapeno_tile_ctrl (D = $procmux$7166_Y, Q = \u_matrix.fres).
Adding EN signal on $auto$ff.cc:337:slice$14341 ($sdff) from module alapeno_tile_ctrl (D = \b_rdata [63:0], Q = \u_matrix.hold_a).
Adding EN signal on $auto$ff.cc:337:slice$14346 ($sdff) from module alapeno_tile_ctrl (D = \b_rdata [63:0], Q = \u_matrix.hold_p).
Adding EN signal on $auto$ff.cc:337:slice$14347 ($sdff) from module alapeno_tile_ctrl (D = { $1210 $1205 $1200 $1195 $1190 $1185 $1180 $1175 $1170 $1165 $1160 $1155 $1150 $1145 $1140 $1135 $1130 $1125 $1120 $1115 $1110 $1105 $1100 $1095 $1090 $1085 $1080 $1075 $1070 $1065 $1060 $1055 }, Q = \u_matrix.beat).
Adding EN signal on $auto$ff.cc:337:slice$14348 ($sdff) from module alapeno_tile_ctrl (D = $procmux$7281_Y, Q = \u_matrix.n).

4.21. Executing OPT_CLEAN pass (remove unused cells and wires).
Finding unused cells or wires in module \alapeno_tile_ctrl..
Removed 5 unused cells and 6 unused wires.
<suppressed ~6 debug messages>

4.22. Executing OPT_EXPR pass (perform const folding).
Optimizing module alapeno_tile_ctrl.
<suppressed ~5 debug messages>

4.23. Rerunning OPT passes. (Maybe there is more to do..)

4.24. Executing OPT_MUXTREE pass (detect dead branches in mux trees).
Running muxtree optimizer on module \alapeno_tile_ctrl..
  Creating internal representation of mux trees.
  Evaluating internal representation of mux trees.
  Analyzing evaluation results.
Removed 0 multiplexer ports.
<suppressed ~159 debug messages>

4.25. Executing OPT_REDUCE pass (consolidate $*mux and $reduce_* inputs).
  Optimizing cells in module \alapeno_tile_ctrl.
Performed a total of 0 changes.

4.26. Executing OPT_MERGE pass (detect identical cells).
Finding identical cells in module `\alapeno_tile_ctrl'.
Computing hashes of 416 cells of `\alapeno_tile_ctrl'.
Finding duplicate cells in `\alapeno_tile_ctrl'.
Computing hashes of 400 cells of `\alapeno_tile_ctrl'.
Finding duplicate cells in `\alapeno_tile_ctrl'.
Computing hashes of 399 cells of `\alapeno_tile_ctrl'.
Finding duplicate cells in `\alapeno_tile_ctrl'.
<suppressed ~51 debug messages>
Removed a total of 17 cells.

4.27. Executing OPT_DFF pass (perform DFF optimizations).

4.28. Executing OPT_CLEAN pass (remove unused cells and wires).
Finding unused cells or wires in module \alapeno_tile_ctrl..
Removed 0 unused cells and 17 unused wires.
<suppressed ~1 debug messages>

4.29. Executing OPT_EXPR pass (perform const folding).
Optimizing module alapeno_tile_ctrl.

4.30. Rerunning OPT passes. (Maybe there is more to do..)

4.31. Executing OPT_MUXTREE pass (detect dead branches in mux trees).
Running muxtree optimizer on module \alapeno_tile_ctrl..
  Creating internal representation of mux trees.
  Evaluating internal representation of mux trees.
  Analyzing evaluation results.
Removed 0 multiplexer ports.
<suppressed ~161 debug messages>

4.32. Executing OPT_REDUCE pass (consolidate $*mux and $reduce_* inputs).
  Optimizing cells in module \alapeno_tile_ctrl.
Performed a total of 0 changes.

4.33. Executing OPT_MERGE pass (detect identical cells).
Finding identical cells in module `\alapeno_tile_ctrl'.
Computing hashes of 399 cells of `\alapeno_tile_ctrl'.
Finding duplicate cells in `\alapeno_tile_ctrl'.
Removed a total of 0 cells.

4.34. Executing OPT_DFF pass (perform DFF optimizations).

4.35. Executing OPT_CLEAN pass (remove unused cells and wires).
Finding unused cells or wires in module \alapeno_tile_ctrl..

4.36. Executing OPT_EXPR pass (perform const folding).
Optimizing module alapeno_tile_ctrl.

4.37. Finished fast OPT passes. (There is nothing left to do.)

5. Executing FSM pass (extract and optimize FSM).

5.1. Executing FSM_DETECT pass (finding FSMs in design).

5.2. Executing FSM_EXTRACT pass (extracting FSM from design).

5.3. Executing FSM_OPT pass (simple optimizations of FSMs).

5.4. Executing OPT_CLEAN pass (remove unused cells and wires).
Finding unused cells or wires in module \alapeno_tile_ctrl..

5.5. Executing FSM_OPT pass (simple optimizations of FSMs).

5.6. Executing FSM_RECODE pass (re-assigning FSM state encoding).

5.7. Executing FSM_INFO pass (dumping all available information on FSM cells).

5.8. Executing FSM_MAP pass (mapping FSMs to basic logic).

6. Executing OPT pass (performing simple optimizations).

6.1. Executing OPT_EXPR pass (perform const folding).
Optimizing module alapeno_tile_ctrl.

6.2. Executing OPT_MERGE pass (detect identical cells).
Finding identical cells in module `\alapeno_tile_ctrl'.
Computing hashes of 399 cells of `\alapeno_tile_ctrl'.
Finding duplicate cells in `\alapeno_tile_ctrl'.
Removed a total of 0 cells.

6.3. Executing OPT_MUXTREE pass (detect dead branches in mux trees).
Running muxtree optimizer on module \alapeno_tile_ctrl..
  Creating internal representation of mux trees.
  Evaluating internal representation of mux trees.
  Analyzing evaluation results.
Removed 0 multiplexer ports.
<suppressed ~161 debug messages>

6.4. Executing OPT_REDUCE pass (consolidate $*mux and $reduce_* inputs).
  Optimizing cells in module \alapeno_tile_ctrl.
Performed a total of 0 changes.

6.5. Executing OPT_MERGE pass (detect identical cells).
Finding identical cells in module `\alapeno_tile_ctrl'.
Computing hashes of 399 cells of `\alapeno_tile_ctrl'.
Finding duplicate cells in `\alapeno_tile_ctrl'.
Removed a total of 0 cells.

6.6. Executing OPT_DFF pass (perform DFF optimizations).

6.7. Executing OPT_CLEAN pass (remove unused cells and wires).
Finding unused cells or wires in module \alapeno_tile_ctrl..

6.8. Executing OPT_EXPR pass (perform const folding).
Optimizing module alapeno_tile_ctrl.

6.9. Finished fast OPT passes. (There is nothing left to do.)

7. Executing MEMORY pass.

7.1. Executing OPT_MEM pass (optimize memories).
Performed a total of 16 transformations.

7.2. Executing OPT_MEM_PRIORITY pass (removing unnecessary memory write priority relations).
Performed a total of 3160 transformations.

7.3. Executing OPT_MEM_FEEDBACK pass (finding memory read-to-write feedback paths).
  Analyzing alapeno_tile_ctrl.u_matrix.obuf write port 0.
  Analyzing alapeno_tile_ctrl.u_matrix.obuf write port 1.
  Analyzing alapeno_tile_ctrl.u_matrix.obuf write port 2.
  Analyzing alapeno_tile_ctrl.u_matrix.obuf write port 3.
  Analyzing alapeno_tile_ctrl.u_matrix.obuf write port 4.
  Analyzing alapeno_tile_ctrl.u_matrix.obuf write port 5.
  Analyzing alapeno_tile_ctrl.u_matrix.obuf write port 6.
  Analyzing alapeno_tile_ctrl.u_matrix.obuf write port 7.
  Analyzing alapeno_tile_ctrl.u_matrix.obuf write port 8.
  Analyzing alapeno_tile_ctrl.u_matrix.obuf write port 9.
  Analyzing alapeno_tile_ctrl.u_matrix.obuf write port 10.
  Analyzing alapeno_tile_ctrl.u_matrix.obuf write port 11.
  Analyzing alapeno_tile_ctrl.u_matrix.obuf write port 12.
  Analyzing alapeno_tile_ctrl.u_matrix.obuf write port 13.
  Analyzing alapeno_tile_ctrl.u_matrix.obuf write port 14.
  Analyzing alapeno_tile_ctrl.u_matrix.obuf write port 15.
  Analyzing alapeno_tile_ctrl.u_matrix.obuf write port 16.
  Analyzing alapeno_tile_ctrl.u_matrix.obuf write port 17.
  Analyzing alapeno_tile_ctrl.u_matrix.obuf write port 18.
  Analyzing alapeno_tile_ctrl.u_matrix.obuf write port 19.
  Analyzing alapeno_tile_ctrl.u_matrix.obuf write port 20.
  Analyzing alapeno_tile_ctrl.u_matrix.obuf write port 21.
  Analyzing alapeno_tile_ctrl.u_matrix.obuf write port 22.
  Analyzing alapeno_tile_ctrl.u_matrix.obuf write port 23.
  Analyzing alapeno_tile_ctrl.u_matrix.obuf write port 24.
  Analyzing alapeno_tile_ctrl.u_matrix.obuf write port 25.
  Analyzing alapeno_tile_ctrl.u_matrix.obuf write port 26.
  Analyzing alapeno_tile_ctrl.u_matrix.obuf write port 27.
  Analyzing alapeno_tile_ctrl.u_matrix.obuf write port 28.
  Analyzing alapeno_tile_ctrl.u_matrix.obuf write port 29.
  Analyzing alapeno_tile_ctrl.u_matrix.obuf write port 30.
  Analyzing alapeno_tile_ctrl.u_matrix.obuf write port 31.
  Analyzing alapeno_tile_ctrl.u_matrix.obuf write port 32.
  Analyzing alapeno_tile_ctrl.u_matrix.obuf write port 33.
  Analyzing alapeno_tile_ctrl.u_matrix.obuf write port 34.
  Analyzing alapeno_tile_ctrl.u_matrix.obuf write port 35.
  Analyzing alapeno_tile_ctrl.u_matrix.obuf write port 36.
  Analyzing alapeno_tile_ctrl.u_matrix.obuf write port 37.
  Analyzing alapeno_tile_ctrl.u_matrix.obuf write port 38.
  Analyzing alapeno_tile_ctrl.u_matrix.obuf write port 39.
  Analyzing alapeno_tile_ctrl.u_matrix.obuf write port 40.
  Analyzing alapeno_tile_ctrl.u_matrix.obuf write port 41.
  Analyzing alapeno_tile_ctrl.u_matrix.obuf write port 42.
  Analyzing alapeno_tile_ctrl.u_matrix.obuf write port 43.
  Analyzing alapeno_tile_ctrl.u_matrix.obuf write port 44.
  Analyzing alapeno_tile_ctrl.u_matrix.obuf write port 45.
  Analyzing alapeno_tile_ctrl.u_matrix.obuf write port 46.
  Analyzing alapeno_tile_ctrl.u_matrix.obuf write port 47.
  Analyzing alapeno_tile_ctrl.u_matrix.obuf write port 48.
  Analyzing alapeno_tile_ctrl.u_matrix.obuf write port 49.
  Analyzing alapeno_tile_ctrl.u_matrix.obuf write port 50.
  Analyzing alapeno_tile_ctrl.u_matrix.obuf write port 51.
  Analyzing alapeno_tile_ctrl.u_matrix.obuf write port 52.
  Analyzing alapeno_tile_ctrl.u_matrix.obuf write port 53.
  Analyzing alapeno_tile_ctrl.u_matrix.obuf write port 54.
  Analyzing alapeno_tile_ctrl.u_matrix.obuf write port 55.
  Analyzing alapeno_tile_ctrl.u_matrix.obuf write port 56.
  Analyzing alapeno_tile_ctrl.u_matrix.obuf write port 57.
  Analyzing alapeno_tile_ctrl.u_matrix.obuf write port 58.
  Analyzing alapeno_tile_ctrl.u_matrix.obuf write port 59.
  Analyzing alapeno_tile_ctrl.u_matrix.obuf write port 60.
  Analyzing alapeno_tile_ctrl.u_matrix.obuf write port 61.
  Analyzing alapeno_tile_ctrl.u_matrix.obuf write port 62.
  Analyzing alapeno_tile_ctrl.u_matrix.obuf write port 63.
  Analyzing alapeno_tile_ctrl.u_matrix.obuf write port 64.
  Analyzing alapeno_tile_ctrl.u_matrix.obuf write port 65.
  Analyzing alapeno_tile_ctrl.u_matrix.obuf write port 66.
  Analyzing alapeno_tile_ctrl.u_matrix.obuf write port 67.
  Analyzing alapeno_tile_ctrl.u_matrix.obuf write port 68.
  Analyzing alapeno_tile_ctrl.u_matrix.obuf write port 69.
  Analyzing alapeno_tile_ctrl.u_matrix.obuf write port 70.
  Analyzing alapeno_tile_ctrl.u_matrix.obuf write port 71.
  Analyzing alapeno_tile_ctrl.u_matrix.obuf write port 72.
  Analyzing alapeno_tile_ctrl.u_matrix.obuf write port 73.
  Analyzing alapeno_tile_ctrl.u_matrix.obuf write port 74.
  Analyzing alapeno_tile_ctrl.u_matrix.obuf write port 75.
  Analyzing alapeno_tile_ctrl.u_matrix.obuf write port 76.
  Analyzing alapeno_tile_ctrl.u_matrix.obuf write port 77.
  Analyzing alapeno_tile_ctrl.u_matrix.obuf write port 78.
  Analyzing alapeno_tile_ctrl.u_matrix.obuf write port 79.

7.4. Executing MEMORY_BMUX2ROM pass (converting muxes to ROMs).

7.5. Executing MEMORY_DFF pass (merging $dff cells to $memrd).
Checking read port `\u_matrix.obuf'[0] in module `\alapeno_tile_ctrl': merging output FF to cell.
    Write port 0: don't care on collision.
    Write port 1: don't care on collision.
    Write port 2: don't care on collision.
    Write port 3: don't care on collision.
    Write port 4: don't care on collision.
    Write port 5: don't care on collision.
    Write port 6: don't care on collision.
    Write port 7: don't care on collision.
    Write port 8: don't care on collision.
    Write port 9: don't care on collision.
    Write port 10: don't care on collision.
    Write port 11: don't care on collision.
    Write port 12: don't care on collision.
    Write port 13: don't care on collision.
    Write port 14: don't care on collision.
    Write port 15: don't care on collision.
    Write port 16: don't care on collision.
    Write port 17: don't care on collision.
    Write port 18: don't care on collision.
    Write port 19: don't care on collision.
    Write port 20: don't care on collision.
    Write port 21: don't care on collision.
    Write port 22: don't care on collision.
    Write port 23: don't care on collision.
    Write port 24: don't care on collision.
    Write port 25: don't care on collision.
    Write port 26: don't care on collision.
    Write port 27: don't care on collision.
    Write port 28: don't care on collision.
    Write port 29: don't care on collision.
    Write port 30: don't care on collision.
    Write port 31: don't care on collision.
    Write port 32: don't care on collision.
    Write port 33: don't care on collision.
    Write port 34: don't care on collision.
    Write port 35: don't care on collision.
    Write port 36: don't care on collision.
    Write port 37: don't care on collision.
    Write port 38: don't care on collision.
    Write port 39: don't care on collision.
    Write port 40: don't care on collision.
    Write port 41: don't care on collision.
    Write port 42: don't care on collision.
    Write port 43: don't care on collision.
    Write port 44: don't care on collision.
    Write port 45: don't care on collision.
    Write port 46: don't care on collision.
    Write port 47: don't care on collision.
    Write port 48: don't care on collision.
    Write port 49: don't care on collision.
    Write port 50: don't care on collision.
    Write port 51: don't care on collision.
    Write port 52: don't care on collision.
    Write port 53: don't care on collision.
    Write port 54: don't care on collision.
    Write port 55: don't care on collision.
    Write port 56: don't care on collision.
    Write port 57: don't care on collision.
    Write port 58: don't care on collision.
    Write port 59: don't care on collision.
    Write port 60: don't care on collision.
    Write port 61: don't care on collision.
    Write port 62: don't care on collision.
    Write port 63: don't care on collision.
    Write port 64: don't care on collision.
    Write port 65: don't care on collision.
    Write port 66: don't care on collision.
    Write port 67: don't care on collision.
    Write port 68: don't care on collision.
    Write port 69: don't care on collision.
    Write port 70: don't care on collision.
    Write port 71: don't care on collision.
    Write port 72: don't care on collision.
    Write port 73: don't care on collision.
    Write port 74: don't care on collision.
    Write port 75: don't care on collision.
    Write port 76: don't care on collision.
    Write port 77: don't care on collision.
    Write port 78: don't care on collision.
    Write port 79: don't care on collision.
Checking read port `\u_matrix.obuf'[1] in module `\alapeno_tile_ctrl': merging output FF to cell.
    Write port 0: don't care on collision.
    Write port 1: don't care on collision.
    Write port 2: don't care on collision.
    Write port 3: don't care on collision.
    Write port 4: don't care on collision.
    Write port 5: don't care on collision.
    Write port 6: don't care on collision.
    Write port 7: don't care on collision.
    Write port 8: don't care on collision.
    Write port 9: don't care on collision.
    Write port 10: don't care on collision.
    Write port 11: don't care on collision.
    Write port 12: don't care on collision.
    Write port 13: don't care on collision.
    Write port 14: don't care on collision.
    Write port 15: don't care on collision.
    Write port 16: don't care on collision.
    Write port 17: don't care on collision.
    Write port 18: don't care on collision.
    Write port 19: don't care on collision.
    Write port 20: don't care on collision.
    Write port 21: don't care on collision.
    Write port 22: don't care on collision.
    Write port 23: don't care on collision.
    Write port 24: don't care on collision.
    Write port 25: don't care on collision.
    Write port 26: don't care on collision.
    Write port 27: don't care on collision.
    Write port 28: don't care on collision.
    Write port 29: don't care on collision.
    Write port 30: don't care on collision.
    Write port 31: don't care on collision.
    Write port 32: don't care on collision.
    Write port 33: don't care on collision.
    Write port 34: don't care on collision.
    Write port 35: don't care on collision.
    Write port 36: don't care on collision.
    Write port 37: don't care on collision.
    Write port 38: don't care on collision.
    Write port 39: don't care on collision.
    Write port 40: don't care on collision.
    Write port 41: don't care on collision.
    Write port 42: don't care on collision.
    Write port 43: don't care on collision.
    Write port 44: don't care on collision.
    Write port 45: don't care on collision.
    Write port 46: don't care on collision.
    Write port 47: don't care on collision.
    Write port 48: don't care on collision.
    Write port 49: don't care on collision.
    Write port 50: don't care on collision.
    Write port 51: don't care on collision.
    Write port 52: don't care on collision.
    Write port 53: don't care on collision.
    Write port 54: don't care on collision.
    Write port 55: don't care on collision.
    Write port 56: don't care on collision.
    Write port 57: don't care on collision.
    Write port 58: don't care on collision.
    Write port 59: don't care on collision.
    Write port 60: don't care on collision.
    Write port 61: don't care on collision.
    Write port 62: don't care on collision.
    Write port 63: don't care on collision.
    Write port 64: don't care on collision.
    Write port 65: don't care on collision.
    Write port 66: don't care on collision.
    Write port 67: don't care on collision.
    Write port 68: don't care on collision.
    Write port 69: don't care on collision.
    Write port 70: don't care on collision.
    Write port 71: don't care on collision.
    Write port 72: don't care on collision.
    Write port 73: don't care on collision.
    Write port 74: don't care on collision.
    Write port 75: don't care on collision.
    Write port 76: don't care on collision.
    Write port 77: don't care on collision.
    Write port 78: don't care on collision.
    Write port 79: don't care on collision.
Checking read port `\u_matrix.obuf'[2] in module `\alapeno_tile_ctrl': merging output FF to cell.
    Write port 0: don't care on collision.
    Write port 1: don't care on collision.
    Write port 2: don't care on collision.
    Write port 3: don't care on collision.
    Write port 4: don't care on collision.
    Write port 5: don't care on collision.
    Write port 6: don't care on collision.
    Write port 7: don't care on collision.
    Write port 8: don't care on collision.
    Write port 9: don't care on collision.
    Write port 10: don't care on collision.
    Write port 11: don't care on collision.
    Write port 12: don't care on collision.
    Write port 13: don't care on collision.
    Write port 14: don't care on collision.
    Write port 15: don't care on collision.
    Write port 16: don't care on collision.
    Write port 17: don't care on collision.
    Write port 18: don't care on collision.
    Write port 19: don't care on collision.
    Write port 20: don't care on collision.
    Write port 21: don't care on collision.
    Write port 22: don't care on collision.
    Write port 23: don't care on collision.
    Write port 24: don't care on collision.
    Write port 25: don't care on collision.
    Write port 26: don't care on collision.
    Write port 27: don't care on collision.
    Write port 28: don't care on collision.
    Write port 29: don't care on collision.
    Write port 30: don't care on collision.
    Write port 31: don't care on collision.
    Write port 32: don't care on collision.
    Write port 33: don't care on collision.
    Write port 34: don't care on collision.
    Write port 35: don't care on collision.
    Write port 36: don't care on collision.
    Write port 37: don't care on collision.
    Write port 38: don't care on collision.
    Write port 39: don't care on collision.
    Write port 40: don't care on collision.
    Write port 41: don't care on collision.
    Write port 42: don't care on collision.
    Write port 43: don't care on collision.
    Write port 44: don't care on collision.
    Write port 45: don't care on collision.
    Write port 46: don't care on collision.
    Write port 47: don't care on collision.
    Write port 48: don't care on collision.
    Write port 49: don't care on collision.
    Write port 50: don't care on collision.
    Write port 51: don't care on collision.
    Write port 52: don't care on collision.
    Write port 53: don't care on collision.
    Write port 54: don't care on collision.
    Write port 55: don't care on collision.
    Write port 56: don't care on collision.
    Write port 57: don't care on collision.
    Write port 58: don't care on collision.
    Write port 59: don't care on collision.
    Write port 60: don't care on collision.
    Write port 61: don't care on collision.
    Write port 62: don't care on collision.
    Write port 63: don't care on collision.
    Write port 64: don't care on collision.
    Write port 65: don't care on collision.
    Write port 66: don't care on collision.
    Write port 67: don't care on collision.
    Write port 68: don't care on collision.
    Write port 69: don't care on collision.
    Write port 70: don't care on collision.
    Write port 71: don't care on collision.
    Write port 72: don't care on collision.
    Write port 73: don't care on collision.
    Write port 74: don't care on collision.
    Write port 75: don't care on collision.
    Write port 76: don't care on collision.
    Write port 77: don't care on collision.
    Write port 78: don't care on collision.
    Write port 79: don't care on collision.
Checking read port `\u_matrix.obuf'[3] in module `\alapeno_tile_ctrl': merging output FF to cell.
    Write port 0: don't care on collision.
    Write port 1: don't care on collision.
    Write port 2: don't care on collision.
    Write port 3: don't care on collision.
    Write port 4: don't care on collision.
    Write port 5: don't care on collision.
    Write port 6: don't care on collision.
    Write port 7: don't care on collision.
    Write port 8: don't care on collision.
    Write port 9: don't care on collision.
    Write port 10: don't care on collision.
    Write port 11: don't care on collision.
    Write port 12: don't care on collision.
    Write port 13: don't care on collision.
    Write port 14: don't care on collision.
    Write port 15: don't care on collision.
    Write port 16: don't care on collision.
    Write port 17: don't care on collision.
    Write port 18: don't care on collision.
    Write port 19: don't care on collision.
    Write port 20: don't care on collision.
    Write port 21: don't care on collision.
    Write port 22: don't care on collision.
    Write port 23: don't care on collision.
    Write port 24: don't care on collision.
    Write port 25: don't care on collision.
    Write port 26: don't care on collision.
    Write port 27: don't care on collision.
    Write port 28: don't care on collision.
    Write port 29: don't care on collision.
    Write port 30: don't care on collision.
    Write port 31: don't care on collision.
    Write port 32: don't care on collision.
    Write port 33: don't care on collision.
    Write port 34: don't care on collision.
    Write port 35: don't care on collision.
    Write port 36: don't care on collision.
    Write port 37: don't care on collision.
    Write port 38: don't care on collision.
    Write port 39: don't care on collision.
    Write port 40: don't care on collision.
    Write port 41: don't care on collision.
    Write port 42: don't care on collision.
    Write port 43: don't care on collision.
    Write port 44: don't care on collision.
    Write port 45: don't care on collision.
    Write port 46: don't care on collision.
    Write port 47: don't care on collision.
    Write port 48: don't care on collision.
    Write port 49: don't care on collision.
    Write port 50: don't care on collision.
    Write port 51: don't care on collision.
    Write port 52: don't care on collision.
    Write port 53: don't care on collision.
    Write port 54: don't care on collision.
    Write port 55: don't care on collision.
    Write port 56: don't care on collision.
    Write port 57: don't care on collision.
    Write port 58: don't care on collision.
    Write port 59: don't care on collision.
    Write port 60: don't care on collision.
    Write port 61: don't care on collision.
    Write port 62: don't care on collision.
    Write port 63: don't care on collision.
    Write port 64: don't care on collision.
    Write port 65: don't care on collision.
    Write port 66: don't care on collision.
    Write port 67: don't care on collision.
    Write port 68: don't care on collision.
    Write port 69: don't care on collision.
    Write port 70: don't care on collision.
    Write port 71: don't care on collision.
    Write port 72: don't care on collision.
    Write port 73: don't care on collision.
    Write port 74: don't care on collision.
    Write port 75: don't care on collision.
    Write port 76: don't care on collision.
    Write port 77: don't care on collision.
    Write port 78: don't care on collision.
    Write port 79: don't care on collision.
Checking read port `\u_matrix.obuf'[4] in module `\alapeno_tile_ctrl': merging output FF to cell.
    Write port 0: don't care on collision.
    Write port 1: don't care on collision.
    Write port 2: don't care on collision.
    Write port 3: don't care on collision.
    Write port 4: don't care on collision.
    Write port 5: don't care on collision.
    Write port 6: don't care on collision.
    Write port 7: don't care on collision.
    Write port 8: don't care on collision.
    Write port 9: don't care on collision.
    Write port 10: don't care on collision.
    Write port 11: don't care on collision.
    Write port 12: don't care on collision.
    Write port 13: don't care on collision.
    Write port 14: don't care on collision.
    Write port 15: don't care on collision.
    Write port 16: don't care on collision.
    Write port 17: don't care on collision.
    Write port 18: don't care on collision.
    Write port 19: don't care on collision.
    Write port 20: don't care on collision.
    Write port 21: don't care on collision.
    Write port 22: don't care on collision.
    Write port 23: don't care on collision.
    Write port 24: don't care on collision.
    Write port 25: don't care on collision.
    Write port 26: don't care on collision.
    Write port 27: don't care on collision.
    Write port 28: don't care on collision.
    Write port 29: don't care on collision.
    Write port 30: don't care on collision.
    Write port 31: don't care on collision.
    Write port 32: don't care on collision.
    Write port 33: don't care on collision.
    Write port 34: don't care on collision.
    Write port 35: don't care on collision.
    Write port 36: don't care on collision.
    Write port 37: don't care on collision.
    Write port 38: don't care on collision.
    Write port 39: don't care on collision.
    Write port 40: don't care on collision.
    Write port 41: don't care on collision.
    Write port 42: don't care on collision.
    Write port 43: don't care on collision.
    Write port 44: don't care on collision.
    Write port 45: don't care on collision.
    Write port 46: don't care on collision.
    Write port 47: don't care on collision.
    Write port 48: don't care on collision.
    Write port 49: don't care on collision.
    Write port 50: don't care on collision.
    Write port 51: don't care on collision.
    Write port 52: don't care on collision.
    Write port 53: don't care on collision.
    Write port 54: don't care on collision.
    Write port 55: don't care on collision.
    Write port 56: don't care on collision.
    Write port 57: don't care on collision.
    Write port 58: don't care on collision.
    Write port 59: don't care on collision.
    Write port 60: don't care on collision.
    Write port 61: don't care on collision.
    Write port 62: don't care on collision.
    Write port 63: don't care on collision.
    Write port 64: don't care on collision.
    Write port 65: don't care on collision.
    Write port 66: don't care on collision.
    Write port 67: don't care on collision.
    Write port 68: don't care on collision.
    Write port 69: don't care on collision.
    Write port 70: don't care on collision.
    Write port 71: don't care on collision.
    Write port 72: don't care on collision.
    Write port 73: don't care on collision.
    Write port 74: don't care on collision.
    Write port 75: don't care on collision.
    Write port 76: don't care on collision.
    Write port 77: don't care on collision.
    Write port 78: don't care on collision.
    Write port 79: don't care on collision.
Checking read port `\u_matrix.obuf'[5] in module `\alapeno_tile_ctrl': merging output FF to cell.
    Write port 0: don't care on collision.
    Write port 1: don't care on collision.
    Write port 2: don't care on collision.
    Write port 3: don't care on collision.
    Write port 4: don't care on collision.
    Write port 5: don't care on collision.
    Write port 6: don't care on collision.
    Write port 7: don't care on collision.
    Write port 8: don't care on collision.
    Write port 9: don't care on collision.
    Write port 10: don't care on collision.
    Write port 11: don't care on collision.
    Write port 12: don't care on collision.
    Write port 13: don't care on collision.
    Write port 14: don't care on collision.
    Write port 15: don't care on collision.
    Write port 16: don't care on collision.
    Write port 17: don't care on collision.
    Write port 18: don't care on collision.
    Write port 19: don't care on collision.
    Write port 20: don't care on collision.
    Write port 21: don't care on collision.
    Write port 22: don't care on collision.
    Write port 23: don't care on collision.
    Write port 24: don't care on collision.
    Write port 25: don't care on collision.
    Write port 26: don't care on collision.
    Write port 27: don't care on collision.
    Write port 28: don't care on collision.
    Write port 29: don't care on collision.
    Write port 30: don't care on collision.
    Write port 31: don't care on collision.
    Write port 32: don't care on collision.
    Write port 33: don't care on collision.
    Write port 34: don't care on collision.
    Write port 35: don't care on collision.
    Write port 36: don't care on collision.
    Write port 37: don't care on collision.
    Write port 38: don't care on collision.
    Write port 39: don't care on collision.
    Write port 40: don't care on collision.
    Write port 41: don't care on collision.
    Write port 42: don't care on collision.
    Write port 43: don't care on collision.
    Write port 44: don't care on collision.
    Write port 45: don't care on collision.
    Write port 46: don't care on collision.
    Write port 47: don't care on collision.
    Write port 48: don't care on collision.
    Write port 49: don't care on collision.
    Write port 50: don't care on collision.
    Write port 51: don't care on collision.
    Write port 52: don't care on collision.
    Write port 53: don't care on collision.
    Write port 54: don't care on collision.
    Write port 55: don't care on collision.
    Write port 56: don't care on collision.
    Write port 57: don't care on collision.
    Write port 58: don't care on collision.
    Write port 59: don't care on collision.
    Write port 60: don't care on collision.
    Write port 61: don't care on collision.
    Write port 62: don't care on collision.
    Write port 63: don't care on collision.
    Write port 64: don't care on collision.
    Write port 65: don't care on collision.
    Write port 66: don't care on collision.
    Write port 67: don't care on collision.
    Write port 68: don't care on collision.
    Write port 69: don't care on collision.
    Write port 70: don't care on collision.
    Write port 71: don't care on collision.
    Write port 72: don't care on collision.
    Write port 73: don't care on collision.
    Write port 74: don't care on collision.
    Write port 75: don't care on collision.
    Write port 76: don't care on collision.
    Write port 77: don't care on collision.
    Write port 78: don't care on collision.
    Write port 79: don't care on collision.
Checking read port `\u_matrix.obuf'[6] in module `\alapeno_tile_ctrl': merging output FF to cell.
    Write port 0: don't care on collision.
    Write port 1: don't care on collision.
    Write port 2: don't care on collision.
    Write port 3: don't care on collision.
    Write port 4: don't care on collision.
    Write port 5: don't care on collision.
    Write port 6: don't care on collision.
    Write port 7: don't care on collision.
    Write port 8: don't care on collision.
    Write port 9: don't care on collision.
    Write port 10: don't care on collision.
    Write port 11: don't care on collision.
    Write port 12: don't care on collision.
    Write port 13: don't care on collision.
    Write port 14: don't care on collision.
    Write port 15: don't care on collision.
    Write port 16: don't care on collision.
    Write port 17: don't care on collision.
    Write port 18: don't care on collision.
    Write port 19: don't care on collision.
    Write port 20: don't care on collision.
    Write port 21: don't care on collision.
    Write port 22: don't care on collision.
    Write port 23: don't care on collision.
    Write port 24: don't care on collision.
    Write port 25: don't care on collision.
    Write port 26: don't care on collision.
    Write port 27: don't care on collision.
    Write port 28: don't care on collision.
    Write port 29: don't care on collision.
    Write port 30: don't care on collision.
    Write port 31: don't care on collision.
    Write port 32: don't care on collision.
    Write port 33: don't care on collision.
    Write port 34: don't care on collision.
    Write port 35: don't care on collision.
    Write port 36: don't care on collision.
    Write port 37: don't care on collision.
    Write port 38: don't care on collision.
    Write port 39: don't care on collision.
    Write port 40: don't care on collision.
    Write port 41: don't care on collision.
    Write port 42: don't care on collision.
    Write port 43: don't care on collision.
    Write port 44: don't care on collision.
    Write port 45: don't care on collision.
    Write port 46: don't care on collision.
    Write port 47: don't care on collision.
    Write port 48: don't care on collision.
    Write port 49: don't care on collision.
    Write port 50: don't care on collision.
    Write port 51: don't care on collision.
    Write port 52: don't care on collision.
    Write port 53: don't care on collision.
    Write port 54: don't care on collision.
    Write port 55: don't care on collision.
    Write port 56: don't care on collision.
    Write port 57: don't care on collision.
    Write port 58: don't care on collision.
    Write port 59: don't care on collision.
    Write port 60: don't care on collision.
    Write port 61: don't care on collision.
    Write port 62: don't care on collision.
    Write port 63: don't care on collision.
    Write port 64: don't care on collision.
    Write port 65: don't care on collision.
    Write port 66: don't care on collision.
    Write port 67: don't care on collision.
    Write port 68: don't care on collision.
    Write port 69: don't care on collision.
    Write port 70: don't care on collision.
    Write port 71: don't care on collision.
    Write port 72: don't care on collision.
    Write port 73: don't care on collision.
    Write port 74: don't care on collision.
    Write port 75: don't care on collision.
    Write port 76: don't care on collision.
    Write port 77: don't care on collision.
    Write port 78: don't care on collision.
    Write port 79: don't care on collision.
Checking read port `\u_matrix.obuf'[7] in module `\alapeno_tile_ctrl': merging output FF to cell.
    Write port 0: don't care on collision.
    Write port 1: don't care on collision.
    Write port 2: don't care on collision.
    Write port 3: don't care on collision.
    Write port 4: don't care on collision.
    Write port 5: don't care on collision.
    Write port 6: don't care on collision.
    Write port 7: don't care on collision.
    Write port 8: don't care on collision.
    Write port 9: don't care on collision.
    Write port 10: don't care on collision.
    Write port 11: don't care on collision.
    Write port 12: don't care on collision.
    Write port 13: don't care on collision.
    Write port 14: don't care on collision.
    Write port 15: don't care on collision.
    Write port 16: don't care on collision.
    Write port 17: don't care on collision.
    Write port 18: don't care on collision.
    Write port 19: don't care on collision.
    Write port 20: don't care on collision.
    Write port 21: don't care on collision.
    Write port 22: don't care on collision.
    Write port 23: don't care on collision.
    Write port 24: don't care on collision.
    Write port 25: don't care on collision.
    Write port 26: don't care on collision.
    Write port 27: don't care on collision.
    Write port 28: don't care on collision.
    Write port 29: don't care on collision.
    Write port 30: don't care on collision.
    Write port 31: don't care on collision.
    Write port 32: don't care on collision.
    Write port 33: don't care on collision.
    Write port 34: don't care on collision.
    Write port 35: don't care on collision.
    Write port 36: don't care on collision.
    Write port 37: don't care on collision.
    Write port 38: don't care on collision.
    Write port 39: don't care on collision.
    Write port 40: don't care on collision.
    Write port 41: don't care on collision.
    Write port 42: don't care on collision.
    Write port 43: don't care on collision.
    Write port 44: don't care on collision.
    Write port 45: don't care on collision.
    Write port 46: don't care on collision.
    Write port 47: don't care on collision.
    Write port 48: don't care on collision.
    Write port 49: don't care on collision.
    Write port 50: don't care on collision.
    Write port 51: don't care on collision.
    Write port 52: don't care on collision.
    Write port 53: don't care on collision.
    Write port 54: don't care on collision.
    Write port 55: don't care on collision.
    Write port 56: don't care on collision.
    Write port 57: don't care on collision.
    Write port 58: don't care on collision.
    Write port 59: don't care on collision.
    Write port 60: don't care on collision.
    Write port 61: don't care on collision.
    Write port 62: don't care on collision.
    Write port 63: don't care on collision.
    Write port 64: don't care on collision.
    Write port 65: don't care on collision.
    Write port 66: don't care on collision.
    Write port 67: don't care on collision.
    Write port 68: don't care on collision.
    Write port 69: don't care on collision.
    Write port 70: don't care on collision.
    Write port 71: don't care on collision.
    Write port 72: don't care on collision.
    Write port 73: don't care on collision.
    Write port 74: don't care on collision.
    Write port 75: don't care on collision.
    Write port 76: don't care on collision.
    Write port 77: don't care on collision.
    Write port 78: don't care on collision.
    Write port 79: don't care on collision.
Checking read port `\u_matrix.obuf'[8] in module `\alapeno_tile_ctrl': merging output FF to cell.
    Write port 0: don't care on collision.
    Write port 1: don't care on collision.
    Write port 2: don't care on collision.
    Write port 3: don't care on collision.
    Write port 4: don't care on collision.
    Write port 5: don't care on collision.
    Write port 6: don't care on collision.
    Write port 7: don't care on collision.
    Write port 8: don't care on collision.
    Write port 9: don't care on collision.
    Write port 10: don't care on collision.
    Write port 11: don't care on collision.
    Write port 12: don't care on collision.
    Write port 13: don't care on collision.
    Write port 14: don't care on collision.
    Write port 15: don't care on collision.
    Write port 16: don't care on collision.
    Write port 17: don't care on collision.
    Write port 18: don't care on collision.
    Write port 19: don't care on collision.
    Write port 20: don't care on collision.
    Write port 21: don't care on collision.
    Write port 22: don't care on collision.
    Write port 23: don't care on collision.
    Write port 24: don't care on collision.
    Write port 25: don't care on collision.
    Write port 26: don't care on collision.
    Write port 27: don't care on collision.
    Write port 28: don't care on collision.
    Write port 29: don't care on collision.
    Write port 30: don't care on collision.
    Write port 31: don't care on collision.
    Write port 32: don't care on collision.
    Write port 33: don't care on collision.
    Write port 34: don't care on collision.
    Write port 35: don't care on collision.
    Write port 36: don't care on collision.
    Write port 37: don't care on collision.
    Write port 38: don't care on collision.
    Write port 39: don't care on collision.
    Write port 40: don't care on collision.
    Write port 41: don't care on collision.
    Write port 42: don't care on collision.
    Write port 43: don't care on collision.
    Write port 44: don't care on collision.
    Write port 45: don't care on collision.
    Write port 46: don't care on collision.
    Write port 47: don't care on collision.
    Write port 48: don't care on collision.
    Write port 49: don't care on collision.
    Write port 50: don't care on collision.
    Write port 51: don't care on collision.
    Write port 52: don't care on collision.
    Write port 53: don't care on collision.
    Write port 54: don't care on collision.
    Write port 55: don't care on collision.
    Write port 56: don't care on collision.
    Write port 57: don't care on collision.
    Write port 58: don't care on collision.
    Write port 59: don't care on collision.
    Write port 60: don't care on collision.
    Write port 61: don't care on collision.
    Write port 62: don't care on collision.
    Write port 63: don't care on collision.
    Write port 64: don't care on collision.
    Write port 65: don't care on collision.
    Write port 66: don't care on collision.
    Write port 67: don't care on collision.
    Write port 68: don't care on collision.
    Write port 69: don't care on collision.
    Write port 70: don't care on collision.
    Write port 71: don't care on collision.
    Write port 72: don't care on collision.
    Write port 73: don't care on collision.
    Write port 74: don't care on collision.
    Write port 75: don't care on collision.
    Write port 76: don't care on collision.
    Write port 77: don't care on collision.
    Write port 78: don't care on collision.
    Write port 79: don't care on collision.
Checking read port `\u_matrix.obuf'[9] in module `\alapeno_tile_ctrl': merging output FF to cell.
    Write port 0: don't care on collision.
    Write port 1: don't care on collision.
    Write port 2: don't care on collision.
    Write port 3: don't care on collision.
    Write port 4: don't care on collision.
    Write port 5: don't care on collision.
    Write port 6: don't care on collision.
    Write port 7: don't care on collision.
    Write port 8: don't care on collision.
    Write port 9: don't care on collision.
    Write port 10: don't care on collision.
    Write port 11: don't care on collision.
    Write port 12: don't care on collision.
    Write port 13: don't care on collision.
    Write port 14: don't care on collision.
    Write port 15: don't care on collision.
    Write port 16: don't care on collision.
    Write port 17: don't care on collision.
    Write port 18: don't care on collision.
    Write port 19: don't care on collision.
    Write port 20: don't care on collision.
    Write port 21: don't care on collision.
    Write port 22: don't care on collision.
    Write port 23: don't care on collision.
    Write port 24: don't care on collision.
    Write port 25: don't care on collision.
    Write port 26: don't care on collision.
    Write port 27: don't care on collision.
    Write port 28: don't care on collision.
    Write port 29: don't care on collision.
    Write port 30: don't care on collision.
    Write port 31: don't care on collision.
    Write port 32: don't care on collision.
    Write port 33: don't care on collision.
    Write port 34: don't care on collision.
    Write port 35: don't care on collision.
    Write port 36: don't care on collision.
    Write port 37: don't care on collision.
    Write port 38: don't care on collision.
    Write port 39: don't care on collision.
    Write port 40: don't care on collision.
    Write port 41: don't care on collision.
    Write port 42: don't care on collision.
    Write port 43: don't care on collision.
    Write port 44: don't care on collision.
    Write port 45: don't care on collision.
    Write port 46: don't care on collision.
    Write port 47: don't care on collision.
    Write port 48: don't care on collision.
    Write port 49: don't care on collision.
    Write port 50: don't care on collision.
    Write port 51: don't care on collision.
    Write port 52: don't care on collision.
    Write port 53: don't care on collision.
    Write port 54: don't care on collision.
    Write port 55: don't care on collision.
    Write port 56: don't care on collision.
    Write port 57: don't care on collision.
    Write port 58: don't care on collision.
    Write port 59: don't care on collision.
    Write port 60: don't care on collision.
    Write port 61: don't care on collision.
    Write port 62: don't care on collision.
    Write port 63: don't care on collision.
    Write port 64: don't care on collision.
    Write port 65: don't care on collision.
    Write port 66: don't care on collision.
    Write port 67: don't care on collision.
    Write port 68: don't care on collision.
    Write port 69: don't care on collision.
    Write port 70: don't care on collision.
    Write port 71: don't care on collision.
    Write port 72: don't care on collision.
    Write port 73: don't care on collision.
    Write port 74: don't care on collision.
    Write port 75: don't care on collision.
    Write port 76: don't care on collision.
    Write port 77: don't care on collision.
    Write port 78: don't care on collision.
    Write port 79: don't care on collision.
Checking read port `\u_matrix.obuf'[10] in module `\alapeno_tile_ctrl': merging output FF to cell.
    Write port 0: don't care on collision.
    Write port 1: don't care on collision.
    Write port 2: don't care on collision.
    Write port 3: don't care on collision.
    Write port 4: don't care on collision.
    Write port 5: don't care on collision.
    Write port 6: don't care on collision.
    Write port 7: don't care on collision.
    Write port 8: don't care on collision.
    Write port 9: don't care on collision.
    Write port 10: don't care on collision.
    Write port 11: don't care on collision.
    Write port 12: don't care on collision.
    Write port 13: don't care on collision.
    Write port 14: don't care on collision.
    Write port 15: don't care on collision.
    Write port 16: don't care on collision.
    Write port 17: don't care on collision.
    Write port 18: don't care on collision.
    Write port 19: don't care on collision.
    Write port 20: don't care on collision.
    Write port 21: don't care on collision.
    Write port 22: don't care on collision.
    Write port 23: don't care on collision.
    Write port 24: don't care on collision.
    Write port 25: don't care on collision.
    Write port 26: don't care on collision.
    Write port 27: don't care on collision.
    Write port 28: don't care on collision.
    Write port 29: don't care on collision.
    Write port 30: don't care on collision.
    Write port 31: don't care on collision.
    Write port 32: don't care on collision.
    Write port 33: don't care on collision.
    Write port 34: don't care on collision.
    Write port 35: don't care on collision.
    Write port 36: don't care on collision.
    Write port 37: don't care on collision.
    Write port 38: don't care on collision.
    Write port 39: don't care on collision.
    Write port 40: don't care on collision.
    Write port 41: don't care on collision.
    Write port 42: don't care on collision.
    Write port 43: don't care on collision.
    Write port 44: don't care on collision.
    Write port 45: don't care on collision.
    Write port 46: don't care on collision.
    Write port 47: don't care on collision.
    Write port 48: don't care on collision.
    Write port 49: don't care on collision.
    Write port 50: don't care on collision.
    Write port 51: don't care on collision.
    Write port 52: don't care on collision.
    Write port 53: don't care on collision.
    Write port 54: don't care on collision.
    Write port 55: don't care on collision.
    Write port 56: don't care on collision.
    Write port 57: don't care on collision.
    Write port 58: don't care on collision.
    Write port 59: don't care on collision.
    Write port 60: don't care on collision.
    Write port 61: don't care on collision.
    Write port 62: don't care on collision.
    Write port 63: don't care on collision.
    Write port 64: don't care on collision.
    Write port 65: don't care on collision.
    Write port 66: don't care on collision.
    Write port 67: don't care on collision.
    Write port 68: don't care on collision.
    Write port 69: don't care on collision.
    Write port 70: don't care on collision.
    Write port 71: don't care on collision.
    Write port 72: don't care on collision.
    Write port 73: don't care on collision.
    Write port 74: don't care on collision.
    Write port 75: don't care on collision.
    Write port 76: don't care on collision.
    Write port 77: don't care on collision.
    Write port 78: don't care on collision.
    Write port 79: don't care on collision.
Checking read port `\u_matrix.obuf'[11] in module `\alapeno_tile_ctrl': merging output FF to cell.
    Write port 0: don't care on collision.
    Write port 1: don't care on collision.
    Write port 2: don't care on collision.
    Write port 3: don't care on collision.
    Write port 4: don't care on collision.
    Write port 5: don't care on collision.
    Write port 6: don't care on collision.
    Write port 7: don't care on collision.
    Write port 8: don't care on collision.
    Write port 9: don't care on collision.
    Write port 10: don't care on collision.
    Write port 11: don't care on collision.
    Write port 12: don't care on collision.
    Write port 13: don't care on collision.
    Write port 14: don't care on collision.
    Write port 15: don't care on collision.
    Write port 16: don't care on collision.
    Write port 17: don't care on collision.
    Write port 18: don't care on collision.
    Write port 19: don't care on collision.
    Write port 20: don't care on collision.
    Write port 21: don't care on collision.
    Write port 22: don't care on collision.
    Write port 23: don't care on collision.
    Write port 24: don't care on collision.
    Write port 25: don't care on collision.
    Write port 26: don't care on collision.
    Write port 27: don't care on collision.
    Write port 28: don't care on collision.
    Write port 29: don't care on collision.
    Write port 30: don't care on collision.
    Write port 31: don't care on collision.
    Write port 32: don't care on collision.
    Write port 33: don't care on collision.
    Write port 34: don't care on collision.
    Write port 35: don't care on collision.
    Write port 36: don't care on collision.
    Write port 37: don't care on collision.
    Write port 38: don't care on collision.
    Write port 39: don't care on collision.
    Write port 40: don't care on collision.
    Write port 41: don't care on collision.
    Write port 42: don't care on collision.
    Write port 43: don't care on collision.
    Write port 44: don't care on collision.
    Write port 45: don't care on collision.
    Write port 46: don't care on collision.
    Write port 47: don't care on collision.
    Write port 48: don't care on collision.
    Write port 49: don't care on collision.
    Write port 50: don't care on collision.
    Write port 51: don't care on collision.
    Write port 52: don't care on collision.
    Write port 53: don't care on collision.
    Write port 54: don't care on collision.
    Write port 55: don't care on collision.
    Write port 56: don't care on collision.
    Write port 57: don't care on collision.
    Write port 58: don't care on collision.
    Write port 59: don't care on collision.
    Write port 60: don't care on collision.
    Write port 61: don't care on collision.
    Write port 62: don't care on collision.
    Write port 63: don't care on collision.
    Write port 64: don't care on collision.
    Write port 65: don't care on collision.
    Write port 66: don't care on collision.
    Write port 67: don't care on collision.
    Write port 68: don't care on collision.
    Write port 69: don't care on collision.
    Write port 70: don't care on collision.
    Write port 71: don't care on collision.
    Write port 72: don't care on collision.
    Write port 73: don't care on collision.
    Write port 74: don't care on collision.
    Write port 75: don't care on collision.
    Write port 76: don't care on collision.
    Write port 77: don't care on collision.
    Write port 78: don't care on collision.
    Write port 79: don't care on collision.
Checking read port `\u_matrix.obuf'[12] in module `\alapeno_tile_ctrl': merging output FF to cell.
    Write port 0: don't care on collision.
    Write port 1: don't care on collision.
    Write port 2: don't care on collision.
    Write port 3: don't care on collision.
    Write port 4: don't care on collision.
    Write port 5: don't care on collision.
    Write port 6: don't care on collision.
    Write port 7: don't care on collision.
    Write port 8: don't care on collision.
    Write port 9: don't care on collision.
    Write port 10: don't care on collision.
    Write port 11: don't care on collision.
    Write port 12: don't care on collision.
    Write port 13: don't care on collision.
    Write port 14: don't care on collision.
    Write port 15: don't care on collision.
    Write port 16: don't care on collision.
    Write port 17: don't care on collision.
    Write port 18: don't care on collision.
    Write port 19: don't care on collision.
    Write port 20: don't care on collision.
    Write port 21: don't care on collision.
    Write port 22: don't care on collision.
    Write port 23: don't care on collision.
    Write port 24: don't care on collision.
    Write port 25: don't care on collision.
    Write port 26: don't care on collision.
    Write port 27: don't care on collision.
    Write port 28: don't care on collision.
    Write port 29: don't care on collision.
    Write port 30: don't care on collision.
    Write port 31: don't care on collision.
    Write port 32: don't care on collision.
    Write port 33: don't care on collision.
    Write port 34: don't care on collision.
    Write port 35: don't care on collision.
    Write port 36: don't care on collision.
    Write port 37: don't care on collision.
    Write port 38: don't care on collision.
    Write port 39: don't care on collision.
    Write port 40: don't care on collision.
    Write port 41: don't care on collision.
    Write port 42: don't care on collision.
    Write port 43: don't care on collision.
    Write port 44: don't care on collision.
    Write port 45: don't care on collision.
    Write port 46: don't care on collision.
    Write port 47: don't care on collision.
    Write port 48: don't care on collision.
    Write port 49: don't care on collision.
    Write port 50: don't care on collision.
    Write port 51: don't care on collision.
    Write port 52: don't care on collision.
    Write port 53: don't care on collision.
    Write port 54: don't care on collision.
    Write port 55: don't care on collision.
    Write port 56: don't care on collision.
    Write port 57: don't care on collision.
    Write port 58: don't care on collision.
    Write port 59: don't care on collision.
    Write port 60: don't care on collision.
    Write port 61: don't care on collision.
    Write port 62: don't care on collision.
    Write port 63: don't care on collision.
    Write port 64: don't care on collision.
    Write port 65: don't care on collision.
    Write port 66: don't care on collision.
    Write port 67: don't care on collision.
    Write port 68: don't care on collision.
    Write port 69: don't care on collision.
    Write port 70: don't care on collision.
    Write port 71: don't care on collision.
    Write port 72: don't care on collision.
    Write port 73: don't care on collision.
    Write port 74: don't care on collision.
    Write port 75: don't care on collision.
    Write port 76: don't care on collision.
    Write port 77: don't care on collision.
    Write port 78: don't care on collision.
    Write port 79: don't care on collision.
Checking read port `\u_matrix.obuf'[13] in module `\alapeno_tile_ctrl': merging output FF to cell.
    Write port 0: don't care on collision.
    Write port 1: don't care on collision.
    Write port 2: don't care on collision.
    Write port 3: don't care on collision.
    Write port 4: don't care on collision.
    Write port 5: don't care on collision.
    Write port 6: don't care on collision.
    Write port 7: don't care on collision.
    Write port 8: don't care on collision.
    Write port 9: don't care on collision.
    Write port 10: don't care on collision.
    Write port 11: don't care on collision.
    Write port 12: don't care on collision.
    Write port 13: don't care on collision.
    Write port 14: don't care on collision.
    Write port 15: don't care on collision.
    Write port 16: don't care on collision.
    Write port 17: don't care on collision.
    Write port 18: don't care on collision.
    Write port 19: don't care on collision.
    Write port 20: don't care on collision.
    Write port 21: don't care on collision.
    Write port 22: don't care on collision.
    Write port 23: don't care on collision.
    Write port 24: don't care on collision.
    Write port 25: don't care on collision.
    Write port 26: don't care on collision.
    Write port 27: don't care on collision.
    Write port 28: don't care on collision.
    Write port 29: don't care on collision.
    Write port 30: don't care on collision.
    Write port 31: don't care on collision.
    Write port 32: don't care on collision.
    Write port 33: don't care on collision.
    Write port 34: don't care on collision.
    Write port 35: don't care on collision.
    Write port 36: don't care on collision.
    Write port 37: don't care on collision.
    Write port 38: don't care on collision.
    Write port 39: don't care on collision.
    Write port 40: don't care on collision.
    Write port 41: don't care on collision.
    Write port 42: don't care on collision.
    Write port 43: don't care on collision.
    Write port 44: don't care on collision.
    Write port 45: don't care on collision.
    Write port 46: don't care on collision.
    Write port 47: don't care on collision.
    Write port 48: don't care on collision.
    Write port 49: don't care on collision.
    Write port 50: don't care on collision.
    Write port 51: don't care on collision.
    Write port 52: don't care on collision.
    Write port 53: don't care on collision.
    Write port 54: don't care on collision.
    Write port 55: don't care on collision.
    Write port 56: don't care on collision.
    Write port 57: don't care on collision.
    Write port 58: don't care on collision.
    Write port 59: don't care on collision.
    Write port 60: don't care on collision.
    Write port 61: don't care on collision.
    Write port 62: don't care on collision.
    Write port 63: don't care on collision.
    Write port 64: don't care on collision.
    Write port 65: don't care on collision.
    Write port 66: don't care on collision.
    Write port 67: don't care on collision.
    Write port 68: don't care on collision.
    Write port 69: don't care on collision.
    Write port 70: don't care on collision.
    Write port 71: don't care on collision.
    Write port 72: don't care on collision.
    Write port 73: don't care on collision.
    Write port 74: don't care on collision.
    Write port 75: don't care on collision.
    Write port 76: don't care on collision.
    Write port 77: don't care on collision.
    Write port 78: don't care on collision.
    Write port 79: don't care on collision.
Checking read port `\u_matrix.obuf'[14] in module `\alapeno_tile_ctrl': merging output FF to cell.
    Write port 0: don't care on collision.
    Write port 1: don't care on collision.
    Write port 2: don't care on collision.
    Write port 3: don't care on collision.
    Write port 4: don't care on collision.
    Write port 5: don't care on collision.
    Write port 6: don't care on collision.
    Write port 7: don't care on collision.
    Write port 8: don't care on collision.
    Write port 9: don't care on collision.
    Write port 10: don't care on collision.
    Write port 11: don't care on collision.
    Write port 12: don't care on collision.
    Write port 13: don't care on collision.
    Write port 14: don't care on collision.
    Write port 15: don't care on collision.
    Write port 16: don't care on collision.
    Write port 17: don't care on collision.
    Write port 18: don't care on collision.
    Write port 19: don't care on collision.
    Write port 20: don't care on collision.
    Write port 21: don't care on collision.
    Write port 22: don't care on collision.
    Write port 23: don't care on collision.
    Write port 24: don't care on collision.
    Write port 25: don't care on collision.
    Write port 26: don't care on collision.
    Write port 27: don't care on collision.
    Write port 28: don't care on collision.
    Write port 29: don't care on collision.
    Write port 30: don't care on collision.
    Write port 31: don't care on collision.
    Write port 32: don't care on collision.
    Write port 33: don't care on collision.
    Write port 34: don't care on collision.
    Write port 35: don't care on collision.
    Write port 36: don't care on collision.
    Write port 37: don't care on collision.
    Write port 38: don't care on collision.
    Write port 39: don't care on collision.
    Write port 40: don't care on collision.
    Write port 41: don't care on collision.
    Write port 42: don't care on collision.
    Write port 43: don't care on collision.
    Write port 44: don't care on collision.
    Write port 45: don't care on collision.
    Write port 46: don't care on collision.
    Write port 47: don't care on collision.
    Write port 48: don't care on collision.
    Write port 49: don't care on collision.
    Write port 50: don't care on collision.
    Write port 51: don't care on collision.
    Write port 52: don't care on collision.
    Write port 53: don't care on collision.
    Write port 54: don't care on collision.
    Write port 55: don't care on collision.
    Write port 56: don't care on collision.
    Write port 57: don't care on collision.
    Write port 58: don't care on collision.
    Write port 59: don't care on collision.
    Write port 60: don't care on collision.
    Write port 61: don't care on collision.
    Write port 62: don't care on collision.
    Write port 63: don't care on collision.
    Write port 64: don't care on collision.
    Write port 65: don't care on collision.
    Write port 66: don't care on collision.
    Write port 67: don't care on collision.
    Write port 68: don't care on collision.
    Write port 69: don't care on collision.
    Write port 70: don't care on collision.
    Write port 71: don't care on collision.
    Write port 72: don't care on collision.
    Write port 73: don't care on collision.
    Write port 74: don't care on collision.
    Write port 75: don't care on collision.
    Write port 76: don't care on collision.
    Write port 77: don't care on collision.
    Write port 78: don't care on collision.
    Write port 79: don't care on collision.
Checking read port `\u_matrix.obuf'[15] in module `\alapeno_tile_ctrl': merging output FF to cell.
    Write port 0: don't care on collision.
    Write port 1: don't care on collision.
    Write port 2: don't care on collision.
    Write port 3: don't care on collision.
    Write port 4: don't care on collision.
    Write port 5: don't care on collision.
    Write port 6: don't care on collision.
    Write port 7: don't care on collision.
    Write port 8: don't care on collision.
    Write port 9: don't care on collision.
    Write port 10: don't care on collision.
    Write port 11: don't care on collision.
    Write port 12: don't care on collision.
    Write port 13: don't care on collision.
    Write port 14: don't care on collision.
    Write port 15: don't care on collision.
    Write port 16: don't care on collision.
    Write port 17: don't care on collision.
    Write port 18: don't care on collision.
    Write port 19: don't care on collision.
    Write port 20: don't care on collision.
    Write port 21: don't care on collision.
    Write port 22: don't care on collision.
    Write port 23: don't care on collision.
    Write port 24: don't care on collision.
    Write port 25: don't care on collision.
    Write port 26: don't care on collision.
    Write port 27: don't care on collision.
    Write port 28: don't care on collision.
    Write port 29: don't care on collision.
    Write port 30: don't care on collision.
    Write port 31: don't care on collision.
    Write port 32: don't care on collision.
    Write port 33: don't care on collision.
    Write port 34: don't care on collision.
    Write port 35: don't care on collision.
    Write port 36: don't care on collision.
    Write port 37: don't care on collision.
    Write port 38: don't care on collision.
    Write port 39: don't care on collision.
    Write port 40: don't care on collision.
    Write port 41: don't care on collision.
    Write port 42: don't care on collision.
    Write port 43: don't care on collision.
    Write port 44: don't care on collision.
    Write port 45: don't care on collision.
    Write port 46: don't care on collision.
    Write port 47: don't care on collision.
    Write port 48: don't care on collision.
    Write port 49: don't care on collision.
    Write port 50: don't care on collision.
    Write port 51: don't care on collision.
    Write port 52: don't care on collision.
    Write port 53: don't care on collision.
    Write port 54: don't care on collision.
    Write port 55: don't care on collision.
    Write port 56: don't care on collision.
    Write port 57: don't care on collision.
    Write port 58: don't care on collision.
    Write port 59: don't care on collision.
    Write port 60: don't care on collision.
    Write port 61: don't care on collision.
    Write port 62: don't care on collision.
    Write port 63: don't care on collision.
    Write port 64: don't care on collision.
    Write port 65: don't care on collision.
    Write port 66: don't care on collision.
    Write port 67: don't care on collision.
    Write port 68: don't care on collision.
    Write port 69: don't care on collision.
    Write port 70: don't care on collision.
    Write port 71: don't care on collision.
    Write port 72: don't care on collision.
    Write port 73: don't care on collision.
    Write port 74: don't care on collision.
    Write port 75: don't care on collision.
    Write port 76: don't care on collision.
    Write port 77: don't care on collision.
    Write port 78: don't care on collision.
    Write port 79: don't care on collision.
Checking read port `\u_matrix.obuf'[16] in module `\alapeno_tile_ctrl': merging output FF to cell.
    Write port 0: don't care on collision.
    Write port 1: don't care on collision.
    Write port 2: don't care on collision.
    Write port 3: don't care on collision.
    Write port 4: don't care on collision.
    Write port 5: don't care on collision.
    Write port 6: don't care on collision.
    Write port 7: don't care on collision.
    Write port 8: don't care on collision.
    Write port 9: don't care on collision.
    Write port 10: don't care on collision.
    Write port 11: don't care on collision.
    Write port 12: don't care on collision.
    Write port 13: don't care on collision.
    Write port 14: don't care on collision.
    Write port 15: don't care on collision.
    Write port 16: don't care on collision.
    Write port 17: don't care on collision.
    Write port 18: don't care on collision.
    Write port 19: don't care on collision.
    Write port 20: don't care on collision.
    Write port 21: don't care on collision.
    Write port 22: don't care on collision.
    Write port 23: don't care on collision.
    Write port 24: don't care on collision.
    Write port 25: don't care on collision.
    Write port 26: don't care on collision.
    Write port 27: don't care on collision.
    Write port 28: don't care on collision.
    Write port 29: don't care on collision.
    Write port 30: don't care on collision.
    Write port 31: don't care on collision.
    Write port 32: don't care on collision.
    Write port 33: don't care on collision.
    Write port 34: don't care on collision.
    Write port 35: don't care on collision.
    Write port 36: don't care on collision.
    Write port 37: don't care on collision.
    Write port 38: don't care on collision.
    Write port 39: don't care on collision.
    Write port 40: don't care on collision.
    Write port 41: don't care on collision.
    Write port 42: don't care on collision.
    Write port 43: don't care on collision.
    Write port 44: don't care on collision.
    Write port 45: don't care on collision.
    Write port 46: don't care on collision.
    Write port 47: don't care on collision.
    Write port 48: don't care on collision.
    Write port 49: don't care on collision.
    Write port 50: don't care on collision.
    Write port 51: don't care on collision.
    Write port 52: don't care on collision.
    Write port 53: don't care on collision.
    Write port 54: don't care on collision.
    Write port 55: don't care on collision.
    Write port 56: don't care on collision.
    Write port 57: don't care on collision.
    Write port 58: don't care on collision.
    Write port 59: don't care on collision.
    Write port 60: don't care on collision.
    Write port 61: don't care on collision.
    Write port 62: don't care on collision.
    Write port 63: don't care on collision.
    Write port 64: don't care on collision.
    Write port 65: don't care on collision.
    Write port 66: don't care on collision.
    Write port 67: don't care on collision.
    Write port 68: don't care on collision.
    Write port 69: don't care on collision.
    Write port 70: don't care on collision.
    Write port 71: don't care on collision.
    Write port 72: don't care on collision.
    Write port 73: don't care on collision.
    Write port 74: don't care on collision.
    Write port 75: don't care on collision.
    Write port 76: don't care on collision.
    Write port 77: don't care on collision.
    Write port 78: don't care on collision.
    Write port 79: don't care on collision.
Checking read port `\u_matrix.obuf'[17] in module `\alapeno_tile_ctrl': merging output FF to cell.
    Write port 0: don't care on collision.
    Write port 1: don't care on collision.
    Write port 2: don't care on collision.
    Write port 3: don't care on collision.
    Write port 4: don't care on collision.
    Write port 5: don't care on collision.
    Write port 6: don't care on collision.
    Write port 7: don't care on collision.
    Write port 8: don't care on collision.
    Write port 9: don't care on collision.
    Write port 10: don't care on collision.
    Write port 11: don't care on collision.
    Write port 12: don't care on collision.
    Write port 13: don't care on collision.
    Write port 14: don't care on collision.
    Write port 15: don't care on collision.
    Write port 16: don't care on collision.
    Write port 17: don't care on collision.
    Write port 18: don't care on collision.
    Write port 19: don't care on collision.
    Write port 20: don't care on collision.
    Write port 21: don't care on collision.
    Write port 22: don't care on collision.
    Write port 23: don't care on collision.
    Write port 24: don't care on collision.
    Write port 25: don't care on collision.
    Write port 26: don't care on collision.
    Write port 27: don't care on collision.
    Write port 28: don't care on collision.
    Write port 29: don't care on collision.
    Write port 30: don't care on collision.
    Write port 31: don't care on collision.
    Write port 32: don't care on collision.
    Write port 33: don't care on collision.
    Write port 34: don't care on collision.
    Write port 35: don't care on collision.
    Write port 36: don't care on collision.
    Write port 37: don't care on collision.
    Write port 38: don't care on collision.
    Write port 39: don't care on collision.
    Write port 40: don't care on collision.
    Write port 41: don't care on collision.
    Write port 42: don't care on collision.
    Write port 43: don't care on collision.
    Write port 44: don't care on collision.
    Write port 45: don't care on collision.
    Write port 46: don't care on collision.
    Write port 47: don't care on collision.
    Write port 48: don't care on collision.
    Write port 49: don't care on collision.
    Write port 50: don't care on collision.
    Write port 51: don't care on collision.
    Write port 52: don't care on collision.
    Write port 53: don't care on collision.
    Write port 54: don't care on collision.
    Write port 55: don't care on collision.
    Write port 56: don't care on collision.
    Write port 57: don't care on collision.
    Write port 58: don't care on collision.
    Write port 59: don't care on collision.
    Write port 60: don't care on collision.
    Write port 61: don't care on collision.
    Write port 62: don't care on collision.
    Write port 63: don't care on collision.
    Write port 64: don't care on collision.
    Write port 65: don't care on collision.
    Write port 66: don't care on collision.
    Write port 67: don't care on collision.
    Write port 68: don't care on collision.
    Write port 69: don't care on collision.
    Write port 70: don't care on collision.
    Write port 71: don't care on collision.
    Write port 72: don't care on collision.
    Write port 73: don't care on collision.
    Write port 74: don't care on collision.
    Write port 75: don't care on collision.
    Write port 76: don't care on collision.
    Write port 77: don't care on collision.
    Write port 78: don't care on collision.
    Write port 79: don't care on collision.
Checking read port `\u_matrix.obuf'[18] in module `\alapeno_tile_ctrl': merging output FF to cell.
    Write port 0: don't care on collision.
    Write port 1: don't care on collision.
    Write port 2: don't care on collision.
    Write port 3: don't care on collision.
    Write port 4: don't care on collision.
    Write port 5: don't care on collision.
    Write port 6: don't care on collision.
    Write port 7: don't care on collision.
    Write port 8: don't care on collision.
    Write port 9: don't care on collision.
    Write port 10: don't care on collision.
    Write port 11: don't care on collision.
    Write port 12: don't care on collision.
    Write port 13: don't care on collision.
    Write port 14: don't care on collision.
    Write port 15: don't care on collision.
    Write port 16: don't care on collision.
    Write port 17: don't care on collision.
    Write port 18: don't care on collision.
    Write port 19: don't care on collision.
    Write port 20: don't care on collision.
    Write port 21: don't care on collision.
    Write port 22: don't care on collision.
    Write port 23: don't care on collision.
    Write port 24: don't care on collision.
    Write port 25: don't care on collision.
    Write port 26: don't care on collision.
    Write port 27: don't care on collision.
    Write port 28: don't care on collision.
    Write port 29: don't care on collision.
    Write port 30: don't care on collision.
    Write port 31: don't care on collision.
    Write port 32: don't care on collision.
    Write port 33: don't care on collision.
    Write port 34: don't care on collision.
    Write port 35: don't care on collision.
    Write port 36: don't care on collision.
    Write port 37: don't care on collision.
    Write port 38: don't care on collision.
    Write port 39: don't care on collision.
    Write port 40: don't care on collision.
    Write port 41: don't care on collision.
    Write port 42: don't care on collision.
    Write port 43: don't care on collision.
    Write port 44: don't care on collision.
    Write port 45: don't care on collision.
    Write port 46: don't care on collision.
    Write port 47: don't care on collision.
    Write port 48: don't care on collision.
    Write port 49: don't care on collision.
    Write port 50: don't care on collision.
    Write port 51: don't care on collision.
    Write port 52: don't care on collision.
    Write port 53: don't care on collision.
    Write port 54: don't care on collision.
    Write port 55: don't care on collision.
    Write port 56: don't care on collision.
    Write port 57: don't care on collision.
    Write port 58: don't care on collision.
    Write port 59: don't care on collision.
    Write port 60: don't care on collision.
    Write port 61: don't care on collision.
    Write port 62: don't care on collision.
    Write port 63: don't care on collision.
    Write port 64: don't care on collision.
    Write port 65: don't care on collision.
    Write port 66: don't care on collision.
    Write port 67: don't care on collision.
    Write port 68: don't care on collision.
    Write port 69: don't care on collision.
    Write port 70: don't care on collision.
    Write port 71: don't care on collision.
    Write port 72: don't care on collision.
    Write port 73: don't care on collision.
    Write port 74: don't care on collision.
    Write port 75: don't care on collision.
    Write port 76: don't care on collision.
    Write port 77: don't care on collision.
    Write port 78: don't care on collision.
    Write port 79: don't care on collision.
Checking read port `\u_matrix.obuf'[19] in module `\alapeno_tile_ctrl': merging output FF to cell.
    Write port 0: don't care on collision.
    Write port 1: don't care on collision.
    Write port 2: don't care on collision.
    Write port 3: don't care on collision.
    Write port 4: don't care on collision.
    Write port 5: don't care on collision.
    Write port 6: don't care on collision.
    Write port 7: don't care on collision.
    Write port 8: don't care on collision.
    Write port 9: don't care on collision.
    Write port 10: don't care on collision.
    Write port 11: don't care on collision.
    Write port 12: don't care on collision.
    Write port 13: don't care on collision.
    Write port 14: don't care on collision.
    Write port 15: don't care on collision.
    Write port 16: don't care on collision.
    Write port 17: don't care on collision.
    Write port 18: don't care on collision.
    Write port 19: don't care on collision.
    Write port 20: don't care on collision.
    Write port 21: don't care on collision.
    Write port 22: don't care on collision.
    Write port 23: don't care on collision.
    Write port 24: don't care on collision.
    Write port 25: don't care on collision.
    Write port 26: don't care on collision.
    Write port 27: don't care on collision.
    Write port 28: don't care on collision.
    Write port 29: don't care on collision.
    Write port 30: don't care on collision.
    Write port 31: don't care on collision.
    Write port 32: don't care on collision.
    Write port 33: don't care on collision.
    Write port 34: don't care on collision.
    Write port 35: don't care on collision.
    Write port 36: don't care on collision.
    Write port 37: don't care on collision.
    Write port 38: don't care on collision.
    Write port 39: don't care on collision.
    Write port 40: don't care on collision.
    Write port 41: don't care on collision.
    Write port 42: don't care on collision.
    Write port 43: don't care on collision.
    Write port 44: don't care on collision.
    Write port 45: don't care on collision.
    Write port 46: don't care on collision.
    Write port 47: don't care on collision.
    Write port 48: don't care on collision.
    Write port 49: don't care on collision.
    Write port 50: don't care on collision.
    Write port 51: don't care on collision.
    Write port 52: don't care on collision.
    Write port 53: don't care on collision.
    Write port 54: don't care on collision.
    Write port 55: don't care on collision.
    Write port 56: don't care on collision.
    Write port 57: don't care on collision.
    Write port 58: don't care on collision.
    Write port 59: don't care on collision.
    Write port 60: don't care on collision.
    Write port 61: don't care on collision.
    Write port 62: don't care on collision.
    Write port 63: don't care on collision.
    Write port 64: don't care on collision.
    Write port 65: don't care on collision.
    Write port 66: don't care on collision.
    Write port 67: don't care on collision.
    Write port 68: don't care on collision.
    Write port 69: don't care on collision.
    Write port 70: don't care on collision.
    Write port 71: don't care on collision.
    Write port 72: don't care on collision.
    Write port 73: don't care on collision.
    Write port 74: don't care on collision.
    Write port 75: don't care on collision.
    Write port 76: don't care on collision.
    Write port 77: don't care on collision.
    Write port 78: don't care on collision.
    Write port 79: don't care on collision.
Checking read port `\u_matrix.obuf'[20] in module `\alapeno_tile_ctrl': merging output FF to cell.
    Write port 0: don't care on collision.
    Write port 1: don't care on collision.
    Write port 2: don't care on collision.
    Write port 3: don't care on collision.
    Write port 4: don't care on collision.
    Write port 5: don't care on collision.
    Write port 6: don't care on collision.
    Write port 7: don't care on collision.
    Write port 8: don't care on collision.
    Write port 9: don't care on collision.
    Write port 10: don't care on collision.
    Write port 11: don't care on collision.
    Write port 12: don't care on collision.
    Write port 13: don't care on collision.
    Write port 14: don't care on collision.
    Write port 15: don't care on collision.
    Write port 16: don't care on collision.
    Write port 17: don't care on collision.
    Write port 18: don't care on collision.
    Write port 19: don't care on collision.
    Write port 20: don't care on collision.
    Write port 21: don't care on collision.
    Write port 22: don't care on collision.
    Write port 23: don't care on collision.
    Write port 24: don't care on collision.
    Write port 25: don't care on collision.
    Write port 26: don't care on collision.
    Write port 27: don't care on collision.
    Write port 28: don't care on collision.
    Write port 29: don't care on collision.
    Write port 30: don't care on collision.
    Write port 31: don't care on collision.
    Write port 32: don't care on collision.
    Write port 33: don't care on collision.
    Write port 34: don't care on collision.
    Write port 35: don't care on collision.
    Write port 36: don't care on collision.
    Write port 37: don't care on collision.
    Write port 38: don't care on collision.
    Write port 39: don't care on collision.
    Write port 40: don't care on collision.
    Write port 41: don't care on collision.
    Write port 42: don't care on collision.
    Write port 43: don't care on collision.
    Write port 44: don't care on collision.
    Write port 45: don't care on collision.
    Write port 46: don't care on collision.
    Write port 47: don't care on collision.
    Write port 48: don't care on collision.
    Write port 49: don't care on collision.
    Write port 50: don't care on collision.
    Write port 51: don't care on collision.
    Write port 52: don't care on collision.
    Write port 53: don't care on collision.
    Write port 54: don't care on collision.
    Write port 55: don't care on collision.
    Write port 56: don't care on collision.
    Write port 57: don't care on collision.
    Write port 58: don't care on collision.
    Write port 59: don't care on collision.
    Write port 60: don't care on collision.
    Write port 61: don't care on collision.
    Write port 62: don't care on collision.
    Write port 63: don't care on collision.
    Write port 64: don't care on collision.
    Write port 65: don't care on collision.
    Write port 66: don't care on collision.
    Write port 67: don't care on collision.
    Write port 68: don't care on collision.
    Write port 69: don't care on collision.
    Write port 70: don't care on collision.
    Write port 71: don't care on collision.
    Write port 72: don't care on collision.
    Write port 73: don't care on collision.
    Write port 74: don't care on collision.
    Write port 75: don't care on collision.
    Write port 76: don't care on collision.
    Write port 77: don't care on collision.
    Write port 78: don't care on collision.
    Write port 79: don't care on collision.
Checking read port `\u_matrix.obuf'[21] in module `\alapeno_tile_ctrl': merging output FF to cell.
    Write port 0: don't care on collision.
    Write port 1: don't care on collision.
    Write port 2: don't care on collision.
    Write port 3: don't care on collision.
    Write port 4: don't care on collision.
    Write port 5: don't care on collision.
    Write port 6: don't care on collision.
    Write port 7: don't care on collision.
    Write port 8: don't care on collision.
    Write port 9: don't care on collision.
    Write port 10: don't care on collision.
    Write port 11: don't care on collision.
    Write port 12: don't care on collision.
    Write port 13: don't care on collision.
    Write port 14: don't care on collision.
    Write port 15: don't care on collision.
    Write port 16: don't care on collision.
    Write port 17: don't care on collision.
    Write port 18: don't care on collision.
    Write port 19: don't care on collision.
    Write port 20: don't care on collision.
    Write port 21: don't care on collision.
    Write port 22: don't care on collision.
    Write port 23: don't care on collision.
    Write port 24: don't care on collision.
    Write port 25: don't care on collision.
    Write port 26: don't care on collision.
    Write port 27: don't care on collision.
    Write port 28: don't care on collision.
    Write port 29: don't care on collision.
    Write port 30: don't care on collision.
    Write port 31: don't care on collision.
    Write port 32: don't care on collision.
    Write port 33: don't care on collision.
    Write port 34: don't care on collision.
    Write port 35: don't care on collision.
    Write port 36: don't care on collision.
    Write port 37: don't care on collision.
    Write port 38: don't care on collision.
    Write port 39: don't care on collision.
    Write port 40: don't care on collision.
    Write port 41: don't care on collision.
    Write port 42: don't care on collision.
    Write port 43: don't care on collision.
    Write port 44: don't care on collision.
    Write port 45: don't care on collision.
    Write port 46: don't care on collision.
    Write port 47: don't care on collision.
    Write port 48: don't care on collision.
    Write port 49: don't care on collision.
    Write port 50: don't care on collision.
    Write port 51: don't care on collision.
    Write port 52: don't care on collision.
    Write port 53: don't care on collision.
    Write port 54: don't care on collision.
    Write port 55: don't care on collision.
    Write port 56: don't care on collision.
    Write port 57: don't care on collision.
    Write port 58: don't care on collision.
    Write port 59: don't care on collision.
    Write port 60: don't care on collision.
    Write port 61: don't care on collision.
    Write port 62: don't care on collision.
    Write port 63: don't care on collision.
    Write port 64: don't care on collision.
    Write port 65: don't care on collision.
    Write port 66: don't care on collision.
    Write port 67: don't care on collision.
    Write port 68: don't care on collision.
    Write port 69: don't care on collision.
    Write port 70: don't care on collision.
    Write port 71: don't care on collision.
    Write port 72: don't care on collision.
    Write port 73: don't care on collision.
    Write port 74: don't care on collision.
    Write port 75: don't care on collision.
    Write port 76: don't care on collision.
    Write port 77: don't care on collision.
    Write port 78: don't care on collision.
    Write port 79: don't care on collision.
Checking read port `\u_matrix.obuf'[22] in module `\alapeno_tile_ctrl': merging output FF to cell.
    Write port 0: don't care on collision.
    Write port 1: don't care on collision.
    Write port 2: don't care on collision.
    Write port 3: don't care on collision.
    Write port 4: don't care on collision.
    Write port 5: don't care on collision.
    Write port 6: don't care on collision.
    Write port 7: don't care on collision.
    Write port 8: don't care on collision.
    Write port 9: don't care on collision.
    Write port 10: don't care on collision.
    Write port 11: don't care on collision.
    Write port 12: don't care on collision.
    Write port 13: don't care on collision.
    Write port 14: don't care on collision.
    Write port 15: don't care on collision.
    Write port 16: don't care on collision.
    Write port 17: don't care on collision.
    Write port 18: don't care on collision.
    Write port 19: don't care on collision.
    Write port 20: don't care on collision.
    Write port 21: don't care on collision.
    Write port 22: don't care on collision.
    Write port 23: don't care on collision.
    Write port 24: don't care on collision.
    Write port 25: don't care on collision.
    Write port 26: don't care on collision.
    Write port 27: don't care on collision.
    Write port 28: don't care on collision.
    Write port 29: don't care on collision.
    Write port 30: don't care on collision.
    Write port 31: don't care on collision.
    Write port 32: don't care on collision.
    Write port 33: don't care on collision.
    Write port 34: don't care on collision.
    Write port 35: don't care on collision.
    Write port 36: don't care on collision.
    Write port 37: don't care on collision.
    Write port 38: don't care on collision.
    Write port 39: don't care on collision.
    Write port 40: don't care on collision.
    Write port 41: don't care on collision.
    Write port 42: don't care on collision.
    Write port 43: don't care on collision.
    Write port 44: don't care on collision.
    Write port 45: don't care on collision.
    Write port 46: don't care on collision.
    Write port 47: don't care on collision.
    Write port 48: don't care on collision.
    Write port 49: don't care on collision.
    Write port 50: don't care on collision.
    Write port 51: don't care on collision.
    Write port 52: don't care on collision.
    Write port 53: don't care on collision.
    Write port 54: don't care on collision.
    Write port 55: don't care on collision.
    Write port 56: don't care on collision.
    Write port 57: don't care on collision.
    Write port 58: don't care on collision.
    Write port 59: don't care on collision.
    Write port 60: don't care on collision.
    Write port 61: don't care on collision.
    Write port 62: don't care on collision.
    Write port 63: don't care on collision.
    Write port 64: don't care on collision.
    Write port 65: don't care on collision.
    Write port 66: don't care on collision.
    Write port 67: don't care on collision.
    Write port 68: don't care on collision.
    Write port 69: don't care on collision.
    Write port 70: don't care on collision.
    Write port 71: don't care on collision.
    Write port 72: don't care on collision.
    Write port 73: don't care on collision.
    Write port 74: don't care on collision.
    Write port 75: don't care on collision.
    Write port 76: don't care on collision.
    Write port 77: don't care on collision.
    Write port 78: don't care on collision.
    Write port 79: don't care on collision.
Checking read port `\u_matrix.obuf'[23] in module `\alapeno_tile_ctrl': merging output FF to cell.
    Write port 0: don't care on collision.
    Write port 1: don't care on collision.
    Write port 2: don't care on collision.
    Write port 3: don't care on collision.
    Write port 4: don't care on collision.
    Write port 5: don't care on collision.
    Write port 6: don't care on collision.
    Write port 7: don't care on collision.
    Write port 8: don't care on collision.
    Write port 9: don't care on collision.
    Write port 10: don't care on collision.
    Write port 11: don't care on collision.
    Write port 12: don't care on collision.
    Write port 13: don't care on collision.
    Write port 14: don't care on collision.
    Write port 15: don't care on collision.
    Write port 16: don't care on collision.
    Write port 17: don't care on collision.
    Write port 18: don't care on collision.
    Write port 19: don't care on collision.
    Write port 20: don't care on collision.
    Write port 21: don't care on collision.
    Write port 22: don't care on collision.
    Write port 23: don't care on collision.
    Write port 24: don't care on collision.
    Write port 25: don't care on collision.
    Write port 26: don't care on collision.
    Write port 27: don't care on collision.
    Write port 28: don't care on collision.
    Write port 29: don't care on collision.
    Write port 30: don't care on collision.
    Write port 31: don't care on collision.
    Write port 32: don't care on collision.
    Write port 33: don't care on collision.
    Write port 34: don't care on collision.
    Write port 35: don't care on collision.
    Write port 36: don't care on collision.
    Write port 37: don't care on collision.
    Write port 38: don't care on collision.
    Write port 39: don't care on collision.
    Write port 40: don't care on collision.
    Write port 41: don't care on collision.
    Write port 42: don't care on collision.
    Write port 43: don't care on collision.
    Write port 44: don't care on collision.
    Write port 45: don't care on collision.
    Write port 46: don't care on collision.
    Write port 47: don't care on collision.
    Write port 48: don't care on collision.
    Write port 49: don't care on collision.
    Write port 50: don't care on collision.
    Write port 51: don't care on collision.
    Write port 52: don't care on collision.
    Write port 53: don't care on collision.
    Write port 54: don't care on collision.
    Write port 55: don't care on collision.
    Write port 56: don't care on collision.
    Write port 57: don't care on collision.
    Write port 58: don't care on collision.
    Write port 59: don't care on collision.
    Write port 60: don't care on collision.
    Write port 61: don't care on collision.
    Write port 62: don't care on collision.
    Write port 63: don't care on collision.
    Write port 64: don't care on collision.
    Write port 65: don't care on collision.
    Write port 66: don't care on collision.
    Write port 67: don't care on collision.
    Write port 68: don't care on collision.
    Write port 69: don't care on collision.
    Write port 70: don't care on collision.
    Write port 71: don't care on collision.
    Write port 72: don't care on collision.
    Write port 73: don't care on collision.
    Write port 74: don't care on collision.
    Write port 75: don't care on collision.
    Write port 76: don't care on collision.
    Write port 77: don't care on collision.
    Write port 78: don't care on collision.
    Write port 79: don't care on collision.
Checking read port `\u_matrix.obuf'[24] in module `\alapeno_tile_ctrl': merging output FF to cell.
    Write port 0: don't care on collision.
    Write port 1: don't care on collision.
    Write port 2: don't care on collision.
    Write port 3: don't care on collision.
    Write port 4: don't care on collision.
    Write port 5: don't care on collision.
    Write port 6: don't care on collision.
    Write port 7: don't care on collision.
    Write port 8: don't care on collision.
    Write port 9: don't care on collision.
    Write port 10: don't care on collision.
    Write port 11: don't care on collision.
    Write port 12: don't care on collision.
    Write port 13: don't care on collision.
    Write port 14: don't care on collision.
    Write port 15: don't care on collision.
    Write port 16: don't care on collision.
    Write port 17: don't care on collision.
    Write port 18: don't care on collision.
    Write port 19: don't care on collision.
    Write port 20: don't care on collision.
    Write port 21: don't care on collision.
    Write port 22: don't care on collision.
    Write port 23: don't care on collision.
    Write port 24: don't care on collision.
    Write port 25: don't care on collision.
    Write port 26: don't care on collision.
    Write port 27: don't care on collision.
    Write port 28: don't care on collision.
    Write port 29: don't care on collision.
    Write port 30: don't care on collision.
    Write port 31: don't care on collision.
    Write port 32: don't care on collision.
    Write port 33: don't care on collision.
    Write port 34: don't care on collision.
    Write port 35: don't care on collision.
    Write port 36: don't care on collision.
    Write port 37: don't care on collision.
    Write port 38: don't care on collision.
    Write port 39: don't care on collision.
    Write port 40: don't care on collision.
    Write port 41: don't care on collision.
    Write port 42: don't care on collision.
    Write port 43: don't care on collision.
    Write port 44: don't care on collision.
    Write port 45: don't care on collision.
    Write port 46: don't care on collision.
    Write port 47: don't care on collision.
    Write port 48: don't care on collision.
    Write port 49: don't care on collision.
    Write port 50: don't care on collision.
    Write port 51: don't care on collision.
    Write port 52: don't care on collision.
    Write port 53: don't care on collision.
    Write port 54: don't care on collision.
    Write port 55: don't care on collision.
    Write port 56: don't care on collision.
    Write port 57: don't care on collision.
    Write port 58: don't care on collision.
    Write port 59: don't care on collision.
    Write port 60: don't care on collision.
    Write port 61: don't care on collision.
    Write port 62: don't care on collision.
    Write port 63: don't care on collision.
    Write port 64: don't care on collision.
    Write port 65: don't care on collision.
    Write port 66: don't care on collision.
    Write port 67: don't care on collision.
    Write port 68: don't care on collision.
    Write port 69: don't care on collision.
    Write port 70: don't care on collision.
    Write port 71: don't care on collision.
    Write port 72: don't care on collision.
    Write port 73: don't care on collision.
    Write port 74: don't care on collision.
    Write port 75: don't care on collision.
    Write port 76: don't care on collision.
    Write port 77: don't care on collision.
    Write port 78: don't care on collision.
    Write port 79: don't care on collision.
Checking read port `\u_matrix.obuf'[25] in module `\alapeno_tile_ctrl': merging output FF to cell.
    Write port 0: don't care on collision.
    Write port 1: don't care on collision.
    Write port 2: don't care on collision.
    Write port 3: don't care on collision.
    Write port 4: don't care on collision.
    Write port 5: don't care on collision.
    Write port 6: don't care on collision.
    Write port 7: don't care on collision.
    Write port 8: don't care on collision.
    Write port 9: don't care on collision.
    Write port 10: don't care on collision.
    Write port 11: don't care on collision.
    Write port 12: don't care on collision.
    Write port 13: don't care on collision.
    Write port 14: don't care on collision.
    Write port 15: don't care on collision.
    Write port 16: don't care on collision.
    Write port 17: don't care on collision.
    Write port 18: don't care on collision.
    Write port 19: don't care on collision.
    Write port 20: don't care on collision.
    Write port 21: don't care on collision.
    Write port 22: don't care on collision.
    Write port 23: don't care on collision.
    Write port 24: don't care on collision.
    Write port 25: don't care on collision.
    Write port 26: don't care on collision.
    Write port 27: don't care on collision.
    Write port 28: don't care on collision.
    Write port 29: don't care on collision.
    Write port 30: don't care on collision.
    Write port 31: don't care on collision.
    Write port 32: don't care on collision.
    Write port 33: don't care on collision.
    Write port 34: don't care on collision.
    Write port 35: don't care on collision.
    Write port 36: don't care on collision.
    Write port 37: don't care on collision.
    Write port 38: don't care on collision.
    Write port 39: don't care on collision.
    Write port 40: don't care on collision.
    Write port 41: don't care on collision.
    Write port 42: don't care on collision.
    Write port 43: don't care on collision.
    Write port 44: don't care on collision.
    Write port 45: don't care on collision.
    Write port 46: don't care on collision.
    Write port 47: don't care on collision.
    Write port 48: don't care on collision.
    Write port 49: don't care on collision.
    Write port 50: don't care on collision.
    Write port 51: don't care on collision.
    Write port 52: don't care on collision.
    Write port 53: don't care on collision.
    Write port 54: don't care on collision.
    Write port 55: don't care on collision.
    Write port 56: don't care on collision.
    Write port 57: don't care on collision.
    Write port 58: don't care on collision.
    Write port 59: don't care on collision.
    Write port 60: don't care on collision.
    Write port 61: don't care on collision.
    Write port 62: don't care on collision.
    Write port 63: don't care on collision.
    Write port 64: don't care on collision.
    Write port 65: don't care on collision.
    Write port 66: don't care on collision.
    Write port 67: don't care on collision.
    Write port 68: don't care on collision.
    Write port 69: don't care on collision.
    Write port 70: don't care on collision.
    Write port 71: don't care on collision.
    Write port 72: don't care on collision.
    Write port 73: don't care on collision.
    Write port 74: don't care on collision.
    Write port 75: don't care on collision.
    Write port 76: don't care on collision.
    Write port 77: don't care on collision.
    Write port 78: don't care on collision.
    Write port 79: don't care on collision.
Checking read port `\u_matrix.obuf'[26] in module `\alapeno_tile_ctrl': merging output FF to cell.
    Write port 0: don't care on collision.
    Write port 1: don't care on collision.
    Write port 2: don't care on collision.
    Write port 3: don't care on collision.
    Write port 4: don't care on collision.
    Write port 5: don't care on collision.
    Write port 6: don't care on collision.
    Write port 7: don't care on collision.
    Write port 8: don't care on collision.
    Write port 9: don't care on collision.
    Write port 10: don't care on collision.
    Write port 11: don't care on collision.
    Write port 12: don't care on collision.
    Write port 13: don't care on collision.
    Write port 14: don't care on collision.
    Write port 15: don't care on collision.
    Write port 16: don't care on collision.
    Write port 17: don't care on collision.
    Write port 18: don't care on collision.
    Write port 19: don't care on collision.
    Write port 20: don't care on collision.
    Write port 21: don't care on collision.
    Write port 22: don't care on collision.
    Write port 23: don't care on collision.
    Write port 24: don't care on collision.
    Write port 25: don't care on collision.
    Write port 26: don't care on collision.
    Write port 27: don't care on collision.
    Write port 28: don't care on collision.
    Write port 29: don't care on collision.
    Write port 30: don't care on collision.
    Write port 31: don't care on collision.
    Write port 32: don't care on collision.
    Write port 33: don't care on collision.
    Write port 34: don't care on collision.
    Write port 35: don't care on collision.
    Write port 36: don't care on collision.
    Write port 37: don't care on collision.
    Write port 38: don't care on collision.
    Write port 39: don't care on collision.
    Write port 40: don't care on collision.
    Write port 41: don't care on collision.
    Write port 42: don't care on collision.
    Write port 43: don't care on collision.
    Write port 44: don't care on collision.
    Write port 45: don't care on collision.
    Write port 46: don't care on collision.
    Write port 47: don't care on collision.
    Write port 48: don't care on collision.
    Write port 49: don't care on collision.
    Write port 50: don't care on collision.
    Write port 51: don't care on collision.
    Write port 52: don't care on collision.
    Write port 53: don't care on collision.
    Write port 54: don't care on collision.
    Write port 55: don't care on collision.
    Write port 56: don't care on collision.
    Write port 57: don't care on collision.
    Write port 58: don't care on collision.
    Write port 59: don't care on collision.
    Write port 60: don't care on collision.
    Write port 61: don't care on collision.
    Write port 62: don't care on collision.
    Write port 63: don't care on collision.
    Write port 64: don't care on collision.
    Write port 65: don't care on collision.
    Write port 66: don't care on collision.
    Write port 67: don't care on collision.
    Write port 68: don't care on collision.
    Write port 69: don't care on collision.
    Write port 70: don't care on collision.
    Write port 71: don't care on collision.
    Write port 72: don't care on collision.
    Write port 73: don't care on collision.
    Write port 74: don't care on collision.
    Write port 75: don't care on collision.
    Write port 76: don't care on collision.
    Write port 77: don't care on collision.
    Write port 78: don't care on collision.
    Write port 79: don't care on collision.
Checking read port `\u_matrix.obuf'[27] in module `\alapeno_tile_ctrl': merging output FF to cell.
    Write port 0: don't care on collision.
    Write port 1: don't care on collision.
    Write port 2: don't care on collision.
    Write port 3: don't care on collision.
    Write port 4: don't care on collision.
    Write port 5: don't care on collision.
    Write port 6: don't care on collision.
    Write port 7: don't care on collision.
    Write port 8: don't care on collision.
    Write port 9: don't care on collision.
    Write port 10: don't care on collision.
    Write port 11: don't care on collision.
    Write port 12: don't care on collision.
    Write port 13: don't care on collision.
    Write port 14: don't care on collision.
    Write port 15: don't care on collision.
    Write port 16: don't care on collision.
    Write port 17: don't care on collision.
    Write port 18: don't care on collision.
    Write port 19: don't care on collision.
    Write port 20: don't care on collision.
    Write port 21: don't care on collision.
    Write port 22: don't care on collision.
    Write port 23: don't care on collision.
    Write port 24: don't care on collision.
    Write port 25: don't care on collision.
    Write port 26: don't care on collision.
    Write port 27: don't care on collision.
    Write port 28: don't care on collision.
    Write port 29: don't care on collision.
    Write port 30: don't care on collision.
    Write port 31: don't care on collision.
    Write port 32: don't care on collision.
    Write port 33: don't care on collision.
    Write port 34: don't care on collision.
    Write port 35: don't care on collision.
    Write port 36: don't care on collision.
    Write port 37: don't care on collision.
    Write port 38: don't care on collision.
    Write port 39: don't care on collision.
    Write port 40: don't care on collision.
    Write port 41: don't care on collision.
    Write port 42: don't care on collision.
    Write port 43: don't care on collision.
    Write port 44: don't care on collision.
    Write port 45: don't care on collision.
    Write port 46: don't care on collision.
    Write port 47: don't care on collision.
    Write port 48: don't care on collision.
    Write port 49: don't care on collision.
    Write port 50: don't care on collision.
    Write port 51: don't care on collision.
    Write port 52: don't care on collision.
    Write port 53: don't care on collision.
    Write port 54: don't care on collision.
    Write port 55: don't care on collision.
    Write port 56: don't care on collision.
    Write port 57: don't care on collision.
    Write port 58: don't care on collision.
    Write port 59: don't care on collision.
    Write port 60: don't care on collision.
    Write port 61: don't care on collision.
    Write port 62: don't care on collision.
    Write port 63: don't care on collision.
    Write port 64: don't care on collision.
    Write port 65: don't care on collision.
    Write port 66: don't care on collision.
    Write port 67: don't care on collision.
    Write port 68: don't care on collision.
    Write port 69: don't care on collision.
    Write port 70: don't care on collision.
    Write port 71: don't care on collision.
    Write port 72: don't care on collision.
    Write port 73: don't care on collision.
    Write port 74: don't care on collision.
    Write port 75: don't care on collision.
    Write port 76: don't care on collision.
    Write port 77: don't care on collision.
    Write port 78: don't care on collision.
    Write port 79: don't care on collision.
Checking read port `\u_matrix.obuf'[28] in module `\alapeno_tile_ctrl': merging output FF to cell.
    Write port 0: don't care on collision.
    Write port 1: don't care on collision.
    Write port 2: don't care on collision.
    Write port 3: don't care on collision.
    Write port 4: don't care on collision.
    Write port 5: don't care on collision.
    Write port 6: don't care on collision.
    Write port 7: don't care on collision.
    Write port 8: don't care on collision.
    Write port 9: don't care on collision.
    Write port 10: don't care on collision.
    Write port 11: don't care on collision.
    Write port 12: don't care on collision.
    Write port 13: don't care on collision.
    Write port 14: don't care on collision.
    Write port 15: don't care on collision.
    Write port 16: don't care on collision.
    Write port 17: don't care on collision.
    Write port 18: don't care on collision.
    Write port 19: don't care on collision.
    Write port 20: don't care on collision.
    Write port 21: don't care on collision.
    Write port 22: don't care on collision.
    Write port 23: don't care on collision.
    Write port 24: don't care on collision.
    Write port 25: don't care on collision.
    Write port 26: don't care on collision.
    Write port 27: don't care on collision.
    Write port 28: don't care on collision.
    Write port 29: don't care on collision.
    Write port 30: don't care on collision.
    Write port 31: don't care on collision.
    Write port 32: don't care on collision.
    Write port 33: don't care on collision.
    Write port 34: don't care on collision.
    Write port 35: don't care on collision.
    Write port 36: don't care on collision.
    Write port 37: don't care on collision.
    Write port 38: don't care on collision.
    Write port 39: don't care on collision.
    Write port 40: don't care on collision.
    Write port 41: don't care on collision.
    Write port 42: don't care on collision.
    Write port 43: don't care on collision.
    Write port 44: don't care on collision.
    Write port 45: don't care on collision.
    Write port 46: don't care on collision.
    Write port 47: don't care on collision.
    Write port 48: don't care on collision.
    Write port 49: don't care on collision.
    Write port 50: don't care on collision.
    Write port 51: don't care on collision.
    Write port 52: don't care on collision.
    Write port 53: don't care on collision.
    Write port 54: don't care on collision.
    Write port 55: don't care on collision.
    Write port 56: don't care on collision.
    Write port 57: don't care on collision.
    Write port 58: don't care on collision.
    Write port 59: don't care on collision.
    Write port 60: don't care on collision.
    Write port 61: don't care on collision.
    Write port 62: don't care on collision.
    Write port 63: don't care on collision.
    Write port 64: don't care on collision.
    Write port 65: don't care on collision.
    Write port 66: don't care on collision.
    Write port 67: don't care on collision.
    Write port 68: don't care on collision.
    Write port 69: don't care on collision.
    Write port 70: don't care on collision.
    Write port 71: don't care on collision.
    Write port 72: don't care on collision.
    Write port 73: don't care on collision.
    Write port 74: don't care on collision.
    Write port 75: don't care on collision.
    Write port 76: don't care on collision.
    Write port 77: don't care on collision.
    Write port 78: don't care on collision.
    Write port 79: don't care on collision.
Checking read port `\u_matrix.obuf'[29] in module `\alapeno_tile_ctrl': merging output FF to cell.
    Write port 0: don't care on collision.
    Write port 1: don't care on collision.
    Write port 2: don't care on collision.
    Write port 3: don't care on collision.
    Write port 4: don't care on collision.
    Write port 5: don't care on collision.
    Write port 6: don't care on collision.
    Write port 7: don't care on collision.
    Write port 8: don't care on collision.
    Write port 9: don't care on collision.
    Write port 10: don't care on collision.
    Write port 11: don't care on collision.
    Write port 12: don't care on collision.
    Write port 13: don't care on collision.
    Write port 14: don't care on collision.
    Write port 15: don't care on collision.
    Write port 16: don't care on collision.
    Write port 17: don't care on collision.
    Write port 18: don't care on collision.
    Write port 19: don't care on collision.
    Write port 20: don't care on collision.
    Write port 21: don't care on collision.
    Write port 22: don't care on collision.
    Write port 23: don't care on collision.
    Write port 24: don't care on collision.
    Write port 25: don't care on collision.
    Write port 26: don't care on collision.
    Write port 27: don't care on collision.
    Write port 28: don't care on collision.
    Write port 29: don't care on collision.
    Write port 30: don't care on collision.
    Write port 31: don't care on collision.
    Write port 32: don't care on collision.
    Write port 33: don't care on collision.
    Write port 34: don't care on collision.
    Write port 35: don't care on collision.
    Write port 36: don't care on collision.
    Write port 37: don't care on collision.
    Write port 38: don't care on collision.
    Write port 39: don't care on collision.
    Write port 40: don't care on collision.
    Write port 41: don't care on collision.
    Write port 42: don't care on collision.
    Write port 43: don't care on collision.
    Write port 44: don't care on collision.
    Write port 45: don't care on collision.
    Write port 46: don't care on collision.
    Write port 47: don't care on collision.
    Write port 48: don't care on collision.
    Write port 49: don't care on collision.
    Write port 50: don't care on collision.
    Write port 51: don't care on collision.
    Write port 52: don't care on collision.
    Write port 53: don't care on collision.
    Write port 54: don't care on collision.
    Write port 55: don't care on collision.
    Write port 56: don't care on collision.
    Write port 57: don't care on collision.
    Write port 58: don't care on collision.
    Write port 59: don't care on collision.
    Write port 60: don't care on collision.
    Write port 61: don't care on collision.
    Write port 62: don't care on collision.
    Write port 63: don't care on collision.
    Write port 64: don't care on collision.
    Write port 65: don't care on collision.
    Write port 66: don't care on collision.
    Write port 67: don't care on collision.
    Write port 68: don't care on collision.
    Write port 69: don't care on collision.
    Write port 70: don't care on collision.
    Write port 71: don't care on collision.
    Write port 72: don't care on collision.
    Write port 73: don't care on collision.
    Write port 74: don't care on collision.
    Write port 75: don't care on collision.
    Write port 76: don't care on collision.
    Write port 77: don't care on collision.
    Write port 78: don't care on collision.
    Write port 79: don't care on collision.
Checking read port `\u_matrix.obuf'[30] in module `\alapeno_tile_ctrl': merging output FF to cell.
    Write port 0: don't care on collision.
    Write port 1: don't care on collision.
    Write port 2: don't care on collision.
    Write port 3: don't care on collision.
    Write port 4: don't care on collision.
    Write port 5: don't care on collision.
    Write port 6: don't care on collision.
    Write port 7: don't care on collision.
    Write port 8: don't care on collision.
    Write port 9: don't care on collision.
    Write port 10: don't care on collision.
    Write port 11: don't care on collision.
    Write port 12: don't care on collision.
    Write port 13: don't care on collision.
    Write port 14: don't care on collision.
    Write port 15: don't care on collision.
    Write port 16: don't care on collision.
    Write port 17: don't care on collision.
    Write port 18: don't care on collision.
    Write port 19: don't care on collision.
    Write port 20: don't care on collision.
    Write port 21: don't care on collision.
    Write port 22: don't care on collision.
    Write port 23: don't care on collision.
    Write port 24: don't care on collision.
    Write port 25: don't care on collision.
    Write port 26: don't care on collision.
    Write port 27: don't care on collision.
    Write port 28: don't care on collision.
    Write port 29: don't care on collision.
    Write port 30: don't care on collision.
    Write port 31: don't care on collision.
    Write port 32: don't care on collision.
    Write port 33: don't care on collision.
    Write port 34: don't care on collision.
    Write port 35: don't care on collision.
    Write port 36: don't care on collision.
    Write port 37: don't care on collision.
    Write port 38: don't care on collision.
    Write port 39: don't care on collision.
    Write port 40: don't care on collision.
    Write port 41: don't care on collision.
    Write port 42: don't care on collision.
    Write port 43: don't care on collision.
    Write port 44: don't care on collision.
    Write port 45: don't care on collision.
    Write port 46: don't care on collision.
    Write port 47: don't care on collision.
    Write port 48: don't care on collision.
    Write port 49: don't care on collision.
    Write port 50: don't care on collision.
    Write port 51: don't care on collision.
    Write port 52: don't care on collision.
    Write port 53: don't care on collision.
    Write port 54: don't care on collision.
    Write port 55: don't care on collision.
    Write port 56: don't care on collision.
    Write port 57: don't care on collision.
    Write port 58: don't care on collision.
    Write port 59: don't care on collision.
    Write port 60: don't care on collision.
    Write port 61: don't care on collision.
    Write port 62: don't care on collision.
    Write port 63: don't care on collision.
    Write port 64: don't care on collision.
    Write port 65: don't care on collision.
    Write port 66: don't care on collision.
    Write port 67: don't care on collision.
    Write port 68: don't care on collision.
    Write port 69: don't care on collision.
    Write port 70: don't care on collision.
    Write port 71: don't care on collision.
    Write port 72: don't care on collision.
    Write port 73: don't care on collision.
    Write port 74: don't care on collision.
    Write port 75: don't care on collision.
    Write port 76: don't care on collision.
    Write port 77: don't care on collision.
    Write port 78: don't care on collision.
    Write port 79: don't care on collision.
Checking read port `\u_matrix.obuf'[31] in module `\alapeno_tile_ctrl': merging output FF to cell.
    Write port 0: don't care on collision.
    Write port 1: don't care on collision.
    Write port 2: don't care on collision.
    Write port 3: don't care on collision.
    Write port 4: don't care on collision.
    Write port 5: don't care on collision.
    Write port 6: don't care on collision.
    Write port 7: don't care on collision.
    Write port 8: don't care on collision.
    Write port 9: don't care on collision.
    Write port 10: don't care on collision.
    Write port 11: don't care on collision.
    Write port 12: don't care on collision.
    Write port 13: don't care on collision.
    Write port 14: don't care on collision.
    Write port 15: don't care on collision.
    Write port 16: don't care on collision.
    Write port 17: don't care on collision.
    Write port 18: don't care on collision.
    Write port 19: don't care on collision.
    Write port 20: don't care on collision.
    Write port 21: don't care on collision.
    Write port 22: don't care on collision.
    Write port 23: don't care on collision.
    Write port 24: don't care on collision.
    Write port 25: don't care on collision.
    Write port 26: don't care on collision.
    Write port 27: don't care on collision.
    Write port 28: don't care on collision.
    Write port 29: don't care on collision.
    Write port 30: don't care on collision.
    Write port 31: don't care on collision.
    Write port 32: don't care on collision.
    Write port 33: don't care on collision.
    Write port 34: don't care on collision.
    Write port 35: don't care on collision.
    Write port 36: don't care on collision.
    Write port 37: don't care on collision.
    Write port 38: don't care on collision.
    Write port 39: don't care on collision.
    Write port 40: don't care on collision.
    Write port 41: don't care on collision.
    Write port 42: don't care on collision.
    Write port 43: don't care on collision.
    Write port 44: don't care on collision.
    Write port 45: don't care on collision.
    Write port 46: don't care on collision.
    Write port 47: don't care on collision.
    Write port 48: don't care on collision.
    Write port 49: don't care on collision.
    Write port 50: don't care on collision.
    Write port 51: don't care on collision.
    Write port 52: don't care on collision.
    Write port 53: don't care on collision.
    Write port 54: don't care on collision.
    Write port 55: don't care on collision.
    Write port 56: don't care on collision.
    Write port 57: don't care on collision.
    Write port 58: don't care on collision.
    Write port 59: don't care on collision.
    Write port 60: don't care on collision.
    Write port 61: don't care on collision.
    Write port 62: don't care on collision.
    Write port 63: don't care on collision.
    Write port 64: don't care on collision.
    Write port 65: don't care on collision.
    Write port 66: don't care on collision.
    Write port 67: don't care on collision.
    Write port 68: don't care on collision.
    Write port 69: don't care on collision.
    Write port 70: don't care on collision.
    Write port 71: don't care on collision.
    Write port 72: don't care on collision.
    Write port 73: don't care on collision.
    Write port 74: don't care on collision.
    Write port 75: don't care on collision.
    Write port 76: don't care on collision.
    Write port 77: don't care on collision.
    Write port 78: don't care on collision.
    Write port 79: don't care on collision.

7.6. Executing OPT_CLEAN pass (remove unused cells and wires).
Finding unused cells or wires in module \alapeno_tile_ctrl..
Removed 13 unused cells and 300 unused wires.
<suppressed ~16 debug messages>

7.7. Executing MEMORY_SHARE pass (consolidating $memrd/$memwr cells).
Consolidating read ports of memory alapeno_tile_ctrl.u_matrix.obuf by address:
Consolidating write ports of memory alapeno_tile_ctrl.u_matrix.obuf by address:
  Merging ports 0, 32 (address { $1043y [26:0] 5'00000 }).
  Merging ports 1, 33 (address $375y).
  Merging ports 2, 34 (address $379y).
  Merging ports 3, 35 (address $383y).
  Merging ports 4, 36 (address $387y).
  Merging ports 5, 37 (address $391y).
  Merging ports 6, 38 (address $395y).
  Merging ports 7, 39 (address $399y).
  Merging ports 8, 40 (address $600y).
  Merging ports 9, 41 (address $604y).
  Merging ports 10, 42 (address $608y).
  Merging ports 11, 43 (address $612y).
  Merging ports 12, 44 (address $616y).
  Merging ports 13, 45 (address $620y).
  Merging ports 14, 46 (address $624y).
  Merging ports 15, 47 (address $628y).
  Merging ports 16, 48 (address $632y).
  Merging ports 17, 49 (address $636y).
  Merging ports 18, 50 (address $640y).
  Merging ports 19, 51 (address $644y).
  Merging ports 20, 52 (address $648y).
  Merging ports 21, 53 (address $652y).
  Merging ports 22, 54 (address $656y).
  Merging ports 23, 55 (address $660y).
  Merging ports 24, 56 (address $664y).
  Merging ports 25, 57 (address $668y).
  Merging ports 26, 58 (address $672y).
  Merging ports 27, 59 (address $676y).
  Merging ports 28, 60 (address $680y).
  Merging ports 29, 61 (address $684y).
  Merging ports 30, 62 (address $688y).
  Merging ports 31, 63 (address $692y).
Consolidating write ports of memory alapeno_tile_ctrl.u_matrix.obuf by address:
Consolidating write ports of memory alapeno_tile_ctrl.u_matrix.obuf using sat-based resource sharing:
  Checking group clocked with posedge \clk, width 8: ports 0, 1, 2, 3, 4, 5, 6, 7, 8, 9, 10, 11, 12, 13, 14, 15, 16, 17, 18, 19, 20, 21, 22, 23, 24, 25, 26, 27, 28, 29, 30, 31, 32, 33, 34, 35, 36, 37, 38, 39, 40, 41, 42, 43, 44, 45, 46, 47.
  Common input cone for all EN signals: 65 cells.
  Size of unconstrained SAT problem: 7140 variables, 18525 clauses
  According to SAT solver sharing of port 0 with port 1 is not possible.
  According to SAT solver sharing of port 0 with port 2 is not possible.
  According to SAT solver sharing of port 0 with port 3 is not possible.
  According to SAT solver sharing of port 0 with port 4 is not possible.
  According to SAT solver sharing of port 0 with port 5 is not possible.
  According to SAT solver sharing of port 0 with port 6 is not possible.
  According to SAT solver sharing of port 0 with port 7 is not possible.
  According to SAT solver sharing of port 0 with port 8 is not possible.
  According to SAT solver sharing of port 0 with port 9 is not possible.
  According to SAT solver sharing of port 0 with port 10 is not possible.
  According to SAT solver sharing of port 0 with port 11 is not possible.
  According to SAT solver sharing of port 0 with port 12 is not possible.
  According to SAT solver sharing of port 0 with port 13 is not possible.
  According to SAT solver sharing of port 0 with port 14 is not possible.
  According to SAT solver sharing of port 0 with port 15 is not possible.
  According to SAT solver sharing of port 0 with port 16 is not possible.
  According to SAT solver sharing of port 0 with port 17 is not possible.
  According to SAT solver sharing of port 0 with port 18 is not possible.
  According to SAT solver sharing of port 0 with port 19 is not possible.
  According to SAT solver sharing of port 0 with port 20 is not possible.
  According to SAT solver sharing of port 0 with port 21 is not possible.
  According to SAT solver sharing of port 0 with port 22 is not possible.
  According to SAT solver sharing of port 0 with port 23 is not possible.
  According to SAT solver sharing of port 0 with port 24 is not possible.
  According to SAT solver sharing of port 0 with port 25 is not possible.
  According to SAT solver sharing of port 0 with port 26 is not possible.
  According to SAT solver sharing of port 0 with port 27 is not possible.
  According to SAT solver sharing of port 0 with port 28 is not possible.
  According to SAT solver sharing of port 0 with port 29 is not possible.
  According to SAT solver sharing of port 0 with port 30 is not possible.
  According to SAT solver sharing of port 0 with port 31 is not possible.
  Merging port 32 into port 0.
  According to SAT solver sharing of port 0 with port 33 is not possible.
  According to SAT solver sharing of port 0 with port 34 is not possible.
  According to SAT solver sharing of port 0 with port 35 is not possible.
  According to SAT solver sharing of port 0 with port 36 is not possible.
  According to SAT solver sharing of port 0 with port 37 is not possible.
  According to SAT solver sharing of port 0 with port 38 is not possible.
  According to SAT solver sharing of port 0 with port 39 is not possible.
  According to SAT solver sharing of port 0 with port 40 is not possible.
  According to SAT solver sharing of port 0 with port 41 is not possible.
  According to SAT solver sharing of port 0 with port 42 is not possible.
  According to SAT solver sharing of port 0 with port 43 is not possible.
  According to SAT solver sharing of port 0 with port 44 is not possible.
  According to SAT solver sharing of port 0 with port 45 is not possible.
  According to SAT solver sharing of port 0 with port 46 is not possible.
  According to SAT solver sharing of port 0 with port 47 is not possible.
  According to SAT solver sharing of port 1 with port 2 is not possible.
  According to SAT solver sharing of port 1 with port 3 is not possible.
  According to SAT solver sharing of port 1 with port 4 is not possible.
  According to SAT solver sharing of port 1 with port 5 is not possible.
  According to SAT solver sharing of port 1 with port 6 is not possible.
  According to SAT solver sharing of port 1 with port 7 is not possible.
  According to SAT solver sharing of port 1 with port 8 is not possible.
  According to SAT solver sharing of port 1 with port 9 is not possible.
  According to SAT solver sharing of port 1 with port 10 is not possible.
  According to SAT solver sharing of port 1 with port 11 is not possible.
  According to SAT solver sharing of port 1 with port 12 is not possible.
  According to SAT solver sharing of port 1 with port 13 is not possible.
  According to SAT solver sharing of port 1 with port 14 is not possible.
  According to SAT solver sharing of port 1 with port 15 is not possible.
  According to SAT solver sharing of port 1 with port 16 is not possible.
  According to SAT solver sharing of port 1 with port 17 is not possible.
  According to SAT solver sharing of port 1 with port 18 is not possible.
  According to SAT solver sharing of port 1 with port 19 is not possible.
  According to SAT solver sharing of port 1 with port 20 is not possible.
  According to SAT solver sharing of port 1 with port 21 is not possible.
  According to SAT solver sharing of port 1 with port 22 is not possible.
  According to SAT solver sharing of port 1 with port 23 is not possible.
  According to SAT solver sharing of port 1 with port 24 is not possible.
  According to SAT solver sharing of port 1 with port 25 is not possible.
  According to SAT solver sharing of port 1 with port 26 is not possible.
  According to SAT solver sharing of port 1 with port 27 is not possible.
  According to SAT solver sharing of port 1 with port 28 is not possible.
  According to SAT solver sharing of port 1 with port 29 is not possible.
  According to SAT solver sharing of port 1 with port 30 is not possible.
  According to SAT solver sharing of port 1 with port 31 is not possible.
  Merging port 33 into port 1.
  According to SAT solver sharing of port 1 with port 34 is not possible.
  According to SAT solver sharing of port 1 with port 35 is not possible.
  According to SAT solver sharing of port 1 with port 36 is not possible.
  According to SAT solver sharing of port 1 with port 37 is not possible.
  According to SAT solver sharing of port 1 with port 38 is not possible.
  According to SAT solver sharing of port 1 with port 39 is not possible.
  According to SAT solver sharing of port 1 with port 40 is not possible.
  According to SAT solver sharing of port 1 with port 41 is not possible.
  According to SAT solver sharing of port 1 with port 42 is not possible.
  According to SAT solver sharing of port 1 with port 43 is not possible.
  According to SAT solver sharing of port 1 with port 44 is not possible.
  According to SAT solver sharing of port 1 with port 45 is not possible.
  According to SAT solver sharing of port 1 with port 46 is not possible.
  According to SAT solver sharing of port 1 with port 47 is not possible.
  According to SAT solver sharing of port 2 with port 3 is not possible.
  According to SAT solver sharing of port 2 with port 4 is not possible.
  According to SAT solver sharing of port 2 with port 5 is not possible.
  According to SAT solver sharing of port 2 with port 6 is not possible.
  According to SAT solver sharing of port 2 with port 7 is not possible.
  According to SAT solver sharing of port 2 with port 8 is not possible.
  According to SAT solver sharing of port 2 with port 9 is not possible.
  According to SAT solver sharing of port 2 with port 10 is not possible.
  According to SAT solver sharing of port 2 with port 11 is not possible.
  According to SAT solver sharing of port 2 with port 12 is not possible.
  According to SAT solver sharing of port 2 with port 13 is not possible.
  According to SAT solver sharing of port 2 with port 14 is not possible.
  According to SAT solver sharing of port 2 with port 15 is not possible.
  According to SAT solver sharing of port 2 with port 16 is not possible.
  According to SAT solver sharing of port 2 with port 17 is not possible.
  According to SAT solver sharing of port 2 with port 18 is not possible.
  According to SAT solver sharing of port 2 with port 19 is not possible.
  According to SAT solver sharing of port 2 with port 20 is not possible.
  According to SAT solver sharing of port 2 with port 21 is not possible.
  According to SAT solver sharing of port 2 with port 22 is not possible.
  According to SAT solver sharing of port 2 with port 23 is not possible.
  According to SAT solver sharing of port 2 with port 24 is not possible.
  According to SAT solver sharing of port 2 with port 25 is not possible.
  According to SAT solver sharing of port 2 with port 26 is not possible.
  According to SAT solver sharing of port 2 with port 27 is not possible.
  According to SAT solver sharing of port 2 with port 28 is not possible.
  According to SAT solver sharing of port 2 with port 29 is not possible.
  According to SAT solver sharing of port 2 with port 30 is not possible.
  According to SAT solver sharing of port 2 with port 31 is not possible.
  Merging port 34 into port 2.
  According to SAT solver sharing of port 2 with port 35 is not possible.
  According to SAT solver sharing of port 2 with port 36 is not possible.
  According to SAT solver sharing of port 2 with port 37 is not possible.
  According to SAT solver sharing of port 2 with port 38 is not possible.
  According to SAT solver sharing of port 2 with port 39 is not possible.
  According to SAT solver sharing of port 2 with port 40 is not possible.
  According to SAT solver sharing of port 2 with port 41 is not possible.
  According to SAT solver sharing of port 2 with port 42 is not possible.
  According to SAT solver sharing of port 2 with port 43 is not possible.
  According to SAT solver sharing of port 2 with port 44 is not possible.
  According to SAT solver sharing of port 2 with port 45 is not possible.
  According to SAT solver sharing of port 2 with port 46 is not possible.
  According to SAT solver sharing of port 2 with port 47 is not possible.
  According to SAT solver sharing of port 3 with port 4 is not possible.
  According to SAT solver sharing of port 3 with port 5 is not possible.
  According to SAT solver sharing of port 3 with port 6 is not possible.
  According to SAT solver sharing of port 3 with port 7 is not possible.
  According to SAT solver sharing of port 3 with port 8 is not possible.
  According to SAT solver sharing of port 3 with port 9 is not possible.
  According to SAT solver sharing of port 3 with port 10 is not possible.
  According to SAT solver sharing of port 3 with port 11 is not possible.
  According to SAT solver sharing of port 3 with port 12 is not possible.
  According to SAT solver sharing of port 3 with port 13 is not possible.
  According to SAT solver sharing of port 3 with port 14 is not possible.
  According to SAT solver sharing of port 3 with port 15 is not possible.
  According to SAT solver sharing of port 3 with port 16 is not possible.
  According to SAT solver sharing of port 3 with port 17 is not possible.
  According to SAT solver sharing of port 3 with port 18 is not possible.
  According to SAT solver sharing of port 3 with port 19 is not possible.
  According to SAT solver sharing of port 3 with port 20 is not possible.
  According to SAT solver sharing of port 3 with port 21 is not possible.
  According to SAT solver sharing of port 3 with port 22 is not possible.
  According to SAT solver sharing of port 3 with port 23 is not possible.
  According to SAT solver sharing of port 3 with port 24 is not possible.
  According to SAT solver sharing of port 3 with port 25 is not possible.
  According to SAT solver sharing of port 3 with port 26 is not possible.
  According to SAT solver sharing of port 3 with port 27 is not possible.
  According to SAT solver sharing of port 3 with port 28 is not possible.
  According to SAT solver sharing of port 3 with port 29 is not possible.
  According to SAT solver sharing of port 3 with port 30 is not possible.
  According to SAT solver sharing of port 3 with port 31 is not possible.
  Merging port 35 into port 3.
  According to SAT solver sharing of port 3 with port 36 is not possible.
  According to SAT solver sharing of port 3 with port 37 is not possible.
  According to SAT solver sharing of port 3 with port 38 is not possible.
  According to SAT solver sharing of port 3 with port 39 is not possible.
  According to SAT solver sharing of port 3 with port 40 is not possible.
  According to SAT solver sharing of port 3 with port 41 is not possible.
  According to SAT solver sharing of port 3 with port 42 is not possible.
  According to SAT solver sharing of port 3 with port 43 is not possible.
  According to SAT solver sharing of port 3 with port 44 is not possible.
  According to SAT solver sharing of port 3 with port 45 is not possible.
  According to SAT solver sharing of port 3 with port 46 is not possible.
  According to SAT solver sharing of port 3 with port 47 is not possible.
  According to SAT solver sharing of port 4 with port 5 is not possible.
  According to SAT solver sharing of port 4 with port 6 is not possible.
  According to SAT solver sharing of port 4 with port 7 is not possible.
  According to SAT solver sharing of port 4 with port 8 is not possible.
  According to SAT solver sharing of port 4 with port 9 is not possible.
  According to SAT solver sharing of port 4 with port 10 is not possible.
  According to SAT solver sharing of port 4 with port 11 is not possible.
  According to SAT solver sharing of port 4 with port 12 is not possible.
  According to SAT solver sharing of port 4 with port 13 is not possible.
  According to SAT solver sharing of port 4 with port 14 is not possible.
  According to SAT solver sharing of port 4 with port 15 is not possible.
  According to SAT solver sharing of port 4 with port 16 is not possible.
  According to SAT solver sharing of port 4 with port 17 is not possible.
  According to SAT solver sharing of port 4 with port 18 is not possible.
  According to SAT solver sharing of port 4 with port 19 is not possible.
  According to SAT solver sharing of port 4 with port 20 is not possible.
  According to SAT solver sharing of port 4 with port 21 is not possible.
  According to SAT solver sharing of port 4 with port 22 is not possible.
  According to SAT solver sharing of port 4 with port 23 is not possible.
  According to SAT solver sharing of port 4 with port 24 is not possible.
  According to SAT solver sharing of port 4 with port 25 is not possible.
  According to SAT solver sharing of port 4 with port 26 is not possible.
  According to SAT solver sharing of port 4 with port 27 is not possible.
  According to SAT solver sharing of port 4 with port 28 is not possible.
  According to SAT solver sharing of port 4 with port 29 is not possible.
  According to SAT solver sharing of port 4 with port 30 is not possible.
  According to SAT solver sharing of port 4 with port 31 is not possible.
  Merging port 36 into port 4.
  According to SAT solver sharing of port 4 with port 37 is not possible.
  According to SAT solver sharing of port 4 with port 38 is not possible.
  According to SAT solver sharing of port 4 with port 39 is not possible.
  According to SAT solver sharing of port 4 with port 40 is not possible.
  According to SAT solver sharing of port 4 with port 41 is not possible.
  According to SAT solver sharing of port 4 with port 42 is not possible.
  According to SAT solver sharing of port 4 with port 43 is not possible.
  According to SAT solver sharing of port 4 with port 44 is not possible.
  According to SAT solver sharing of port 4 with port 45 is not possible.
  According to SAT solver sharing of port 4 with port 46 is not possible.
  According to SAT solver sharing of port 4 with port 47 is not possible.
  According to SAT solver sharing of port 5 with port 6 is not possible.
  According to SAT solver sharing of port 5 with port 7 is not possible.
  According to SAT solver sharing of port 5 with port 8 is not possible.
  According to SAT solver sharing of port 5 with port 9 is not possible.
  According to SAT solver sharing of port 5 with port 10 is not possible.
  According to SAT solver sharing of port 5 with port 11 is not possible.
  According to SAT solver sharing of port 5 with port 12 is not possible.
  According to SAT solver sharing of port 5 with port 13 is not possible.
  According to SAT solver sharing of port 5 with port 14 is not possible.
  According to SAT solver sharing of port 5 with port 15 is not possible.
  According to SAT solver sharing of port 5 with port 16 is not possible.
  According to SAT solver sharing of port 5 with port 17 is not possible.
  According to SAT solver sharing of port 5 with port 18 is not possible.
  According to SAT solver sharing of port 5 with port 19 is not possible.
  According to SAT solver sharing of port 5 with port 20 is not possible.
  According to SAT solver sharing of port 5 with port 21 is not possible.
  According to SAT solver sharing of port 5 with port 22 is not possible.
  According to SAT solver sharing of port 5 with port 23 is not possible.
  According to SAT solver sharing of port 5 with port 24 is not possible.
  According to SAT solver sharing of port 5 with port 25 is not possible.
  According to SAT solver sharing of port 5 with port 26 is not possible.
  According to SAT solver sharing of port 5 with port 27 is not possible.
  According to SAT solver sharing of port 5 with port 28 is not possible.
  According to SAT solver sharing of port 5 with port 29 is not possible.
  According to SAT solver sharing of port 5 with port 30 is not possible.
  According to SAT solver sharing of port 5 with port 31 is not possible.
  Merging port 37 into port 5.
  According to SAT solver sharing of port 5 with port 38 is not possible.
  According to SAT solver sharing of port 5 with port 39 is not possible.
  According to SAT solver sharing of port 5 with port 40 is not possible.
  According to SAT solver sharing of port 5 with port 41 is not possible.
  According to SAT solver sharing of port 5 with port 42 is not possible.
  According to SAT solver sharing of port 5 with port 43 is not possible.
  According to SAT solver sharing of port 5 with port 44 is not possible.
  According to SAT solver sharing of port 5 with port 45 is not possible.
  According to SAT solver sharing of port 5 with port 46 is not possible.
  According to SAT solver sharing of port 5 with port 47 is not possible.
  According to SAT solver sharing of port 6 with port 7 is not possible.
  According to SAT solver sharing of port 6 with port 8 is not possible.
  According to SAT solver sharing of port 6 with port 9 is not possible.
  According to SAT solver sharing of port 6 with port 10 is not possible.
  According to SAT solver sharing of port 6 with port 11 is not possible.
  According to SAT solver sharing of port 6 with port 12 is not possible.
  According to SAT solver sharing of port 6 with port 13 is not possible.
  According to SAT solver sharing of port 6 with port 14 is not possible.
  According to SAT solver sharing of port 6 with port 15 is not possible.
  According to SAT solver sharing of port 6 with port 16 is not possible.
  According to SAT solver sharing of port 6 with port 17 is not possible.
  According to SAT solver sharing of port 6 with port 18 is not possible.
  According to SAT solver sharing of port 6 with port 19 is not possible.
  According to SAT solver sharing of port 6 with port 20 is not possible.
  According to SAT solver sharing of port 6 with port 21 is not possible.
  According to SAT solver sharing of port 6 with port 22 is not possible.
  According to SAT solver sharing of port 6 with port 23 is not possible.
  According to SAT solver sharing of port 6 with port 24 is not possible.
  According to SAT solver sharing of port 6 with port 25 is not possible.
  According to SAT solver sharing of port 6 with port 26 is not possible.
  According to SAT solver sharing of port 6 with port 27 is not possible.
  According to SAT solver sharing of port 6 with port 28 is not possible.
  According to SAT solver sharing of port 6 with port 29 is not possible.
  According to SAT solver sharing of port 6 with port 30 is not possible.
  According to SAT solver sharing of port 6 with port 31 is not possible.
  Merging port 38 into port 6.
  According to SAT solver sharing of port 6 with port 39 is not possible.
  According to SAT solver sharing of port 6 with port 40 is not possible.
  According to SAT solver sharing of port 6 with port 41 is not possible.
  According to SAT solver sharing of port 6 with port 42 is not possible.
  According to SAT solver sharing of port 6 with port 43 is not possible.
  According to SAT solver sharing of port 6 with port 44 is not possible.
  According to SAT solver sharing of port 6 with port 45 is not possible.
  According to SAT solver sharing of port 6 with port 46 is not possible.
  According to SAT solver sharing of port 6 with port 47 is not possible.
  According to SAT solver sharing of port 7 with port 8 is not possible.
  According to SAT solver sharing of port 7 with port 9 is not possible.
  According to SAT solver sharing of port 7 with port 10 is not possible.
  According to SAT solver sharing of port 7 with port 11 is not possible.
  According to SAT solver sharing of port 7 with port 12 is not possible.
  According to SAT solver sharing of port 7 with port 13 is not possible.
  According to SAT solver sharing of port 7 with port 14 is not possible.
  According to SAT solver sharing of port 7 with port 15 is not possible.
  According to SAT solver sharing of port 7 with port 16 is not possible.
  According to SAT solver sharing of port 7 with port 17 is not possible.
  According to SAT solver sharing of port 7 with port 18 is not possible.
  According to SAT solver sharing of port 7 with port 19 is not possible.
  According to SAT solver sharing of port 7 with port 20 is not possible.
  According to SAT solver sharing of port 7 with port 21 is not possible.
  According to SAT solver sharing of port 7 with port 22 is not possible.
  According to SAT solver sharing of port 7 with port 23 is not possible.
  According to SAT solver sharing of port 7 with port 24 is not possible.
  According to SAT solver sharing of port 7 with port 25 is not possible.
  According to SAT solver sharing of port 7 with port 26 is not possible.
  According to SAT solver sharing of port 7 with port 27 is not possible.
  According to SAT solver sharing of port 7 with port 28 is not possible.
  According to SAT solver sharing of port 7 with port 29 is not possible.
  According to SAT solver sharing of port 7 with port 30 is not possible.
  According to SAT solver sharing of port 7 with port 31 is not possible.
  Merging port 39 into port 7.
  According to SAT solver sharing of port 7 with port 40 is not possible.
  According to SAT solver sharing of port 7 with port 41 is not possible.
  According to SAT solver sharing of port 7 with port 42 is not possible.
  According to SAT solver sharing of port 7 with port 43 is not possible.
  According to SAT solver sharing of port 7 with port 44 is not possible.
  According to SAT solver sharing of port 7 with port 45 is not possible.
  According to SAT solver sharing of port 7 with port 46 is not possible.
  According to SAT solver sharing of port 7 with port 47 is not possible.
  According to SAT solver sharing of port 8 with port 9 is not possible.
  According to SAT solver sharing of port 8 with port 10 is not possible.
  According to SAT solver sharing of port 8 with port 11 is not possible.
  According to SAT solver sharing of port 8 with port 12 is not possible.
  According to SAT solver sharing of port 8 with port 13 is not possible.
  According to SAT solver sharing of port 8 with port 14 is not possible.
  According to SAT solver sharing of port 8 with port 15 is not possible.
  According to SAT solver sharing of port 8 with port 16 is not possible.
  According to SAT solver sharing of port 8 with port 17 is not possible.
  According to SAT solver sharing of port 8 with port 18 is not possible.
  According to SAT solver sharing of port 8 with port 19 is not possible.
  According to SAT solver sharing of port 8 with port 20 is not possible.
  According to SAT solver sharing of port 8 with port 21 is not possible.
  According to SAT solver sharing of port 8 with port 22 is not possible.
  According to SAT solver sharing of port 8 with port 23 is not possible.
  According to SAT solver sharing of port 8 with port 24 is not possible.
  According to SAT solver sharing of port 8 with port 25 is not possible.
  According to SAT solver sharing of port 8 with port 26 is not possible.
  According to SAT solver sharing of port 8 with port 27 is not possible.
  According to SAT solver sharing of port 8 with port 28 is not possible.
  According to SAT solver sharing of port 8 with port 29 is not possible.
  According to SAT solver sharing of port 8 with port 30 is not possible.
  According to SAT solver sharing of port 8 with port 31 is not possible.
  Merging port 40 into port 8.
  According to SAT solver sharing of port 8 with port 41 is not possible.
  According to SAT solver sharing of port 8 with port 42 is not possible.
  According to SAT solver sharing of port 8 with port 43 is not possible.
  According to SAT solver sharing of port 8 with port 44 is not possible.
  According to SAT solver sharing of port 8 with port 45 is not possible.
  According to SAT solver sharing of port 8 with port 46 is not possible.
  According to SAT solver sharing of port 8 with port 47 is not possible.
  According to SAT solver sharing of port 9 with port 10 is not possible.
  According to SAT solver sharing of port 9 with port 11 is not possible.
  According to SAT solver sharing of port 9 with port 12 is not possible.
  According to SAT solver sharing of port 9 with port 13 is not possible.
  According to SAT solver sharing of port 9 with port 14 is not possible.
  According to SAT solver sharing of port 9 with port 15 is not possible.
  According to SAT solver sharing of port 9 with port 16 is not possible.
  According to SAT solver sharing of port 9 with port 17 is not possible.
  According to SAT solver sharing of port 9 with port 18 is not possible.
  According to SAT solver sharing of port 9 with port 19 is not possible.
  According to SAT solver sharing of port 9 with port 20 is not possible.
  According to SAT solver sharing of port 9 with port 21 is not possible.
  According to SAT solver sharing of port 9 with port 22 is not possible.
  According to SAT solver sharing of port 9 with port 23 is not possible.
  According to SAT solver sharing of port 9 with port 24 is not possible.
  According to SAT solver sharing of port 9 with port 25 is not possible.
  According to SAT solver sharing of port 9 with port 26 is not possible.
  According to SAT solver sharing of port 9 with port 27 is not possible.
  According to SAT solver sharing of port 9 with port 28 is not possible.
  According to SAT solver sharing of port 9 with port 29 is not possible.
  According to SAT solver sharing of port 9 with port 30 is not possible.
  According to SAT solver sharing of port 9 with port 31 is not possible.
  Merging port 41 into port 9.
  According to SAT solver sharing of port 9 with port 42 is not possible.
  According to SAT solver sharing of port 9 with port 43 is not possible.
  According to SAT solver sharing of port 9 with port 44 is not possible.
  According to SAT solver sharing of port 9 with port 45 is not possible.
  According to SAT solver sharing of port 9 with port 46 is not possible.
  According to SAT solver sharing of port 9 with port 47 is not possible.
  According to SAT solver sharing of port 10 with port 11 is not possible.
  According to SAT solver sharing of port 10 with port 12 is not possible.
  According to SAT solver sharing of port 10 with port 13 is not possible.
  According to SAT solver sharing of port 10 with port 14 is not possible.
  According to SAT solver sharing of port 10 with port 15 is not possible.
  According to SAT solver sharing of port 10 with port 16 is not possible.
  According to SAT solver sharing of port 10 with port 17 is not possible.
  According to SAT solver sharing of port 10 with port 18 is not possible.
  According to SAT solver sharing of port 10 with port 19 is not possible.
  According to SAT solver sharing of port 10 with port 20 is not possible.
  According to SAT solver sharing of port 10 with port 21 is not possible.
  According to SAT solver sharing of port 10 with port 22 is not possible.
  According to SAT solver sharing of port 10 with port 23 is not possible.
  According to SAT solver sharing of port 10 with port 24 is not possible.
  According to SAT solver sharing of port 10 with port 25 is not possible.
  According to SAT solver sharing of port 10 with port 26 is not possible.
  According to SAT solver sharing of port 10 with port 27 is not possible.
  According to SAT solver sharing of port 10 with port 28 is not possible.
  According to SAT solver sharing of port 10 with port 29 is not possible.
  According to SAT solver sharing of port 10 with port 30 is not possible.
  According to SAT solver sharing of port 10 with port 31 is not possible.
  Merging port 42 into port 10.
  According to SAT solver sharing of port 10 with port 43 is not possible.
  According to SAT solver sharing of port 10 with port 44 is not possible.
  According to SAT solver sharing of port 10 with port 45 is not possible.
  According to SAT solver sharing of port 10 with port 46 is not possible.
  According to SAT solver sharing of port 10 with port 47 is not possible.
  According to SAT solver sharing of port 11 with port 12 is not possible.
  According to SAT solver sharing of port 11 with port 13 is not possible.
  According to SAT solver sharing of port 11 with port 14 is not possible.
  According to SAT solver sharing of port 11 with port 15 is not possible.
  According to SAT solver sharing of port 11 with port 16 is not possible.
  According to SAT solver sharing of port 11 with port 17 is not possible.
  According to SAT solver sharing of port 11 with port 18 is not possible.
  According to SAT solver sharing of port 11 with port 19 is not possible.
  According to SAT solver sharing of port 11 with port 20 is not possible.
  According to SAT solver sharing of port 11 with port 21 is not possible.
  According to SAT solver sharing of port 11 with port 22 is not possible.
  According to SAT solver sharing of port 11 with port 23 is not possible.
  According to SAT solver sharing of port 11 with port 24 is not possible.
  According to SAT solver sharing of port 11 with port 25 is not possible.
  According to SAT solver sharing of port 11 with port 26 is not possible.
  According to SAT solver sharing of port 11 with port 27 is not possible.
  According to SAT solver sharing of port 11 with port 28 is not possible.
  According to SAT solver sharing of port 11 with port 29 is not possible.
  According to SAT solver sharing of port 11 with port 30 is not possible.
  According to SAT solver sharing of port 11 with port 31 is not possible.
  Merging port 43 into port 11.
  According to SAT solver sharing of port 11 with port 44 is not possible.
  According to SAT solver sharing of port 11 with port 45 is not possible.
  According to SAT solver sharing of port 11 with port 46 is not possible.
  According to SAT solver sharing of port 11 with port 47 is not possible.
  According to SAT solver sharing of port 12 with port 13 is not possible.
  According to SAT solver sharing of port 12 with port 14 is not possible.
  According to SAT solver sharing of port 12 with port 15 is not possible.
  According to SAT solver sharing of port 12 with port 16 is not possible.
  According to SAT solver sharing of port 12 with port 17 is not possible.
  According to SAT solver sharing of port 12 with port 18 is not possible.
  According to SAT solver sharing of port 12 with port 19 is not possible.
  According to SAT solver sharing of port 12 with port 20 is not possible.
  According to SAT solver sharing of port 12 with port 21 is not possible.
  According to SAT solver sharing of port 12 with port 22 is not possible.
  According to SAT solver sharing of port 12 with port 23 is not possible.
  According to SAT solver sharing of port 12 with port 24 is not possible.
  According to SAT solver sharing of port 12 with port 25 is not possible.
  According to SAT solver sharing of port 12 with port 26 is not possible.
  According to SAT solver sharing of port 12 with port 27 is not possible.
  According to SAT solver sharing of port 12 with port 28 is not possible.
  According to SAT solver sharing of port 12 with port 29 is not possible.
  According to SAT solver sharing of port 12 with port 30 is not possible.
  According to SAT solver sharing of port 12 with port 31 is not possible.
  Merging port 44 into port 12.
  According to SAT solver sharing of port 12 with port 45 is not possible.
  According to SAT solver sharing of port 12 with port 46 is not possible.
  According to SAT solver sharing of port 12 with port 47 is not possible.
  According to SAT solver sharing of port 13 with port 14 is not possible.
  According to SAT solver sharing of port 13 with port 15 is not possible.
  According to SAT solver sharing of port 13 with port 16 is not possible.
  According to SAT solver sharing of port 13 with port 17 is not possible.
  According to SAT solver sharing of port 13 with port 18 is not possible.
  According to SAT solver sharing of port 13 with port 19 is not possible.
  According to SAT solver sharing of port 13 with port 20 is not possible.
  According to SAT solver sharing of port 13 with port 21 is not possible.
  According to SAT solver sharing of port 13 with port 22 is not possible.
  According to SAT solver sharing of port 13 with port 23 is not possible.
  According to SAT solver sharing of port 13 with port 24 is not possible.
  According to SAT solver sharing of port 13 with port 25 is not possible.
  According to SAT solver sharing of port 13 with port 26 is not possible.
  According to SAT solver sharing of port 13 with port 27 is not possible.
  According to SAT solver sharing of port 13 with port 28 is not possible.
  According to SAT solver sharing of port 13 with port 29 is not possible.
  According to SAT solver sharing of port 13 with port 30 is not possible.
  According to SAT solver sharing of port 13 with port 31 is not possible.
  Merging port 45 into port 13.
  According to SAT solver sharing of port 13 with port 46 is not possible.
  According to SAT solver sharing of port 13 with port 47 is not possible.
  According to SAT solver sharing of port 14 with port 15 is not possible.
  According to SAT solver sharing of port 14 with port 16 is not possible.
  According to SAT solver sharing of port 14 with port 17 is not possible.
  According to SAT solver sharing of port 14 with port 18 is not possible.
  According to SAT solver sharing of port 14 with port 19 is not possible.
  According to SAT solver sharing of port 14 with port 20 is not possible.
  According to SAT solver sharing of port 14 with port 21 is not possible.
  According to SAT solver sharing of port 14 with port 22 is not possible.
  According to SAT solver sharing of port 14 with port 23 is not possible.
  According to SAT solver sharing of port 14 with port 24 is not possible.
  According to SAT solver sharing of port 14 with port 25 is not possible.
  According to SAT solver sharing of port 14 with port 26 is not possible.
  According to SAT solver sharing of port 14 with port 27 is not possible.
  According to SAT solver sharing of port 14 with port 28 is not possible.
  According to SAT solver sharing of port 14 with port 29 is not possible.
  According to SAT solver sharing of port 14 with port 30 is not possible.
  According to SAT solver sharing of port 14 with port 31 is not possible.
  Merging port 46 into port 14.
  According to SAT solver sharing of port 14 with port 47 is not possible.
  According to SAT solver sharing of port 15 with port 16 is not possible.
  According to SAT solver sharing of port 15 with port 17 is not possible.
  According to SAT solver sharing of port 15 with port 18 is not possible.
  According to SAT solver sharing of port 15 with port 19 is not possible.
  According to SAT solver sharing of port 15 with port 20 is not possible.
  According to SAT solver sharing of port 15 with port 21 is not possible.
  According to SAT solver sharing of port 15 with port 22 is not possible.
  According to SAT solver sharing of port 15 with port 23 is not possible.
  According to SAT solver sharing of port 15 with port 24 is not possible.
  According to SAT solver sharing of port 15 with port 25 is not possible.
  According to SAT solver sharing of port 15 with port 26 is not possible.
  According to SAT solver sharing of port 15 with port 27 is not possible.
  According to SAT solver sharing of port 15 with port 28 is not possible.
  According to SAT solver sharing of port 15 with port 29 is not possible.
  According to SAT solver sharing of port 15 with port 30 is not possible.
  According to SAT solver sharing of port 15 with port 31 is not possible.
  Merging port 47 into port 15.
  According to SAT solver sharing of port 16 with port 17 is not possible.
  According to SAT solver sharing of port 16 with port 18 is not possible.
  According to SAT solver sharing of port 16 with port 19 is not possible.
  According to SAT solver sharing of port 16 with port 20 is not possible.
  According to SAT solver sharing of port 16 with port 21 is not possible.
  According to SAT solver sharing of port 16 with port 22 is not possible.
  According to SAT solver sharing of port 16 with port 23 is not possible.
  According to SAT solver sharing of port 16 with port 24 is not possible.
  According to SAT solver sharing of port 16 with port 25 is not possible.
  According to SAT solver sharing of port 16 with port 26 is not possible.
  According to SAT solver sharing of port 16 with port 27 is not possible.
  According to SAT solver sharing of port 16 with port 28 is not possible.
  According to SAT solver sharing of port 16 with port 29 is not possible.
  According to SAT solver sharing of port 16 with port 30 is not possible.
  According to SAT solver sharing of port 16 with port 31 is not possible.
  According to SAT solver sharing of port 17 with port 18 is not possible.
  According to SAT solver sharing of port 17 with port 19 is not possible.
  According to SAT solver sharing of port 17 with port 20 is not possible.
  According to SAT solver sharing of port 17 with port 21 is not possible.
  According to SAT solver sharing of port 17 with port 22 is not possible.
  According to SAT solver sharing of port 17 with port 23 is not possible.
  According to SAT solver sharing of port 17 with port 24 is not possible.
  According to SAT solver sharing of port 17 with port 25 is not possible.
  According to SAT solver sharing of port 17 with port 26 is not possible.
  According to SAT solver sharing of port 17 with port 27 is not possible.
  According to SAT solver sharing of port 17 with port 28 is not possible.
  According to SAT solver sharing of port 17 with port 29 is not possible.
  According to SAT solver sharing of port 17 with port 30 is not possible.
  According to SAT solver sharing of port 17 with port 31 is not possible.
  According to SAT solver sharing of port 18 with port 19 is not possible.
  According to SAT solver sharing of port 18 with port 20 is not possible.
  According to SAT solver sharing of port 18 with port 21 is not possible.
  According to SAT solver sharing of port 18 with port 22 is not possible.
  According to SAT solver sharing of port 18 with port 23 is not possible.
  According to SAT solver sharing of port 18 with port 24 is not possible.
  According to SAT solver sharing of port 18 with port 25 is not possible.
  According to SAT solver sharing of port 18 with port 26 is not possible.
  According to SAT solver sharing of port 18 with port 27 is not possible.
  According to SAT solver sharing of port 18 with port 28 is not possible.
  According to SAT solver sharing of port 18 with port 29 is not possible.
  According to SAT solver sharing of port 18 with port 30 is not possible.
  According to SAT solver sharing of port 18 with port 31 is not possible.
  According to SAT solver sharing of port 19 with port 20 is not possible.
  According to SAT solver sharing of port 19 with port 21 is not possible.
  According to SAT solver sharing of port 19 with port 22 is not possible.
  According to SAT solver sharing of port 19 with port 23 is not possible.
  According to SAT solver sharing of port 19 with port 24 is not possible.
  According to SAT solver sharing of port 19 with port 25 is not possible.
  According to SAT solver sharing of port 19 with port 26 is not possible.
  According to SAT solver sharing of port 19 with port 27 is not possible.
  According to SAT solver sharing of port 19 with port 28 is not possible.
  According to SAT solver sharing of port 19 with port 29 is not possible.
  According to SAT solver sharing of port 19 with port 30 is not possible.
  According to SAT solver sharing of port 19 with port 31 is not possible.
  According to SAT solver sharing of port 20 with port 21 is not possible.
  According to SAT solver sharing of port 20 with port 22 is not possible.
  According to SAT solver sharing of port 20 with port 23 is not possible.
  According to SAT solver sharing of port 20 with port 24 is not possible.
  According to SAT solver sharing of port 20 with port 25 is not possible.
  According to SAT solver sharing of port 20 with port 26 is not possible.
  According to SAT solver sharing of port 20 with port 27 is not possible.
  According to SAT solver sharing of port 20 with port 28 is not possible.
  According to SAT solver sharing of port 20 with port 29 is not possible.
  According to SAT solver sharing of port 20 with port 30 is not possible.
  According to SAT solver sharing of port 20 with port 31 is not possible.
  According to SAT solver sharing of port 21 with port 22 is not possible.
  According to SAT solver sharing of port 21 with port 23 is not possible.
  According to SAT solver sharing of port 21 with port 24 is not possible.
  According to SAT solver sharing of port 21 with port 25 is not possible.
  According to SAT solver sharing of port 21 with port 26 is not possible.
  According to SAT solver sharing of port 21 with port 27 is not possible.
  According to SAT solver sharing of port 21 with port 28 is not possible.
  According to SAT solver sharing of port 21 with port 29 is not possible.
  According to SAT solver sharing of port 21 with port 30 is not possible.
  According to SAT solver sharing of port 21 with port 31 is not possible.
  According to SAT solver sharing of port 22 with port 23 is not possible.
  According to SAT solver sharing of port 22 with port 24 is not possible.
  According to SAT solver sharing of port 22 with port 25 is not possible.
  According to SAT solver sharing of port 22 with port 26 is not possible.
  According to SAT solver sharing of port 22 with port 27 is not possible.
  According to SAT solver sharing of port 22 with port 28 is not possible.
  According to SAT solver sharing of port 22 with port 29 is not possible.
  According to SAT solver sharing of port 22 with port 30 is not possible.
  According to SAT solver sharing of port 22 with port 31 is not possible.
  According to SAT solver sharing of port 23 with port 24 is not possible.
  According to SAT solver sharing of port 23 with port 25 is not possible.
  According to SAT solver sharing of port 23 with port 26 is not possible.
  According to SAT solver sharing of port 23 with port 27 is not possible.
  According to SAT solver sharing of port 23 with port 28 is not possible.
  According to SAT solver sharing of port 23 with port 29 is not possible.
  According to SAT solver sharing of port 23 with port 30 is not possible.
  According to SAT solver sharing of port 23 with port 31 is not possible.
  According to SAT solver sharing of port 24 with port 25 is not possible.
  According to SAT solver sharing of port 24 with port 26 is not possible.
  According to SAT solver sharing of port 24 with port 27 is not possible.
  According to SAT solver sharing of port 24 with port 28 is not possible.
  According to SAT solver sharing of port 24 with port 29 is not possible.
  According to SAT solver sharing of port 24 with port 30 is not possible.
  According to SAT solver sharing of port 24 with port 31 is not possible.
  According to SAT solver sharing of port 25 with port 26 is not possible.
  According to SAT solver sharing of port 25 with port 27 is not possible.
  According to SAT solver sharing of port 25 with port 28 is not possible.
  According to SAT solver sharing of port 25 with port 29 is not possible.
  According to SAT solver sharing of port 25 with port 30 is not possible.
  According to SAT solver sharing of port 25 with port 31 is not possible.
  According to SAT solver sharing of port 26 with port 27 is not possible.
  According to SAT solver sharing of port 26 with port 28 is not possible.
  According to SAT solver sharing of port 26 with port 29 is not possible.
  According to SAT solver sharing of port 26 with port 30 is not possible.
  According to SAT solver sharing of port 26 with port 31 is not possible.
  According to SAT solver sharing of port 27 with port 28 is not possible.
  According to SAT solver sharing of port 27 with port 29 is not possible.
  According to SAT solver sharing of port 27 with port 30 is not possible.
  According to SAT solver sharing of port 27 with port 31 is not possible.
  According to SAT solver sharing of port 28 with port 29 is not possible.
  According to SAT solver sharing of port 28 with port 30 is not possible.
  According to SAT solver sharing of port 28 with port 31 is not possible.
  According to SAT solver sharing of port 29 with port 30 is not possible.
  According to SAT solver sharing of port 29 with port 31 is not possible.
  According to SAT solver sharing of port 30 with port 31 is not possible.

7.8. Executing OPT_MEM_WIDEN pass (optimize memories where all ports are wide).
Performed a total of 0 transformations.

7.9. Executing OPT_CLEAN pass (remove unused cells and wires).
Finding unused cells or wires in module \alapeno_tile_ctrl..

7.10. Executing MEMORY_COLLECT pass (generating $mem cells).

8. Executing OPT pass (performing simple optimizations).

8.1. Executing OPT_EXPR pass (perform const folding).
Optimizing module alapeno_tile_ctrl.
<suppressed ~16 debug messages>

8.2. Executing OPT_MERGE pass (detect identical cells).
Finding identical cells in module `\alapeno_tile_ctrl'.
Computing hashes of 371 cells of `\alapeno_tile_ctrl'.
Finding duplicate cells in `\alapeno_tile_ctrl'.
Computing hashes of 340 cells of `\alapeno_tile_ctrl'.
Finding duplicate cells in `\alapeno_tile_ctrl'.
<suppressed ~93 debug messages>
Removed a total of 31 cells.

8.3. Executing OPT_MUXTREE pass (detect dead branches in mux trees).
Running muxtree optimizer on module \alapeno_tile_ctrl..
  Creating internal representation of mux trees.
  Evaluating internal representation of mux trees.
      Replacing known input bits on port B of cell $auto$memory_share.cc:454:consolidate_wr_using_sat$14879: $1001y [0] -> 1'1
      Replacing known input bits on port B of cell $auto$memory_share.cc:454:consolidate_wr_using_sat$14871: $1001y [0] -> 1'1
      Replacing known input bits on port B of cell $auto$memory_share.cc:454:consolidate_wr_using_sat$14887: $1001y [0] -> 1'1
      Replacing known input bits on port B of cell $auto$memory_share.cc:454:consolidate_wr_using_sat$14855: $1001y [0] -> 1'1
      Replacing known input bits on port B of cell $auto$memory_share.cc:454:consolidate_wr_using_sat$14847: $1001y [0] -> 1'1
      Replacing known input bits on port B of cell $auto$memory_share.cc:454:consolidate_wr_using_sat$14895: $1001y [0] -> 1'1
      Replacing known input bits on port B of cell $auto$memory_share.cc:454:consolidate_wr_using_sat$14903: $1001y [0] -> 1'1
      Replacing known input bits on port B of cell $auto$memory_share.cc:454:consolidate_wr_using_sat$14959: $1001y [0] -> 1'1
      Replacing known input bits on port B of cell $auto$memory_share.cc:454:consolidate_wr_using_sat$14863: $1001y [0] -> 1'1
      Replacing known input bits on port B of cell $auto$memory_share.cc:454:consolidate_wr_using_sat$14967: $1001y [0] -> 1'1
      Replacing known input bits on port B of cell $auto$memory_share.cc:454:consolidate_wr_using_sat$14943: $1001y [0] -> 1'1
      Replacing known input bits on port B of cell $auto$memory_share.cc:454:consolidate_wr_using_sat$14911: $1001y [0] -> 1'1
      Replacing known input bits on port B of cell $auto$memory_share.cc:454:consolidate_wr_using_sat$14951: $1001y [0] -> 1'1
      Replacing known input bits on port B of cell $auto$memory_share.cc:454:consolidate_wr_using_sat$14919: $1001y [0] -> 1'1
      Replacing known input bits on port B of cell $auto$memory_share.cc:454:consolidate_wr_using_sat$14927: $1001y [0] -> 1'1
      Replacing known input bits on port B of cell $auto$memory_share.cc:454:consolidate_wr_using_sat$14935: $1001y [0] -> 1'1
  Analyzing evaluation results.
Removed 0 multiplexer ports.
<suppressed ~359 debug messages>

8.4. Executing OPT_REDUCE pass (consolidate $*mux and $reduce_* inputs).
  Optimizing cells in module \alapeno_tile_ctrl.
Performed a total of 0 changes.

8.5. Executing OPT_MERGE pass (detect identical cells).
Finding identical cells in module `\alapeno_tile_ctrl'.
Computing hashes of 340 cells of `\alapeno_tile_ctrl'.
Finding duplicate cells in `\alapeno_tile_ctrl'.
Computing hashes of 325 cells of `\alapeno_tile_ctrl'.
Finding duplicate cells in `\alapeno_tile_ctrl'.
<suppressed ~45 debug messages>
Removed a total of 15 cells.

8.6. Executing OPT_DFF pass (perform DFF optimizations).

8.7. Executing OPT_CLEAN pass (remove unused cells and wires).
Finding unused cells or wires in module \alapeno_tile_ctrl..
Removed 0 unused cells and 62 unused wires.
<suppressed ~1 debug messages>

8.8. Executing OPT_EXPR pass (perform const folding).
Optimizing module alapeno_tile_ctrl.

8.9. Rerunning OPT passes. (Maybe there is more to do..)

8.10. Executing OPT_MUXTREE pass (detect dead branches in mux trees).
Running muxtree optimizer on module \alapeno_tile_ctrl..
  Creating internal representation of mux trees.
  Evaluating internal representation of mux trees.
  Analyzing evaluation results.
Removed 0 multiplexer ports.
<suppressed ~329 debug messages>

8.11. Executing OPT_REDUCE pass (consolidate $*mux and $reduce_* inputs).
  Optimizing cells in module \alapeno_tile_ctrl.
Performed a total of 0 changes.

8.12. Executing OPT_MERGE pass (detect identical cells).
Finding identical cells in module `\alapeno_tile_ctrl'.
Computing hashes of 325 cells of `\alapeno_tile_ctrl'.
Finding duplicate cells in `\alapeno_tile_ctrl'.
Removed a total of 0 cells.

8.13. Executing OPT_DFF pass (perform DFF optimizations).

8.14. Executing OPT_CLEAN pass (remove unused cells and wires).
Finding unused cells or wires in module \alapeno_tile_ctrl..

8.15. Executing OPT_EXPR pass (perform const folding).
Optimizing module alapeno_tile_ctrl.

8.16. Finished fast OPT passes. (There is nothing left to do.)

9. Executing TECHMAP pass (map to technology primitives).

9.1. Executing Verilog-2005 frontend: /opt/oss-cad-suite/lib/../share/yosys/techmap.v
Parsing Verilog input from `/opt/oss-cad-suite/lib/../share/yosys/techmap.v' to AST representation.
Generating RTLIL representation for module `\_90_simplemap_bool_ops'.
Generating RTLIL representation for module `\_90_simplemap_reduce_ops'.
Generating RTLIL representation for module `\_90_simplemap_logic_ops'.
Generating RTLIL representation for module `\_90_simplemap_compare_ops'.
Generating RTLIL representation for module `\_90_simplemap_various'.
Generating RTLIL representation for module `\_90_simplemap_registers'.
Generating RTLIL representation for module `\_90_shift_ops_shr_shl_sshl_sshr'.
Generating RTLIL representation for module `\_90_shift_shiftx'.
Generating RTLIL representation for module `\_90_fa'.
Generating RTLIL representation for module `\_90_lcu_brent_kung'.
Generating RTLIL representation for module `\_90_alu'.
Generating RTLIL representation for module `\_90_macc'.
Generating RTLIL representation for module `\_90_alumacc'.
Generating RTLIL representation for module `$__div_mod_u'.
Generating RTLIL representation for module `$__div_mod_trunc'.
Generating RTLIL representation for module `\_90_div'.
Generating RTLIL representation for module `\_90_mod'.
Generating RTLIL representation for module `$__div_mod_floor'.
Generating RTLIL representation for module `\_90_divfloor'.
Generating RTLIL representation for module `\_90_modfloor'.
Generating RTLIL representation for module `\_90_pow'.
Generating RTLIL representation for module `\_90_demux'.
Generating RTLIL representation for module `\_90_lut'.
Generating RTLIL representation for module `$connect'.
Generating RTLIL representation for module `$input_port'.
Successfully finished Verilog frontend.

9.2. Continuing TECHMAP pass.
Using extmapper simplemap for cells of type $mux.
Using extmapper simplemap for cells of type $or.
Using extmapper simplemap for cells of type $reduce_bool.
Using extmapper simplemap for cells of type $sdffe.
Using extmapper simplemap for cells of type $ne.
Using extmapper simplemap for cells of type $reduce_and.
Using extmapper simplemap for cells of type $reduce_or.
Running "alumacc" on wrapper $extern:wrap:$add:Y_WIDTH=32:B_SIGNED=0:A_SIGNED=0:B_WIDTH=32:A_WIDTH=32:394426c56d1a028ba8fdd5469b163e04011def47.
Using template $extern:wrap:$add:Y_WIDTH=32:B_SIGNED=0:A_SIGNED=0:B_WIDTH=32:A_WIDTH=32:394426c56d1a028ba8fdd5469b163e04011def47 for cells of type $extern:wrap:$add:Y_WIDTH=32:B_SIGNED=0:A_SIGNED=0:B_WIDTH=32:A_WIDTH=32:394426c56d1a028ba8fdd5469b163e04011def47.
Running "alumacc" on wrapper $extern:wrap:$add:Y_WIDTH=257:B_SIGNED=0:A_SIGNED=0:B_WIDTH=257:A_WIDTH=257:394426c56d1a028ba8fdd5469b163e04011def47.
Using template $extern:wrap:$add:Y_WIDTH=257:B_SIGNED=0:A_SIGNED=0:B_WIDTH=257:A_WIDTH=257:394426c56d1a028ba8fdd5469b163e04011def47 for cells of type $extern:wrap:$add:Y_WIDTH=257:B_SIGNED=0:A_SIGNED=0:B_WIDTH=257:A_WIDTH=257:394426c56d1a028ba8fdd5469b163e04011def47.
Using extmapper simplemap for cells of type $eq.
Running "alumacc" on wrapper $extern:wrap:$mul:Y_WIDTH=128:B_SIGNED=1:A_SIGNED=1:B_WIDTH=128:A_WIDTH=128:394426c56d1a028ba8fdd5469b163e04011def47.
Using template $extern:wrap:$mul:Y_WIDTH=128:B_SIGNED=1:A_SIGNED=1:B_WIDTH=128:A_WIDTH=128:394426c56d1a028ba8fdd5469b163e04011def47 for cells of type $extern:wrap:$mul:Y_WIDTH=128:B_SIGNED=1:A_SIGNED=1:B_WIDTH=128:A_WIDTH=128:394426c56d1a028ba8fdd5469b163e04011def47.
Running "alumacc" on wrapper $extern:wrap:$sub:Y_WIDTH=65:B_SIGNED=0:A_SIGNED=0:B_WIDTH=65:A_WIDTH=65:394426c56d1a028ba8fdd5469b163e04011def47.
Using template $extern:wrap:$sub:Y_WIDTH=65:B_SIGNED=0:A_SIGNED=0:B_WIDTH=65:A_WIDTH=65:394426c56d1a028ba8fdd5469b163e04011def47 for cells of type $extern:wrap:$sub:Y_WIDTH=65:B_SIGNED=0:A_SIGNED=0:B_WIDTH=65:A_WIDTH=65:394426c56d1a028ba8fdd5469b163e04011def47.
Running "alumacc" on wrapper $extern:wrap:$add:Y_WIDTH=65:B_SIGNED=0:A_SIGNED=0:B_WIDTH=65:A_WIDTH=65:394426c56d1a028ba8fdd5469b163e04011def47.
Using template $extern:wrap:$add:Y_WIDTH=65:B_SIGNED=0:A_SIGNED=0:B_WIDTH=65:A_WIDTH=65:394426c56d1a028ba8fdd5469b163e04011def47 for cells of type $extern:wrap:$add:Y_WIDTH=65:B_SIGNED=0:A_SIGNED=0:B_WIDTH=65:A_WIDTH=65:394426c56d1a028ba8fdd5469b163e04011def47.
Using extmapper simplemap for cells of type $logic_not.
Using extmapper simplemap for cells of type $logic_or.
Using extmapper simplemap for cells of type $logic_and.
Using extmapper simplemap for cells of type $pmux.
Using template $paramod$fbc7873bff55778c0b3173955b7e4bce1d9d6834\_90_alu for cells of type $alu.
Using extmapper maccmap for cells of type $macc_v2.
  add { \u_matrix.hold_a [63] \u_matrix.hold_a [63] \u_matrix.hold_a [63] \u_matrix.hold_a [63] \u_matrix.hold_a [63] \u_matrix.hold_a [63] \u_matrix.hold_a [63] \u_matrix.hold_a [63] \u_matrix.hold_a [63] \u_matrix.hold_a [63] \u_matrix.hold_a [63] \u_matrix.hold_a [63] \u_matrix.hold_a [63] \u_matrix.hold_a [63] \u_matrix.hold_a [63] \u_matrix.hold_a [63] \u_matrix.hold_a [63] \u_matrix.hold_a [63] \u_matrix.hold_a [63] \u_matrix.hold_a [63] \u_matrix.hold_a [63] \u_matrix.hold_a [63] \u_matrix.hold_a [63] \u_matrix.hold_a [63] \u_matrix.hold_a [63] \u_matrix.hold_a [63] \u_matrix.hold_a [63] \u_matrix.hold_a [63] \u_matrix.hold_a [63] \u_matrix.hold_a [63] \u_matrix.hold_a [63] \u_matrix.hold_a [63] \u_matrix.hold_a [63] \u_matrix.hold_a [63] \u_matrix.hold_a [63] \u_matrix.hold_a [63] \u_matrix.hold_a [63] \u_matrix.hold_a [63] \u_matrix.hold_a [63] \u_matrix.hold_a [63] \u_matrix.hold_a [63] \u_matrix.hold_a [63] \u_matrix.hold_a [63] \u_matrix.hold_a [63] \u_matrix.hold_a [63] \u_matrix.hold_a [63] \u_matrix.hold_a [63] \u_matrix.hold_a [63] \u_matrix.hold_a [63] \u_matrix.hold_a [63] \u_matrix.hold_a [63] \u_matrix.hold_a [63] \u_matrix.hold_a [63] \u_matrix.hold_a [63] \u_matrix.hold_a [63] \u_matrix.hold_a [63] \u_matrix.hold_a [63] \u_matrix.hold_a [63] \u_matrix.hold_a [63] \u_matrix.hold_a [63] \u_matrix.hold_a [63] \u_matrix.hold_a [63] \u_matrix.hold_a [63] \u_matrix.hold_a [63] \u_matrix.hold_a } * { \b_rdata [63] \b_rdata [63] \b_rdata [63] \b_rdata [63] \b_rdata [63] \b_rdata [63] \b_rdata [63] \b_rdata [63] \b_rdata [63] \b_rdata [63] \b_rdata [63] \b_rdata [63] \b_rdata [63] \b_rdata [63] \b_rdata [63] \b_rdata [63] \b_rdata [63] \b_rdata [63] \b_rdata [63] \b_rdata [63] \b_rdata [63] \b_rdata [63] \b_rdata [63] \b_rdata [63] \b_rdata [63] \b_rdata [63] \b_rdata [63] \b_rdata [63] \b_rdata [63] \b_rdata [63] \b_rdata [63] \b_rdata [63] \b_rdata [63] \b_rdata [63] \b_rdata [63] \b_rdata [63] \b_rdata [63] \b_rdata [63] \b_rdata [63] \b_rdata [63] \b_rdata [63] \b_rdata [63] \b_rdata [63] \b_rdata [63] \b_rdata [63] \b_rdata [63] \b_rdata [63] \b_rdata [63] \b_rdata [63] \b_rdata [63] \b_rdata [63] \b_rdata [63] \b_rdata [63] \b_rdata [63] \b_rdata [63] \b_rdata [63] \b_rdata [63] \b_rdata [63] \b_rdata [63] \b_rdata [63] \b_rdata [63] \b_rdata [63] \b_rdata [63] \b_rdata [63] \b_rdata [63:0] } (128x128 bits, signed)
Using template $paramod$f0996217759eabeb975c3dbc9d355b5030d99993\_90_alu for cells of type $alu.
Using template $paramod$eea3ba9f46bf8f651c66fe7eea33370a4cb078d8\_90_alu for cells of type $alu.
Using template $paramod\_90_fa\WIDTH=32'00000000000000000000000010000000 for cells of type $fa.
Using template $paramod$7e7bdf4b0adff8e15b2cb24084cd1b911e7a73b3\_90_alu for cells of type $alu.
Using extmapper simplemap for cells of type $and.
Using extmapper simplemap for cells of type $not.
Using extmapper simplemap for cells of type $pos.
Using template $paramod\_90_fa\WIDTH=32'00000000000000000000000000100000 for cells of type $fa.
Using template $paramod\_90_lcu_brent_kung\WIDTH=32'00000000000000000000000000100000 for cells of type $lcu.
Using extmapper simplemap for cells of type $xor.
Using template $paramod\_90_fa\WIDTH=32'00000000000000000000000001000001 for cells of type $fa.
Using template $paramod\_90_lcu_brent_kung\WIDTH=32'00000000000000000000000001000001 for cells of type $lcu.
Using template $paramod\_90_fa\WIDTH=32'00000000000000000000000100000001 for cells of type $fa.
Using template $paramod\_90_lcu_brent_kung\WIDTH=32'00000000000000000000000100000001 for cells of type $lcu.
Using template $paramod\_90_lcu_brent_kung\WIDTH=32'00000000000000000000000010000000 for cells of type $lcu.
No more expansions possible.
<suppressed ~19229 debug messages>

10. Executing OPT pass (performing simple optimizations).

10.1. Executing OPT_EXPR pass (perform const folding).
Optimizing module alapeno_tile_ctrl.
<suppressed ~84301 debug messages>

10.2. Executing OPT_MERGE pass (detect identical cells).
Finding identical cells in module `\alapeno_tile_ctrl'.
Computing hashes of 67623 cells of `\alapeno_tile_ctrl'.
Finding duplicate cells in `\alapeno_tile_ctrl'.
Computing hashes of 61047 cells of `\alapeno_tile_ctrl'.
Finding duplicate cells in `\alapeno_tile_ctrl'.
Computing hashes of 57407 cells of `\alapeno_tile_ctrl'.
Finding duplicate cells in `\alapeno_tile_ctrl'.
Computing hashes of 54687 cells of `\alapeno_tile_ctrl'.
Finding duplicate cells in `\alapeno_tile_ctrl'.
Computing hashes of 53293 cells of `\alapeno_tile_ctrl'.
Finding duplicate cells in `\alapeno_tile_ctrl'.
Computing hashes of 51867 cells of `\alapeno_tile_ctrl'.
Finding duplicate cells in `\alapeno_tile_ctrl'.
Computing hashes of 50464 cells of `\alapeno_tile_ctrl'.
Finding duplicate cells in `\alapeno_tile_ctrl'.
Computing hashes of 49737 cells of `\alapeno_tile_ctrl'.
Finding duplicate cells in `\alapeno_tile_ctrl'.
Computing hashes of 49085 cells of `\alapeno_tile_ctrl'.
Finding duplicate cells in `\alapeno_tile_ctrl'.
Computing hashes of 48462 cells of `\alapeno_tile_ctrl'.
Finding duplicate cells in `\alapeno_tile_ctrl'.
Computing hashes of 48156 cells of `\alapeno_tile_ctrl'.
Finding duplicate cells in `\alapeno_tile_ctrl'.
Computing hashes of 47834 cells of `\alapeno_tile_ctrl'.
Finding duplicate cells in `\alapeno_tile_ctrl'.
Computing hashes of 47512 cells of `\alapeno_tile_ctrl'.
Finding duplicate cells in `\alapeno_tile_ctrl'.
Computing hashes of 47351 cells of `\alapeno_tile_ctrl'.
Finding duplicate cells in `\alapeno_tile_ctrl'.
Computing hashes of 47253 cells of `\alapeno_tile_ctrl'.
Finding duplicate cells in `\alapeno_tile_ctrl'.
Computing hashes of 47155 cells of `\alapeno_tile_ctrl'.
Finding duplicate cells in `\alapeno_tile_ctrl'.
Computing hashes of 47106 cells of `\alapeno_tile_ctrl'.
Finding duplicate cells in `\alapeno_tile_ctrl'.
Computing hashes of 47014 cells of `\alapeno_tile_ctrl'.
Finding duplicate cells in `\alapeno_tile_ctrl'.
Computing hashes of 46922 cells of `\alapeno_tile_ctrl'.
Finding duplicate cells in `\alapeno_tile_ctrl'.
Computing hashes of 46876 cells of `\alapeno_tile_ctrl'.
Finding duplicate cells in `\alapeno_tile_ctrl'.
Computing hashes of 46848 cells of `\alapeno_tile_ctrl'.
Finding duplicate cells in `\alapeno_tile_ctrl'.
Computing hashes of 46820 cells of `\alapeno_tile_ctrl'.
Finding duplicate cells in `\alapeno_tile_ctrl'.
Computing hashes of 46806 cells of `\alapeno_tile_ctrl'.
Finding duplicate cells in `\alapeno_tile_ctrl'.
<suppressed ~62451 debug messages>
Removed a total of 20817 cells.

10.3. Executing OPT_MUXTREE pass (detect dead branches in mux trees).
Running muxtree optimizer on module \alapeno_tile_ctrl..
  Creating internal representation of mux trees.
  No muxes found in this module.
Removed 0 multiplexer ports.

10.4. Executing OPT_REDUCE pass (consolidate $*mux and $reduce_* inputs).
  Optimizing cells in module \alapeno_tile_ctrl.
Performed a total of 0 changes.

10.5. Executing OPT_MERGE pass (detect identical cells).
Finding identical cells in module `\alapeno_tile_ctrl'.
Computing hashes of 46806 cells of `\alapeno_tile_ctrl'.
Finding duplicate cells in `\alapeno_tile_ctrl'.
Removed a total of 0 cells.

10.6. Executing OPT_DFF pass (perform DFF optimizations).

10.7. Executing OPT_CLEAN pass (remove unused cells and wires).
Finding unused cells or wires in module \alapeno_tile_ctrl..
Removed 904 unused cells and 15514 unused wires.
<suppressed ~905 debug messages>

10.8. Executing OPT_EXPR pass (perform const folding).
Optimizing module alapeno_tile_ctrl.
<suppressed ~83 debug messages>

10.9. Rerunning OPT passes. (Maybe there is more to do..)

10.10. Executing OPT_MUXTREE pass (detect dead branches in mux trees).
Running muxtree optimizer on module \alapeno_tile_ctrl..
  Creating internal representation of mux trees.
  No muxes found in this module.
Removed 0 multiplexer ports.

10.11. Executing OPT_REDUCE pass (consolidate $*mux and $reduce_* inputs).
  Optimizing cells in module \alapeno_tile_ctrl.
Performed a total of 0 changes.

10.12. Executing OPT_MERGE pass (detect identical cells).
Finding identical cells in module `\alapeno_tile_ctrl'.
Computing hashes of 45819 cells of `\alapeno_tile_ctrl'.
Finding duplicate cells in `\alapeno_tile_ctrl'.
Computing hashes of 45716 cells of `\alapeno_tile_ctrl'.
Finding duplicate cells in `\alapeno_tile_ctrl'.
Computing hashes of 45590 cells of `\alapeno_tile_ctrl'.
Finding duplicate cells in `\alapeno_tile_ctrl'.
Computing hashes of 45324 cells of `\alapeno_tile_ctrl'.
Finding duplicate cells in `\alapeno_tile_ctrl'.
Computing hashes of 44960 cells of `\alapeno_tile_ctrl'.
Finding duplicate cells in `\alapeno_tile_ctrl'.
Computing hashes of 44610 cells of `\alapeno_tile_ctrl'.
Finding duplicate cells in `\alapeno_tile_ctrl'.
Computing hashes of 44386 cells of `\alapeno_tile_ctrl'.
Finding duplicate cells in `\alapeno_tile_ctrl'.
Computing hashes of 44302 cells of `\alapeno_tile_ctrl'.
Finding duplicate cells in `\alapeno_tile_ctrl'.
Computing hashes of 44288 cells of `\alapeno_tile_ctrl'.
Finding duplicate cells in `\alapeno_tile_ctrl'.
<suppressed ~4593 debug messages>
Removed a total of 1531 cells.

10.13. Executing OPT_DFF pass (perform DFF optimizations).

10.14. Executing OPT_CLEAN pass (remove unused cells and wires).
Finding unused cells or wires in module \alapeno_tile_ctrl..
Removed 0 unused cells and 105 unused wires.
<suppressed ~1 debug messages>

10.15. Executing OPT_EXPR pass (perform const folding).
Optimizing module alapeno_tile_ctrl.

10.16. Rerunning OPT passes. (Maybe there is more to do..)

10.17. Executing OPT_MUXTREE pass (detect dead branches in mux trees).
Running muxtree optimizer on module \alapeno_tile_ctrl..
  Creating internal representation of mux trees.
  No muxes found in this module.
Removed 0 multiplexer ports.

10.18. Executing OPT_REDUCE pass (consolidate $*mux and $reduce_* inputs).
  Optimizing cells in module \alapeno_tile_ctrl.
Performed a total of 0 changes.

10.19. Executing OPT_MERGE pass (detect identical cells).
Finding identical cells in module `\alapeno_tile_ctrl'.
Computing hashes of 44288 cells of `\alapeno_tile_ctrl'.
Finding duplicate cells in `\alapeno_tile_ctrl'.
Removed a total of 0 cells.

10.20. Executing OPT_DFF pass (perform DFF optimizations).

10.21. Executing OPT_CLEAN pass (remove unused cells and wires).
Finding unused cells or wires in module \alapeno_tile_ctrl..

10.22. Executing OPT_EXPR pass (perform const folding).
Optimizing module alapeno_tile_ctrl.

10.23. Finished fast OPT passes. (There is nothing left to do.)

11. Printing statistics.

=== alapeno_tile_ctrl ===

        +----------Local Count, excluding submodules.
        | 
     4904 wires
   111731 wire bits
       57 public wires
     2349 public wire bits
       13 ports
      591 port bits
    44288 cells
    18957   $_AND_
     4251   $_MUX_
      108   $_NOT_
     7404   $_OR_
      551   $_SDFFE_PP0P_
    13016   $_XOR_
        1   $mem_v2

End of script. Logfile hash: 0da3602271, time: 10.75s, user: 12.57s, system: 0.61s, MEM: 312.61 MB peak
Yosys 0.69+187 (git sha1 2f08661dd, Release, Clang /usr/bin/clang++ 21.1.8)
Time spent: 34% 25x opt_expr (4 sec), 14% 18x opt_clean (1 sec), ...
